
/*Dump20190423.sql */

-- MySQL dump 10.13  Distrib 5.7.25, for Linux (x86_64)
--
-- Host: 127.0.0.1    Database: cpa
-- ------------------------------------------------------
-- Server version	5.7.25-0ubuntu0.18.04.2

/*!40101 SET @OLD_CHARACTER_SET_CLIENT=@@CHARACTER_SET_CLIENT */;
/*!40101 SET @OLD_CHARACTER_SET_RESULTS=@@CHARACTER_SET_RESULTS */;
/*!40101 SET @OLD_COLLATION_CONNECTION=@@COLLATION_CONNECTION */;
/*!40101 SET NAMES utf8 */;
/*!40103 SET @OLD_TIME_ZONE=@@TIME_ZONE */;
/*!40103 SET TIME_ZONE='+00:00' */;
/*!40014 SET @OLD_UNIQUE_CHECKS=@@UNIQUE_CHECKS, UNIQUE_CHECKS=0 */;
/*!40014 SET @OLD_FOREIGN_KEY_CHECKS=@@FOREIGN_KEY_CHECKS, FOREIGN_KEY_CHECKS=0 */;
/*!40101 SET @OLD_SQL_MODE=@@SQL_MODE, SQL_MODE='NO_AUTO_VALUE_ON_ZERO' */;
/*!40111 SET @OLD_SQL_NOTES=@@SQL_NOTES, SQL_NOTES=0 */;

--
-- Table structure for table `complemento`
--

DROP TABLE IF EXISTS `complemento`;
/*!40101 SET @saved_cs_client     = @@character_set_client */;
/*!40101 SET character_set_client = utf8 */;
CREATE TABLE `complemento` (
  `ID_COMPLEMENTO` int(11) NOT NULL AUTO_INCREMENT,
  `ID_PERGUNTA` int(11) NOT NULL,
  `ID_RESPOSTA` int(11) NOT NULL,
  `DESCRICAO_PERGUNTA` varchar(100) NOT NULL,
  `DATA_INCLUSAO` datetime DEFAULT NULL,
  PRIMARY KEY (`ID_COMPLEMENTO`),
  KEY `FK_COMP_ID_PERGUNTA` (`ID_PERGUNTA`),
  KEY `FK_RESP_ID_RESPOSTA` (`ID_RESPOSTA`),
  CONSTRAINT `FK_COMP_ID_PERGUNTA` FOREIGN KEY (`ID_PERGUNTA`) REFERENCES `pergunta` (`ID_PERGUNTA`),
  CONSTRAINT `FK_RESP_ID_RESPOSTA` FOREIGN KEY (`ID_RESPOSTA`) REFERENCES `resposta` (`ID_RESPOSTA`)
) ENGINE=InnoDB AUTO_INCREMENT=4001 DEFAULT CHARSET=utf8;
/*!40101 SET character_set_client = @saved_cs_client */;

--
-- Dumping data for table `complemento`
--

LOCK TABLES `complemento` WRITE;
/*!40000 ALTER TABLE `complemento` DISABLE KEYS */;
INSERT INTO `complemento` VALUES (1,378,118,'Prof.','2019-04-19 02:48:32'),(2,1204,1254,'Mrs.','2019-04-19 02:48:32'),(3,815,2412,'Prof.','2019-04-19 02:48:32'),(4,1775,220,'Prof.','2019-04-19 02:48:32'),(5,925,2153,'Prof.','2019-04-19 02:48:33'),(6,1876,3495,'Dr.','2019-04-19 02:48:33'),(7,271,3429,'Dr.','2019-04-19 02:48:33'),(8,1528,3923,'Mrs.','2019-04-19 02:48:33'),(9,186,3052,'Mrs.','2019-04-19 02:48:33'),(10,1117,514,'Mrs.','2019-04-19 02:48:33'),(11,1722,3229,'Prof.','2019-04-19 02:48:33'),(12,1904,895,'Prof.','2019-04-19 02:48:34'),(13,865,77,'Prof.','2019-04-19 02:48:34'),(14,1132,2818,'Dr.','2019-04-19 02:48:34'),(15,1542,133,'Miss','2019-04-19 02:48:34'),(16,32,1122,'Ms.','2019-04-19 02:48:34'),(17,1985,441,'Ms.','2019-04-19 02:48:34'),(18,1755,3562,'Mr.','2019-04-19 02:48:34'),(19,871,3005,'Mr.','2019-04-19 02:48:34'),(20,813,1883,'Ms.','2019-04-19 02:48:34'),(21,258,3715,'Ms.','2019-04-19 02:48:35'),(22,1329,2884,'Mr.','2019-04-19 02:48:35'),(23,610,2490,'Dr.','2019-04-19 02:48:35'),(24,1726,2769,'Mr.','2019-04-19 02:48:35'),(25,732,684,'Prof.','2019-04-19 02:48:35'),(26,580,2179,'Miss','2019-04-19 02:48:35'),(27,1650,3841,'Dr.','2019-04-19 02:48:35'),(28,367,868,'Ms.','2019-04-19 02:48:35'),(29,1380,2724,'Dr.','2019-04-19 02:48:35'),(30,1916,1058,'Prof.','2019-04-19 02:48:35'),(31,1647,2456,'Mr.','2019-04-19 02:48:36'),(32,477,1504,'Mr.','2019-04-19 02:48:36'),(33,257,259,'Dr.','2019-04-19 02:48:36'),(34,1568,1601,'Miss','2019-04-19 02:48:36'),(35,460,2105,'Ms.','2019-04-19 02:48:36'),(36,1526,136,'Prof.','2019-04-19 02:48:36'),(37,629,2264,'Mr.','2019-04-19 02:48:36'),(38,496,2738,'Dr.','2019-04-19 02:48:36'),(39,1306,3680,'Dr.','2019-04-19 02:48:36'),(40,869,276,'Ms.','2019-04-19 02:48:37'),(41,271,371,'Dr.','2019-04-19 02:48:37'),(42,709,1160,'Prof.','2019-04-19 02:48:37'),(43,1827,2227,'Prof.','2019-04-19 02:48:37'),(44,199,3848,'Prof.','2019-04-19 02:48:37'),(45,1042,1514,'Ms.','2019-04-19 02:48:37'),(46,120,1571,'Mr.','2019-04-19 02:48:37'),(47,1329,945,'Prof.','2019-04-19 02:48:37'),(48,993,3896,'Miss','2019-04-19 02:48:37'),(49,532,1822,'Miss','2019-04-19 02:48:37'),(50,1652,3165,'Dr.','2019-04-19 02:48:38'),(51,1874,289,'Miss','2019-04-19 02:48:38'),(52,1525,3397,'Ms.','2019-04-19 02:48:38'),(53,1649,2504,'Ms.','2019-04-19 02:48:38'),(54,1076,2134,'Dr.','2019-04-19 02:48:38'),(55,793,2720,'Ms.','2019-04-19 02:48:38'),(56,1033,1667,'Prof.','2019-04-19 02:48:38'),(57,841,3344,'Mrs.','2019-04-19 02:48:38'),(58,1877,1115,'Dr.','2019-04-19 02:48:38'),(59,1038,3468,'Dr.','2019-04-19 02:48:39'),(60,137,2090,'Mr.','2019-04-19 02:48:39'),(61,1896,1332,'Ms.','2019-04-19 02:48:39'),(62,259,708,'Prof.','2019-04-19 02:48:39'),(63,691,3991,'Prof.','2019-04-19 02:48:39'),(64,1454,218,'Dr.','2019-04-19 02:48:39'),(65,790,987,'Mrs.','2019-04-19 02:48:39'),(66,1028,3650,'Ms.','2019-04-19 02:48:39'),(67,285,3653,'Prof.','2019-04-19 02:48:39'),(68,185,1251,'Mr.','2019-04-19 02:48:40'),(69,1228,3809,'Prof.','2019-04-19 02:48:40'),(70,820,532,'Ms.','2019-04-19 02:48:40'),(71,389,571,'Mr.','2019-04-19 02:48:40'),(72,792,3440,'Mr.','2019-04-19 02:48:40'),(73,871,364,'Prof.','2019-04-19 02:48:40'),(74,504,2696,'Mrs.','2019-04-19 02:48:40'),(75,158,1800,'Miss','2019-04-19 02:48:41'),(76,1042,1929,'Prof.','2019-04-19 02:48:41'),(77,1507,1808,'Dr.','2019-04-19 02:48:41'),(78,370,3211,'Dr.','2019-04-19 02:48:41'),(79,1305,2973,'Mrs.','2019-04-19 02:48:41'),(80,870,1632,'Mrs.','2019-04-19 02:48:41'),(81,663,2477,'Dr.','2019-04-19 02:48:41'),(82,1859,3829,'Dr.','2019-04-19 02:48:41'),(83,1774,1205,'Mr.','2019-04-19 02:48:41'),(84,1052,3569,'Ms.','2019-04-19 02:48:41'),(85,1158,2049,'Mr.','2019-04-19 02:48:41'),(86,785,2219,'Prof.','2019-04-19 02:48:42'),(87,351,207,'Miss','2019-04-19 02:48:42'),(88,1393,20,'Dr.','2019-04-19 02:48:42'),(89,869,3708,'Dr.','2019-04-19 02:48:42'),(90,1809,749,'Mr.','2019-04-19 02:48:42'),(91,913,3932,'Prof.','2019-04-19 02:48:42'),(92,763,1551,'Dr.','2019-04-19 02:48:42'),(93,1445,2889,'Dr.','2019-04-19 02:48:42'),(94,1568,2542,'Prof.','2019-04-19 02:48:42'),(95,1496,236,'Mr.','2019-04-19 02:48:42'),(96,1461,3947,'Prof.','2019-04-19 02:48:43'),(97,137,475,'Dr.','2019-04-19 02:48:43'),(98,464,254,'Prof.','2019-04-19 02:48:43'),(99,1485,2878,'Prof.','2019-04-19 02:48:43'),(100,425,1329,'Mr.','2019-04-19 02:48:43'),(101,1583,2607,'Miss','2019-04-19 02:48:43'),(102,649,1107,'Miss','2019-04-19 02:48:44'),(103,924,3594,'Miss','2019-04-19 02:48:44'),(104,1416,3860,'Miss','2019-04-19 02:48:44'),(105,925,1688,'Mr.','2019-04-19 02:48:44'),(106,1287,450,'Miss','2019-04-19 02:48:44'),(107,758,1203,'Mr.','2019-04-19 02:48:44'),(108,391,2433,'Dr.','2019-04-19 02:48:45'),(109,855,3291,'Mr.','2019-04-19 02:48:45'),(110,1583,3733,'Prof.','2019-04-19 02:48:45'),(111,1542,268,'Prof.','2019-04-19 02:48:45'),(112,1170,2765,'Miss','2019-04-19 02:48:45'),(113,939,1076,'Dr.','2019-04-19 02:48:45'),(114,1851,3928,'Dr.','2019-04-19 02:48:45'),(115,982,3637,'Mr.','2019-04-19 02:48:45'),(116,79,3248,'Prof.','2019-04-19 02:48:45'),(117,423,1655,'Prof.','2019-04-19 02:48:45'),(118,476,2883,'Prof.','2019-04-19 02:48:46'),(119,680,3558,'Dr.','2019-04-19 02:48:46'),(120,1503,3592,'Ms.','2019-04-19 02:48:46'),(121,999,2801,'Dr.','2019-04-19 02:48:46'),(122,406,2617,'Dr.','2019-04-19 02:48:46'),(123,755,1781,'Prof.','2019-04-19 02:48:46'),(124,1231,3178,'Prof.','2019-04-19 02:48:46'),(125,1372,1812,'Dr.','2019-04-19 02:48:46'),(126,1511,744,'Dr.','2019-04-19 02:48:46'),(127,2,3303,'Mrs.','2019-04-19 02:48:46'),(128,1401,1001,'Ms.','2019-04-19 02:48:46'),(129,670,863,'Mrs.','2019-04-19 02:48:47'),(130,1506,57,'Miss','2019-04-19 02:48:47'),(131,1806,2335,'Ms.','2019-04-19 02:48:47'),(132,1286,863,'Prof.','2019-04-19 02:48:47'),(133,285,2979,'Prof.','2019-04-19 02:48:47'),(134,1034,3545,'Mr.','2019-04-19 02:48:47'),(135,543,2153,'Dr.','2019-04-19 02:48:48'),(136,824,1113,'Mrs.','2019-04-19 02:48:48'),(137,601,2580,'Dr.','2019-04-19 02:48:48'),(138,672,2691,'Mrs.','2019-04-19 02:48:48'),(139,730,3037,'Prof.','2019-04-19 02:48:48'),(140,1345,707,'Prof.','2019-04-19 02:48:48'),(141,77,1588,'Ms.','2019-04-19 02:48:48'),(142,1493,1753,'Dr.','2019-04-19 02:48:48'),(143,1880,911,'Dr.','2019-04-19 02:48:48'),(144,212,683,'Dr.','2019-04-19 02:48:49'),(145,690,3329,'Miss','2019-04-19 02:48:49'),(146,1698,3386,'Prof.','2019-04-19 02:48:49'),(147,1964,1450,'Prof.','2019-04-19 02:48:49'),(148,1589,1615,'Mr.','2019-04-19 02:48:49'),(149,1192,796,'Prof.','2019-04-19 02:48:49'),(150,1309,1947,'Dr.','2019-04-19 02:48:49'),(151,885,272,'Mr.','2019-04-19 02:48:49'),(152,1739,2147,'Mr.','2019-04-19 02:48:49'),(153,1343,1803,'Dr.','2019-04-19 02:48:49'),(154,1475,3418,'Prof.','2019-04-19 02:48:50'),(155,1768,160,'Mr.','2019-04-19 02:48:50'),(156,1225,1473,'Prof.','2019-04-19 02:48:50'),(157,1601,3351,'Prof.','2019-04-19 02:48:50'),(158,1539,2882,'Prof.','2019-04-19 02:48:50'),(159,565,3591,'Mr.','2019-04-19 02:48:50'),(160,1730,2217,'Ms.','2019-04-19 02:48:50'),(161,1600,1928,'Dr.','2019-04-19 02:48:50'),(162,877,1665,'Dr.','2019-04-19 02:48:50'),(163,864,103,'Miss','2019-04-19 02:48:50'),(164,969,876,'Dr.','2019-04-19 02:48:50'),(165,195,2802,'Mrs.','2019-04-19 02:48:51'),(166,1467,2343,'Prof.','2019-04-19 02:48:51'),(167,1446,62,'Mr.','2019-04-19 02:48:51'),(168,806,3554,'Prof.','2019-04-19 02:48:51'),(169,918,760,'Mr.','2019-04-19 02:48:51'),(170,548,1906,'Mr.','2019-04-19 02:48:51'),(171,758,1718,'Dr.','2019-04-19 02:48:51'),(172,1547,2830,'Dr.','2019-04-19 02:48:51'),(173,1978,2418,'Dr.','2019-04-19 02:48:51'),(174,1265,3515,'Mrs.','2019-04-19 02:48:51'),(175,993,2252,'Dr.','2019-04-19 02:48:52'),(176,1580,2139,'Ms.','2019-04-19 02:48:52'),(177,764,3299,'Dr.','2019-04-19 02:48:52'),(178,1912,570,'Mrs.','2019-04-19 02:48:52'),(179,476,1488,'Prof.','2019-04-19 02:48:52'),(180,1098,668,'Prof.','2019-04-19 02:48:52'),(181,874,134,'Prof.','2019-04-19 02:48:52'),(182,46,982,'Prof.','2019-04-19 02:48:52'),(183,1507,3864,'Prof.','2019-04-19 02:48:53'),(184,1107,3134,'Prof.','2019-04-19 02:48:53'),(185,1127,2532,'Prof.','2019-04-19 02:48:53'),(186,1699,1030,'Prof.','2019-04-19 02:48:53'),(187,1507,2273,'Prof.','2019-04-19 02:48:53'),(188,785,2139,'Dr.','2019-04-19 02:48:53'),(189,1130,2502,'Prof.','2019-04-19 02:48:53'),(190,480,1763,'Dr.','2019-04-19 02:48:53'),(191,88,38,'Dr.','2019-04-19 02:48:54'),(192,1646,2181,'Ms.','2019-04-19 02:48:54'),(193,132,3061,'Dr.','2019-04-19 02:48:54'),(194,1581,2118,'Dr.','2019-04-19 02:48:54'),(195,1697,2815,'Mrs.','2019-04-19 02:48:54'),(196,1151,2634,'Prof.','2019-04-19 02:48:54'),(197,1222,992,'Mr.','2019-04-19 02:48:54'),(198,1769,3489,'Dr.','2019-04-19 02:48:54'),(199,280,2226,'Ms.','2019-04-19 02:48:54'),(200,559,1114,'Miss','2019-04-19 02:48:55'),(201,1746,2310,'Mr.','2019-04-19 02:48:55'),(202,1210,36,'Mrs.','2019-04-19 02:48:55'),(203,114,986,'Dr.','2019-04-19 02:48:55'),(204,466,2706,'Mrs.','2019-04-19 02:48:55'),(205,145,696,'Mr.','2019-04-19 02:48:55'),(206,1886,1606,'Ms.','2019-04-19 02:48:55'),(207,1494,3863,'Mrs.','2019-04-19 02:48:55'),(208,204,2804,'Dr.','2019-04-19 02:48:55'),(209,1579,1951,'Miss','2019-04-19 02:48:56'),(210,1398,1839,'Mr.','2019-04-19 02:48:56'),(211,836,3809,'Prof.','2019-04-19 02:48:56'),(212,1074,331,'Dr.','2019-04-19 02:48:56'),(213,295,1120,'Mrs.','2019-04-19 02:48:56'),(214,1803,3957,'Dr.','2019-04-19 02:48:56'),(215,111,139,'Dr.','2019-04-19 02:48:56'),(216,964,3397,'Dr.','2019-04-19 02:48:56'),(217,972,1659,'Dr.','2019-04-19 02:48:56'),(218,303,3823,'Prof.','2019-04-19 02:48:57'),(219,1151,364,'Dr.','2019-04-19 02:48:57'),(220,54,3786,'Mr.','2019-04-19 02:48:57'),(221,1834,1675,'Prof.','2019-04-19 02:48:57'),(222,1616,1299,'Mr.','2019-04-19 02:48:57'),(223,1653,1515,'Ms.','2019-04-19 02:48:57'),(224,1636,2916,'Miss','2019-04-19 02:48:57'),(225,525,3136,'Prof.','2019-04-19 02:48:57'),(226,857,3311,'Prof.','2019-04-19 02:48:57'),(227,465,1641,'Mr.','2019-04-19 02:48:58'),(228,1143,2699,'Ms.','2019-04-19 02:48:58'),(229,376,602,'Mrs.','2019-04-19 02:48:58'),(230,993,503,'Prof.','2019-04-19 02:48:58'),(231,670,896,'Mrs.','2019-04-19 02:48:59'),(232,1763,3175,'Miss','2019-04-19 02:48:59'),(233,1258,3059,'Ms.','2019-04-19 02:48:59'),(234,1671,3441,'Mr.','2019-04-19 02:48:59'),(235,1480,1587,'Dr.','2019-04-19 02:48:59'),(236,677,1624,'Miss','2019-04-19 02:48:59'),(237,610,1999,'Miss','2019-04-19 02:48:59'),(238,1547,2783,'Prof.','2019-04-19 02:48:59'),(239,87,1972,'Mr.','2019-04-19 02:48:59'),(240,1653,2170,'Ms.','2019-04-19 02:48:59'),(241,206,3259,'Prof.','2019-04-19 02:49:00'),(242,380,3908,'Ms.','2019-04-19 02:49:00'),(243,639,1576,'Prof.','2019-04-19 02:49:00'),(244,1408,1110,'Prof.','2019-04-19 02:49:00'),(245,1920,3204,'Prof.','2019-04-19 02:49:00'),(246,673,347,'Prof.','2019-04-19 02:49:00'),(247,1302,511,'Ms.','2019-04-19 02:49:00'),(248,132,1099,'Prof.','2019-04-19 02:49:00'),(249,507,758,'Miss','2019-04-19 02:49:00'),(250,1023,816,'Dr.','2019-04-19 02:49:01'),(251,879,1989,'Mr.','2019-04-19 02:49:01'),(252,1749,2997,'Mr.','2019-04-19 02:49:01'),(253,460,2239,'Miss','2019-04-19 02:49:01'),(254,371,271,'Ms.','2019-04-19 02:49:01'),(255,698,2878,'Ms.','2019-04-19 02:49:01'),(256,313,1517,'Dr.','2019-04-19 02:49:01'),(257,383,3622,'Ms.','2019-04-19 02:49:01'),(258,612,3858,'Mr.','2019-04-19 02:49:01'),(259,698,1800,'Mrs.','2019-04-19 02:49:02'),(260,147,1754,'Prof.','2019-04-19 02:49:02'),(261,302,1733,'Mrs.','2019-04-19 02:49:02'),(262,187,1848,'Mr.','2019-04-19 02:49:02'),(263,536,2222,'Miss','2019-04-19 02:49:02'),(264,331,496,'Mrs.','2019-04-19 02:49:02'),(265,1200,59,'Prof.','2019-04-19 02:49:02'),(266,690,3642,'Dr.','2019-04-19 02:49:02'),(267,1725,630,'Prof.','2019-04-19 02:49:02'),(268,1777,250,'Dr.','2019-04-19 02:49:03'),(269,100,2261,'Ms.','2019-04-19 02:49:03'),(270,1021,3216,'Ms.','2019-04-19 02:49:03'),(271,1196,237,'Prof.','2019-04-19 02:49:03'),(272,1842,681,'Dr.','2019-04-19 02:49:03'),(273,65,683,'Mrs.','2019-04-19 02:49:03'),(274,657,2452,'Prof.','2019-04-19 02:49:03'),(275,555,1268,'Mr.','2019-04-19 02:49:03'),(276,1657,1462,'Mrs.','2019-04-19 02:49:04'),(277,1721,3732,'Miss','2019-04-19 02:49:04'),(278,1433,3946,'Dr.','2019-04-19 02:49:04'),(279,1307,451,'Mrs.','2019-04-19 02:49:04'),(280,1877,96,'Prof.','2019-04-19 02:49:04'),(281,1346,2584,'Dr.','2019-04-19 02:49:04'),(282,956,1788,'Mrs.','2019-04-19 02:49:05'),(283,497,72,'Prof.','2019-04-19 02:49:05'),(284,380,1776,'Miss','2019-04-19 02:49:05'),(285,200,600,'Mr.','2019-04-19 02:49:05'),(286,260,3470,'Prof.','2019-04-19 02:49:05'),(287,1561,1792,'Prof.','2019-04-19 02:49:05'),(288,618,466,'Prof.','2019-04-19 02:49:06'),(289,1382,3312,'Ms.','2019-04-19 02:49:06'),(290,1807,3772,'Prof.','2019-04-19 02:49:06'),(291,1025,3251,'Miss','2019-04-19 02:49:06'),(292,472,2727,'Miss','2019-04-19 02:49:06'),(293,1374,368,'Ms.','2019-04-19 02:49:06'),(294,1107,2614,'Ms.','2019-04-19 02:49:06'),(295,1009,2207,'Ms.','2019-04-19 02:49:06'),(296,942,2161,'Mr.','2019-04-19 02:49:06'),(297,1886,688,'Prof.','2019-04-19 02:49:07'),(298,1668,838,'Dr.','2019-04-19 02:49:07'),(299,1059,643,'Prof.','2019-04-19 02:49:07'),(300,1249,2019,'Dr.','2019-04-19 02:49:07'),(301,1839,605,'Mr.','2019-04-19 02:49:07'),(302,314,1523,'Dr.','2019-04-19 02:49:07'),(303,412,748,'Mrs.','2019-04-19 02:49:07'),(304,61,3205,'Dr.','2019-04-19 02:49:07'),(305,1601,2682,'Prof.','2019-04-19 02:49:08'),(306,953,1425,'Prof.','2019-04-19 02:49:08'),(307,767,2894,'Mrs.','2019-04-19 02:49:08'),(308,1859,1568,'Prof.','2019-04-19 02:49:08'),(309,1011,2721,'Ms.','2019-04-19 02:49:08'),(310,1763,106,'Prof.','2019-04-19 02:49:08'),(311,73,3089,'Mr.','2019-04-19 02:49:08'),(312,1618,1425,'Ms.','2019-04-19 02:49:09'),(313,269,1520,'Prof.','2019-04-19 02:49:09'),(314,796,989,'Ms.','2019-04-19 02:49:09'),(315,1415,836,'Dr.','2019-04-19 02:49:09'),(316,1748,2913,'Ms.','2019-04-19 02:49:09'),(317,1097,1163,'Mr.','2019-04-19 02:49:09'),(318,740,2988,'Dr.','2019-04-19 02:49:10'),(319,694,2992,'Mr.','2019-04-19 02:49:10'),(320,731,2392,'Prof.','2019-04-19 02:49:10'),(321,645,2779,'Ms.','2019-04-19 02:49:10'),(322,31,249,'Miss','2019-04-19 02:49:10'),(323,7,1245,'Miss','2019-04-19 02:49:11'),(324,1855,702,'Mr.','2019-04-19 02:49:11'),(325,1149,953,'Prof.','2019-04-19 02:49:11'),(326,843,2469,'Dr.','2019-04-19 02:49:12'),(327,364,19,'Mr.','2019-04-19 02:49:12'),(328,1675,3161,'Miss','2019-04-19 02:49:12'),(329,1819,930,'Ms.','2019-04-19 02:49:12'),(330,1779,451,'Dr.','2019-04-19 02:49:12'),(331,155,2830,'Mr.','2019-04-19 02:49:12'),(332,911,3734,'Prof.','2019-04-19 02:49:13'),(333,1341,1953,'Prof.','2019-04-19 02:49:13'),(334,225,2418,'Dr.','2019-04-19 02:49:13'),(335,356,3993,'Prof.','2019-04-19 02:49:13'),(336,269,501,'Prof.','2019-04-19 02:49:13'),(337,804,2407,'Prof.','2019-04-19 02:49:13'),(338,287,1913,'Mr.','2019-04-19 02:49:14'),(339,1837,2165,'Prof.','2019-04-19 02:49:14'),(340,1363,2491,'Miss','2019-04-19 02:49:14'),(341,1108,907,'Dr.','2019-04-19 02:49:14'),(342,961,1606,'Dr.','2019-04-19 02:49:14'),(343,1716,1463,'Mr.','2019-04-19 02:49:15'),(344,489,3023,'Prof.','2019-04-19 02:49:15'),(345,156,3091,'Prof.','2019-04-19 02:49:15'),(346,702,1541,'Miss','2019-04-19 02:49:15'),(347,682,1104,'Mr.','2019-04-19 02:49:15'),(348,1834,536,'Mr.','2019-04-19 02:49:15'),(349,578,3674,'Ms.','2019-04-19 02:49:16'),(350,515,1735,'Prof.','2019-04-19 02:49:16'),(351,800,3741,'Miss','2019-04-19 02:49:16'),(352,513,1371,'Mrs.','2019-04-19 02:49:16'),(353,559,248,'Mr.','2019-04-19 02:49:16'),(354,1738,570,'Prof.','2019-04-19 02:49:16'),(355,838,3976,'Mrs.','2019-04-19 02:49:16'),(356,44,449,'Dr.','2019-04-19 02:49:17'),(357,883,288,'Prof.','2019-04-19 02:49:17'),(358,816,1206,'Dr.','2019-04-19 02:49:17'),(359,550,2109,'Prof.','2019-04-19 02:49:17'),(360,723,3188,'Mr.','2019-04-19 02:49:17'),(361,248,757,'Ms.','2019-04-19 02:49:17'),(362,1675,1031,'Dr.','2019-04-19 02:49:17'),(363,819,319,'Mr.','2019-04-19 02:49:17'),(364,1708,3332,'Dr.','2019-04-19 02:49:17'),(365,1500,2200,'Mr.','2019-04-19 02:49:18'),(366,934,3952,'Ms.','2019-04-19 02:49:18'),(367,1844,3028,'Ms.','2019-04-19 02:49:18'),(368,1813,1030,'Dr.','2019-04-19 02:49:18'),(369,138,1337,'Prof.','2019-04-19 02:49:18'),(370,484,874,'Mrs.','2019-04-19 02:49:18'),(371,649,2948,'Mr.','2019-04-19 02:49:18'),(372,1005,3610,'Miss','2019-04-19 02:49:19'),(373,1861,3726,'Ms.','2019-04-19 02:49:19'),(374,311,2058,'Mrs.','2019-04-19 02:49:19'),(375,593,1588,'Mrs.','2019-04-19 02:49:19'),(376,1179,3731,'Dr.','2019-04-19 02:49:19'),(377,1449,2482,'Dr.','2019-04-19 02:49:19'),(378,648,255,'Ms.','2019-04-19 02:49:19'),(379,322,3447,'Mrs.','2019-04-19 02:49:19'),(380,918,269,'Dr.','2019-04-19 02:49:19'),(381,1532,3280,'Mrs.','2019-04-19 02:49:20'),(382,340,2620,'Prof.','2019-04-19 02:49:20'),(383,1800,2827,'Dr.','2019-04-19 02:49:20'),(384,39,2043,'Miss','2019-04-19 02:49:20'),(385,352,1288,'Dr.','2019-04-19 02:49:20'),(386,440,1491,'Mr.','2019-04-19 02:49:20'),(387,1173,567,'Ms.','2019-04-19 02:49:20'),(388,1986,3438,'Dr.','2019-04-19 02:49:20'),(389,1337,1373,'Prof.','2019-04-19 02:49:20'),(390,745,2844,'Miss','2019-04-19 02:49:20'),(391,276,2386,'Mrs.','2019-04-19 02:49:21'),(392,1968,1113,'Prof.','2019-04-19 02:49:21'),(393,66,378,'Prof.','2019-04-19 02:49:21'),(394,193,2976,'Miss','2019-04-19 02:49:21'),(395,1629,3579,'Prof.','2019-04-19 02:49:21'),(396,1300,2213,'Mr.','2019-04-19 02:49:21'),(397,1067,3961,'Prof.','2019-04-19 02:49:21'),(398,1239,1319,'Mrs.','2019-04-19 02:49:21'),(399,52,1962,'Mr.','2019-04-19 02:49:22'),(400,1710,289,'Dr.','2019-04-19 02:49:22'),(401,1406,3579,'Mr.','2019-04-19 02:49:22'),(402,1064,3707,'Prof.','2019-04-19 02:49:22'),(403,1380,1181,'Prof.','2019-04-19 02:49:22'),(404,1114,1847,'Miss','2019-04-19 02:49:22'),(405,878,1361,'Mrs.','2019-04-19 02:49:22'),(406,911,2841,'Prof.','2019-04-19 02:49:22'),(407,884,1811,'Mrs.','2019-04-19 02:49:22'),(408,1792,1044,'Miss','2019-04-19 02:49:22'),(409,50,612,'Ms.','2019-04-19 02:49:23'),(410,183,2989,'Mr.','2019-04-19 02:49:23'),(411,1598,1620,'Mr.','2019-04-19 02:49:23'),(412,563,3179,'Prof.','2019-04-19 02:49:23'),(413,675,3568,'Prof.','2019-04-19 02:49:24'),(414,154,3300,'Mrs.','2019-04-19 02:49:24'),(415,1226,1151,'Dr.','2019-04-19 02:49:24'),(416,1212,3863,'Mrs.','2019-04-19 02:49:24'),(417,759,1505,'Mr.','2019-04-19 02:49:24'),(418,1905,2041,'Dr.','2019-04-19 02:49:24'),(419,1081,3197,'Prof.','2019-04-19 02:49:24'),(420,960,2433,'Mr.','2019-04-19 02:49:24'),(421,1827,3834,'Prof.','2019-04-19 02:49:25'),(422,814,2867,'Dr.','2019-04-19 02:49:25'),(423,1445,1364,'Dr.','2019-04-19 02:49:25'),(424,963,529,'Prof.','2019-04-19 02:49:25'),(425,1198,1526,'Ms.','2019-04-19 02:49:25'),(426,1835,2332,'Dr.','2019-04-19 02:49:26'),(427,887,645,'Prof.','2019-04-19 02:49:26'),(428,402,326,'Dr.','2019-04-19 02:49:26'),(429,158,254,'Prof.','2019-04-19 02:49:26'),(430,1046,1619,'Dr.','2019-04-19 02:49:26'),(431,677,760,'Dr.','2019-04-19 02:49:26'),(432,752,799,'Dr.','2019-04-19 02:49:26'),(433,1292,2493,'Dr.','2019-04-19 02:49:26'),(434,1167,1745,'Dr.','2019-04-19 02:49:27'),(435,1616,1160,'Miss','2019-04-19 02:49:27'),(436,1831,2041,'Dr.','2019-04-19 02:49:27'),(437,1418,3640,'Dr.','2019-04-19 02:49:27'),(438,671,689,'Dr.','2019-04-19 02:49:27'),(439,662,2263,'Prof.','2019-04-19 02:49:27'),(440,986,3400,'Ms.','2019-04-19 02:49:27'),(441,220,3255,'Dr.','2019-04-19 02:49:27'),(442,1077,1371,'Miss','2019-04-19 02:49:28'),(443,888,3197,'Dr.','2019-04-19 02:49:28'),(444,1210,1703,'Prof.','2019-04-19 02:49:28'),(445,584,2008,'Mr.','2019-04-19 02:49:28'),(446,1018,3180,'Prof.','2019-04-19 02:49:28'),(447,1104,1645,'Mr.','2019-04-19 02:49:28'),(448,1774,1264,'Prof.','2019-04-19 02:49:28'),(449,1071,353,'Mrs.','2019-04-19 02:49:28'),(450,1889,2119,'Miss','2019-04-19 02:49:28'),(451,457,1335,'Mr.','2019-04-19 02:49:29'),(452,158,2755,'Dr.','2019-04-19 02:49:29'),(453,537,3510,'Ms.','2019-04-19 02:49:29'),(454,249,2030,'Dr.','2019-04-19 02:49:29'),(455,1575,1353,'Prof.','2019-04-19 02:49:29'),(456,1518,3471,'Dr.','2019-04-19 02:49:29'),(457,1831,3242,'Mrs.','2019-04-19 02:49:29'),(458,603,150,'Ms.','2019-04-19 02:49:29'),(459,763,428,'Prof.','2019-04-19 02:49:29'),(460,481,686,'Prof.','2019-04-19 02:49:30'),(461,282,2734,'Dr.','2019-04-19 02:49:30'),(462,1545,1107,'Prof.','2019-04-19 02:49:30'),(463,1849,3793,'Dr.','2019-04-19 02:49:30'),(464,1057,56,'Ms.','2019-04-19 02:49:30'),(465,1559,2031,'Dr.','2019-04-19 02:49:30'),(466,432,797,'Mrs.','2019-04-19 02:49:30'),(467,1468,2170,'Mr.','2019-04-19 02:49:30'),(468,912,2764,'Dr.','2019-04-19 02:49:31'),(469,1411,1230,'Dr.','2019-04-19 02:49:31'),(470,1633,660,'Dr.','2019-04-19 02:49:31'),(471,245,1969,'Ms.','2019-04-19 02:49:31'),(472,210,2957,'Prof.','2019-04-19 02:49:31'),(473,16,379,'Prof.','2019-04-19 02:49:31'),(474,421,150,'Prof.','2019-04-19 02:49:31'),(475,901,336,'Miss','2019-04-19 02:49:32'),(476,1085,1300,'Mrs.','2019-04-19 02:49:32'),(477,579,3712,'Prof.','2019-04-19 02:49:32'),(478,542,672,'Prof.','2019-04-19 02:49:32'),(479,1,870,'Mr.','2019-04-19 02:49:32'),(480,1256,737,'Dr.','2019-04-19 02:49:32'),(481,1766,970,'Mrs.','2019-04-19 02:49:32'),(482,99,2410,'Mr.','2019-04-19 02:49:32'),(483,449,3559,'Mr.','2019-04-19 02:49:32'),(484,942,1790,'Miss','2019-04-19 02:49:33'),(485,1404,1753,'Mr.','2019-04-19 02:49:33'),(486,476,2837,'Mr.','2019-04-19 02:49:33'),(487,920,327,'Dr.','2019-04-19 02:49:33'),(488,451,3473,'Prof.','2019-04-19 02:49:33'),(489,83,1914,'Dr.','2019-04-19 02:49:33'),(490,75,1015,'Mrs.','2019-04-19 02:49:33'),(491,1175,2578,'Ms.','2019-04-19 02:49:33'),(492,81,2514,'Mr.','2019-04-19 02:49:33'),(493,937,2003,'Dr.','2019-04-19 02:49:33'),(494,1847,2553,'Prof.','2019-04-19 02:49:34'),(495,1245,2613,'Mrs.','2019-04-19 02:49:34'),(496,571,3626,'Dr.','2019-04-19 02:49:34'),(497,401,2193,'Mrs.','2019-04-19 02:49:34'),(498,1030,2044,'Ms.','2019-04-19 02:49:34'),(499,1742,996,'Ms.','2019-04-19 02:49:34'),(500,690,2515,'Prof.','2019-04-19 02:49:34'),(501,188,1709,'Dr.','2019-04-19 02:49:34'),(502,1626,3726,'Mr.','2019-04-19 02:49:34'),(503,276,739,'Miss','2019-04-19 02:49:35'),(504,584,1348,'Prof.','2019-04-19 02:49:35'),(505,1267,2922,'Prof.','2019-04-19 02:49:35'),(506,1775,1344,'Prof.','2019-04-19 02:49:35'),(507,584,3667,'Prof.','2019-04-19 02:49:35'),(508,564,2568,'Mrs.','2019-04-19 02:49:35'),(509,1010,75,'Ms.','2019-04-19 02:49:35'),(510,422,2670,'Miss','2019-04-19 02:49:35'),(511,1017,3626,'Miss','2019-04-19 02:49:36'),(512,157,3515,'Prof.','2019-04-19 02:49:36'),(513,1579,2113,'Dr.','2019-04-19 02:49:36'),(514,306,3470,'Miss','2019-04-19 02:49:36'),(515,1442,1574,'Dr.','2019-04-19 02:49:36'),(516,1845,1588,'Prof.','2019-04-19 02:49:36'),(517,1029,3773,'Miss','2019-04-19 02:49:36'),(518,666,2760,'Ms.','2019-04-19 02:49:36'),(519,690,1380,'Ms.','2019-04-19 02:49:36'),(520,854,998,'Ms.','2019-04-19 02:49:36'),(521,1931,2585,'Prof.','2019-04-19 02:49:37'),(522,401,2507,'Dr.','2019-04-19 02:49:37'),(523,1481,2300,'Mrs.','2019-04-19 02:49:37'),(524,842,2165,'Mr.','2019-04-19 02:49:37'),(525,181,3315,'Mrs.','2019-04-19 02:49:37'),(526,22,3273,'Prof.','2019-04-19 02:49:37'),(527,36,3301,'Prof.','2019-04-19 02:49:37'),(528,1413,807,'Prof.','2019-04-19 02:49:37'),(529,978,1787,'Mrs.','2019-04-19 02:49:37'),(530,1918,2529,'Mr.','2019-04-19 02:49:38'),(531,1467,2216,'Dr.','2019-04-19 02:49:38'),(532,802,3698,'Prof.','2019-04-19 02:49:38'),(533,1906,620,'Mr.','2019-04-19 02:49:38'),(534,1397,3987,'Dr.','2019-04-19 02:49:38'),(535,1281,2319,'Prof.','2019-04-19 02:49:38'),(536,1933,2228,'Dr.','2019-04-19 02:49:38'),(537,1992,1194,'Prof.','2019-04-19 02:49:38'),(538,1336,1964,'Mrs.','2019-04-19 02:49:38'),(539,1379,2013,'Ms.','2019-04-19 02:49:39'),(540,287,893,'Dr.','2019-04-19 02:49:39'),(541,1757,2705,'Mr.','2019-04-19 02:49:39'),(542,292,37,'Prof.','2019-04-19 02:49:39'),(543,362,2295,'Miss','2019-04-19 02:49:39'),(544,1287,3695,'Mrs.','2019-04-19 02:49:39'),(545,601,3773,'Mr.','2019-04-19 02:49:39'),(546,549,2020,'Miss','2019-04-19 02:49:39'),(547,1337,3436,'Prof.','2019-04-19 02:49:39'),(548,1386,2070,'Miss','2019-04-19 02:49:39'),(549,1726,1911,'Mr.','2019-04-19 02:49:40'),(550,629,1469,'Prof.','2019-04-19 02:49:40'),(551,1202,2379,'Prof.','2019-04-19 02:49:40'),(552,1128,499,'Miss','2019-04-19 02:49:40'),(553,126,1443,'Prof.','2019-04-19 02:49:40'),(554,1792,3030,'Mrs.','2019-04-19 02:49:40'),(555,360,1752,'Ms.','2019-04-19 02:49:41'),(556,609,1873,'Prof.','2019-04-19 02:49:41'),(557,1198,1582,'Dr.','2019-04-19 02:49:41'),(558,435,3491,'Dr.','2019-04-19 02:49:42'),(559,927,695,'Mr.','2019-04-19 02:49:42'),(560,1672,698,'Prof.','2019-04-19 02:49:42'),(561,1593,576,'Prof.','2019-04-19 02:49:42'),(562,17,2164,'Miss','2019-04-19 02:49:42'),(563,82,2792,'Prof.','2019-04-19 02:49:42'),(564,1499,739,'Prof.','2019-04-19 02:49:42'),(565,1763,3460,'Prof.','2019-04-19 02:49:42'),(566,1256,1931,'Prof.','2019-04-19 02:49:42'),(567,1248,3248,'Dr.','2019-04-19 02:49:42'),(568,203,1765,'Prof.','2019-04-19 02:49:43'),(569,715,3609,'Dr.','2019-04-19 02:49:43'),(570,655,117,'Mr.','2019-04-19 02:49:43'),(571,1510,2611,'Ms.','2019-04-19 02:49:43'),(572,665,3711,'Prof.','2019-04-19 02:49:43'),(573,1304,3821,'Dr.','2019-04-19 02:49:43'),(574,985,1695,'Prof.','2019-04-19 02:49:43'),(575,291,3090,'Mr.','2019-04-19 02:49:43'),(576,965,1869,'Prof.','2019-04-19 02:49:43'),(577,1493,861,'Mrs.','2019-04-19 02:49:44'),(578,1709,301,'Ms.','2019-04-19 02:49:44'),(579,1706,36,'Mr.','2019-04-19 02:49:44'),(580,1093,1108,'Miss','2019-04-19 02:49:44'),(581,511,3676,'Mr.','2019-04-19 02:49:44'),(582,228,1993,'Mrs.','2019-04-19 02:49:44'),(583,500,2075,'Prof.','2019-04-19 02:49:44'),(584,218,3512,'Mrs.','2019-04-19 02:49:44'),(585,1489,1800,'Prof.','2019-04-19 02:49:44'),(586,731,1389,'Prof.','2019-04-19 02:49:45'),(587,1896,2896,'Mrs.','2019-04-19 02:49:45'),(588,52,1945,'Dr.','2019-04-19 02:49:45'),(589,227,504,'Prof.','2019-04-19 02:49:45'),(590,1216,3332,'Mrs.','2019-04-19 02:49:45'),(591,1412,3952,'Mr.','2019-04-19 02:49:45'),(592,1635,2033,'Ms.','2019-04-19 02:49:45'),(593,1647,1065,'Mrs.','2019-04-19 02:49:45'),(594,608,773,'Miss','2019-04-19 02:49:46'),(595,4,1795,'Mr.','2019-04-19 02:49:46'),(596,1799,2929,'Dr.','2019-04-19 02:49:46'),(597,1401,3789,'Dr.','2019-04-19 02:49:47'),(598,510,1639,'Prof.','2019-04-19 02:49:47'),(599,404,1223,'Ms.','2019-04-19 02:49:47'),(600,1650,8,'Dr.','2019-04-19 02:49:47'),(601,1428,3951,'Dr.','2019-04-19 02:49:47'),(602,1681,2647,'Prof.','2019-04-19 02:49:47'),(603,344,2933,'Dr.','2019-04-19 02:49:47'),(604,1773,595,'Mr.','2019-04-19 02:49:47'),(605,672,2094,'Mr.','2019-04-19 02:49:47'),(606,1871,705,'Mr.','2019-04-19 02:49:48'),(607,1874,499,'Ms.','2019-04-19 02:49:48'),(608,126,469,'Prof.','2019-04-19 02:49:48'),(609,1661,2600,'Mr.','2019-04-19 02:49:48'),(610,764,3038,'Ms.','2019-04-19 02:49:48'),(611,1234,732,'Miss','2019-04-19 02:49:48'),(612,919,877,'Mr.','2019-04-19 02:49:48'),(613,1297,1137,'Dr.','2019-04-19 02:49:48'),(614,704,3176,'Prof.','2019-04-19 02:49:48'),(615,752,460,'Dr.','2019-04-19 02:49:49'),(616,215,359,'Miss','2019-04-19 02:49:49'),(617,1387,868,'Miss','2019-04-19 02:49:49'),(618,745,806,'Mr.','2019-04-19 02:49:49'),(619,1503,1903,'Miss','2019-04-19 02:49:49'),(620,1242,2604,'Prof.','2019-04-19 02:49:49'),(621,169,3314,'Prof.','2019-04-19 02:49:49'),(622,1632,3323,'Mrs.','2019-04-19 02:49:49'),(623,303,889,'Mrs.','2019-04-19 02:49:49'),(624,819,1807,'Dr.','2019-04-19 02:49:49'),(625,627,1114,'Mrs.','2019-04-19 02:49:50'),(626,1285,3581,'Mr.','2019-04-19 02:49:50'),(627,872,3577,'Prof.','2019-04-19 02:49:50'),(628,790,3855,'Dr.','2019-04-19 02:49:50'),(629,1575,3088,'Ms.','2019-04-19 02:49:50'),(630,795,428,'Miss','2019-04-19 02:49:50'),(631,177,2756,'Mr.','2019-04-19 02:49:50'),(632,1153,3494,'Mrs.','2019-04-19 02:49:51'),(633,1559,626,'Miss','2019-04-19 02:49:51'),(634,1103,1722,'Mr.','2019-04-19 02:49:51'),(635,1337,1644,'Dr.','2019-04-19 02:49:51'),(636,1035,3133,'Dr.','2019-04-19 02:49:51'),(637,514,561,'Ms.','2019-04-19 02:49:51'),(638,559,2723,'Dr.','2019-04-19 02:49:51'),(639,1026,467,'Prof.','2019-04-19 02:49:51'),(640,416,953,'Miss','2019-04-19 02:49:52'),(641,1504,3004,'Ms.','2019-04-19 02:49:52'),(642,22,3,'Prof.','2019-04-19 02:49:52'),(643,826,1693,'Prof.','2019-04-19 02:49:52'),(644,917,443,'Dr.','2019-04-19 02:49:52'),(645,980,1356,'Prof.','2019-04-19 02:49:52'),(646,363,3397,'Dr.','2019-04-19 02:49:52'),(647,953,1544,'Ms.','2019-04-19 02:49:52'),(648,1842,26,'Dr.','2019-04-19 02:49:53'),(649,460,2513,'Dr.','2019-04-19 02:49:53'),(650,1502,1357,'Prof.','2019-04-19 02:49:53'),(651,1827,2412,'Ms.','2019-04-19 02:49:53'),(652,1567,1603,'Dr.','2019-04-19 02:49:53'),(653,1087,2433,'Mrs.','2019-04-19 02:49:53'),(654,1016,658,'Prof.','2019-04-19 02:49:53'),(655,1807,3450,'Prof.','2019-04-19 02:49:53'),(656,906,3601,'Mrs.','2019-04-19 02:49:53'),(657,705,2496,'Miss','2019-04-19 02:49:54'),(658,1320,406,'Ms.','2019-04-19 02:49:54'),(659,1653,3728,'Miss','2019-04-19 02:49:54'),(660,1354,2911,'Prof.','2019-04-19 02:49:54'),(661,1891,660,'Dr.','2019-04-19 02:49:54'),(662,1777,444,'Mr.','2019-04-19 02:49:54'),(663,389,781,'Miss','2019-04-19 02:49:54'),(664,403,1982,'Mr.','2019-04-19 02:49:55'),(665,1175,3813,'Dr.','2019-04-19 02:49:55'),(666,1586,475,'Prof.','2019-04-19 02:49:55'),(667,1083,3321,'Miss','2019-04-19 02:49:55'),(668,201,3324,'Ms.','2019-04-19 02:49:55'),(669,26,2744,'Dr.','2019-04-19 02:49:55'),(670,1846,3818,'Prof.','2019-04-19 02:49:55'),(671,1654,3199,'Prof.','2019-04-19 02:49:55'),(672,496,2722,'Mrs.','2019-04-19 02:49:56'),(673,1340,2195,'Mr.','2019-04-19 02:49:56'),(674,543,3771,'Miss','2019-04-19 02:49:56'),(675,26,1689,'Dr.','2019-04-19 02:49:56'),(676,615,2512,'Dr.','2019-04-19 02:49:56'),(677,1677,582,'Dr.','2019-04-19 02:49:56'),(678,1699,2257,'Dr.','2019-04-19 02:49:56'),(679,745,3479,'Dr.','2019-04-19 02:49:57'),(680,396,2698,'Dr.','2019-04-19 02:49:57'),(681,1756,3069,'Dr.','2019-04-19 02:49:57'),(682,116,2470,'Miss','2019-04-19 02:49:57'),(683,1720,1457,'Mr.','2019-04-19 02:49:57'),(684,1779,1067,'Mrs.','2019-04-19 02:49:57'),(685,1438,3387,'Prof.','2019-04-19 02:49:57'),(686,1482,102,'Dr.','2019-04-19 02:49:57'),(687,1644,227,'Prof.','2019-04-19 02:49:58'),(688,1442,1218,'Mrs.','2019-04-19 02:49:58'),(689,1638,2936,'Dr.','2019-04-19 02:49:58'),(690,1728,696,'Mr.','2019-04-19 02:49:58'),(691,1965,1503,'Miss','2019-04-19 02:49:58'),(692,1456,930,'Ms.','2019-04-19 02:49:58'),(693,115,2376,'Dr.','2019-04-19 02:49:58'),(694,763,2066,'Prof.','2019-04-19 02:49:58'),(695,929,1291,'Ms.','2019-04-19 02:49:59'),(696,35,2715,'Prof.','2019-04-19 02:49:59'),(697,260,2498,'Ms.','2019-04-19 02:49:59'),(698,1511,2038,'Dr.','2019-04-19 02:49:59'),(699,1698,3677,'Mrs.','2019-04-19 02:49:59'),(700,122,3120,'Prof.','2019-04-19 02:50:00'),(701,1104,74,'Prof.','2019-04-19 02:50:00'),(702,1288,549,'Mrs.','2019-04-19 02:50:00'),(703,424,1341,'Dr.','2019-04-19 02:50:00'),(704,1387,593,'Prof.','2019-04-19 02:50:00'),(705,1609,1119,'Mrs.','2019-04-19 02:50:00'),(706,1694,2602,'Prof.','2019-04-19 02:50:00'),(707,1648,1799,'Ms.','2019-04-19 02:50:00'),(708,1326,401,'Prof.','2019-04-19 02:50:01'),(709,1702,2661,'Dr.','2019-04-19 02:50:01'),(710,1533,1726,'Mr.','2019-04-19 02:50:01'),(711,1068,3786,'Dr.','2019-04-19 02:50:01'),(712,763,435,'Mr.','2019-04-19 02:50:01'),(713,856,3540,'Prof.','2019-04-19 02:50:01'),(714,1485,221,'Miss','2019-04-19 02:50:01'),(715,1762,2065,'Dr.','2019-04-19 02:50:01'),(716,1893,2346,'Dr.','2019-04-19 02:50:02'),(717,183,89,'Dr.','2019-04-19 02:50:02'),(718,66,820,'Dr.','2019-04-19 02:50:02'),(719,1220,937,'Dr.','2019-04-19 02:50:02'),(720,756,3599,'Prof.','2019-04-19 02:50:02'),(721,711,1816,'Dr.','2019-04-19 02:50:02'),(722,981,772,'Dr.','2019-04-19 02:50:02'),(723,1673,1859,'Mr.','2019-04-19 02:50:03'),(724,700,3138,'Mr.','2019-04-19 02:50:03'),(725,1567,1315,'Mrs.','2019-04-19 02:50:03'),(726,997,3833,'Mr.','2019-04-19 02:50:03'),(727,1867,1051,'Dr.','2019-04-19 02:50:04'),(728,1136,1934,'Dr.','2019-04-19 02:50:04'),(729,101,601,'Dr.','2019-04-19 02:50:04'),(730,112,2180,'Mr.','2019-04-19 02:50:04'),(731,341,2933,'Dr.','2019-04-19 02:50:04'),(732,168,7,'Prof.','2019-04-19 02:50:04'),(733,982,1735,'Dr.','2019-04-19 02:50:04'),(734,425,2035,'Dr.','2019-04-19 02:50:04'),(735,1896,452,'Ms.','2019-04-19 02:50:04'),(736,807,1588,'Prof.','2019-04-19 02:50:05'),(737,277,3581,'Ms.','2019-04-19 02:50:05'),(738,813,3194,'Prof.','2019-04-19 02:50:05'),(739,1100,2239,'Prof.','2019-04-19 02:50:05'),(740,1295,906,'Mrs.','2019-04-19 02:50:05'),(741,1325,90,'Prof.','2019-04-19 02:50:05'),(742,682,2803,'Dr.','2019-04-19 02:50:05'),(743,1577,561,'Prof.','2019-04-19 02:50:05'),(744,388,474,'Miss','2019-04-19 02:50:06'),(745,48,1326,'Dr.','2019-04-19 02:50:06'),(746,189,286,'Dr.','2019-04-19 02:50:06'),(747,930,804,'Prof.','2019-04-19 02:50:06'),(748,1477,365,'Dr.','2019-04-19 02:50:06'),(749,828,3929,'Ms.','2019-04-19 02:50:06'),(750,414,3845,'Dr.','2019-04-19 02:50:06'),(751,91,3606,'Prof.','2019-04-19 02:50:06'),(752,628,2858,'Mr.','2019-04-19 02:50:06'),(753,1798,3219,'Dr.','2019-04-19 02:50:07'),(754,1671,3895,'Prof.','2019-04-19 02:50:07'),(755,623,822,'Dr.','2019-04-19 02:50:07'),(756,305,1525,'Prof.','2019-04-19 02:50:07'),(757,1798,2443,'Mr.','2019-04-19 02:50:07'),(758,686,2073,'Miss','2019-04-19 02:50:07'),(759,29,3691,'Mrs.','2019-04-19 02:50:07'),(760,553,1141,'Mr.','2019-04-19 02:50:08'),(761,1492,3216,'Mrs.','2019-04-19 02:50:08'),(762,1066,1999,'Dr.','2019-04-19 02:50:08'),(763,1247,1139,'Mrs.','2019-04-19 02:50:08'),(764,1668,743,'Ms.','2019-04-19 02:50:08'),(765,1209,2812,'Prof.','2019-04-19 02:50:08'),(766,1326,490,'Prof.','2019-04-19 02:50:08'),(767,1491,2669,'Dr.','2019-04-19 02:50:08'),(768,1442,3491,'Prof.','2019-04-19 02:50:09'),(769,1526,1057,'Prof.','2019-04-19 02:50:09'),(770,1147,1345,'Prof.','2019-04-19 02:50:09'),(771,1343,1852,'Miss','2019-04-19 02:50:09'),(772,622,1906,'Mr.','2019-04-19 02:50:09'),(773,1390,2469,'Mr.','2019-04-19 02:50:09'),(774,334,1160,'Prof.','2019-04-19 02:50:09'),(775,1848,1654,'Mrs.','2019-04-19 02:50:09'),(776,401,388,'Miss','2019-04-19 02:50:09'),(777,174,3720,'Prof.','2019-04-19 02:50:10'),(778,1953,2394,'Prof.','2019-04-19 02:50:10'),(779,1439,1391,'Mr.','2019-04-19 02:50:10'),(780,759,372,'Dr.','2019-04-19 02:50:10'),(781,1568,835,'Dr.','2019-04-19 02:50:10'),(782,1902,131,'Mrs.','2019-04-19 02:50:10'),(783,850,1919,'Prof.','2019-04-19 02:50:10'),(784,221,3960,'Prof.','2019-04-19 02:50:10'),(785,186,1327,'Mrs.','2019-04-19 02:50:10'),(786,1129,1117,'Dr.','2019-04-19 02:50:11'),(787,636,1264,'Prof.','2019-04-19 02:50:11'),(788,1195,2420,'Prof.','2019-04-19 02:50:11'),(789,1242,1860,'Mrs.','2019-04-19 02:50:11'),(790,508,3659,'Miss','2019-04-19 02:50:11'),(791,257,1955,'Dr.','2019-04-19 02:50:11'),(792,828,2389,'Dr.','2019-04-19 02:50:11'),(793,728,2555,'Prof.','2019-04-19 02:50:11'),(794,1587,99,'Miss','2019-04-19 02:50:12'),(795,1779,424,'Mrs.','2019-04-19 02:50:12'),(796,1369,729,'Mr.','2019-04-19 02:50:12'),(797,1814,79,'Mrs.','2019-04-19 02:50:12'),(798,1861,346,'Miss','2019-04-19 02:50:12'),(799,929,309,'Ms.','2019-04-19 02:50:12'),(800,122,14,'Dr.','2019-04-19 02:50:12'),(801,1017,3324,'Mrs.','2019-04-19 02:50:12'),(802,1449,1946,'Mr.','2019-04-19 02:50:13'),(803,1084,3292,'Dr.','2019-04-19 02:50:13'),(804,1831,1327,'Prof.','2019-04-19 02:50:13'),(805,184,3243,'Prof.','2019-04-19 02:50:13'),(806,1021,2886,'Ms.','2019-04-19 02:50:13'),(807,955,914,'Miss','2019-04-19 02:50:13'),(808,1487,3458,'Dr.','2019-04-19 02:50:13'),(809,77,1606,'Dr.','2019-04-19 02:50:13'),(810,1693,1366,'Mrs.','2019-04-19 02:50:14'),(811,717,2739,'Dr.','2019-04-19 02:50:14'),(812,1501,3701,'Prof.','2019-04-19 02:50:14'),(813,1621,3318,'Miss','2019-04-19 02:50:14'),(814,365,2237,'Mr.','2019-04-19 02:50:14'),(815,912,2747,'Mr.','2019-04-19 02:50:14'),(816,1295,3810,'Mrs.','2019-04-19 02:50:14'),(817,1438,3992,'Mrs.','2019-04-19 02:50:14'),(818,1094,2304,'Dr.','2019-04-19 02:50:14'),(819,543,1007,'Miss','2019-04-19 02:50:15'),(820,654,2366,'Miss','2019-04-19 02:50:15'),(821,1473,379,'Miss','2019-04-19 02:50:15'),(822,172,1016,'Dr.','2019-04-19 02:50:15'),(823,1161,2913,'Dr.','2019-04-19 02:50:15'),(824,1493,1363,'Dr.','2019-04-19 02:50:15'),(825,619,358,'Prof.','2019-04-19 02:50:15'),(826,128,1375,'Mrs.','2019-04-19 02:50:15'),(827,234,3409,'Miss','2019-04-19 02:50:15'),(828,84,3682,'Ms.','2019-04-19 02:50:16'),(829,576,1394,'Mrs.','2019-04-19 02:50:16'),(830,555,3282,'Dr.','2019-04-19 02:50:16'),(831,1932,1187,'Dr.','2019-04-19 02:50:16'),(832,1251,865,'Prof.','2019-04-19 02:50:16'),(833,212,1775,'Mrs.','2019-04-19 02:50:16'),(834,1380,2355,'Prof.','2019-04-19 02:50:17'),(835,5,1154,'Prof.','2019-04-19 02:50:17'),(836,1042,2097,'Prof.','2019-04-19 02:50:17'),(837,1178,3935,'Prof.','2019-04-19 02:50:17'),(838,1720,3402,'Prof.','2019-04-19 02:50:17'),(839,85,2697,'Miss','2019-04-19 02:50:17'),(840,1942,1029,'Miss','2019-04-19 02:50:17'),(841,402,3639,'Dr.','2019-04-19 02:50:18'),(842,448,2438,'Mr.','2019-04-19 02:50:18'),(843,1620,2723,'Dr.','2019-04-19 02:50:18'),(844,1203,1251,'Miss','2019-04-19 02:50:18'),(845,1942,3546,'Prof.','2019-04-19 02:50:18'),(846,471,2144,'Mrs.','2019-04-19 02:50:18'),(847,1413,957,'Mr.','2019-04-19 02:50:18'),(848,819,2479,'Prof.','2019-04-19 02:50:19'),(849,1879,1004,'Prof.','2019-04-19 02:50:19'),(850,994,2760,'Ms.','2019-04-19 02:50:19'),(851,1467,376,'Mr.','2019-04-19 02:50:20'),(852,919,2315,'Mr.','2019-04-19 02:50:20'),(853,1866,770,'Mr.','2019-04-19 02:50:20'),(854,1587,2283,'Dr.','2019-04-19 02:50:20'),(855,1499,411,'Miss','2019-04-19 02:50:20'),(856,871,2264,'Mrs.','2019-04-19 02:50:20'),(857,858,668,'Prof.','2019-04-19 02:50:20'),(858,1617,3338,'Prof.','2019-04-19 02:50:20'),(859,865,2362,'Dr.','2019-04-19 02:50:20'),(860,476,10,'Mrs.','2019-04-19 02:50:21'),(861,1466,2475,'Dr.','2019-04-19 02:50:21'),(862,1791,420,'Mr.','2019-04-19 02:50:21'),(863,1397,2340,'Dr.','2019-04-19 02:50:21'),(864,1081,2016,'Miss','2019-04-19 02:50:21'),(865,43,1217,'Dr.','2019-04-19 02:50:21'),(866,1355,1539,'Dr.','2019-04-19 02:50:21'),(867,354,2505,'Prof.','2019-04-19 02:50:21'),(868,1635,190,'Mrs.','2019-04-19 02:50:22'),(869,418,1803,'Mr.','2019-04-19 02:50:22'),(870,749,1906,'Prof.','2019-04-19 02:50:22'),(871,1430,221,'Prof.','2019-04-19 02:50:22'),(872,851,3617,'Dr.','2019-04-19 02:50:22'),(873,894,134,'Prof.','2019-04-19 02:50:22'),(874,1546,1379,'Mrs.','2019-04-19 02:50:22'),(875,740,402,'Miss','2019-04-19 02:50:22'),(876,1274,3042,'Ms.','2019-04-19 02:50:22'),(877,1982,1758,'Dr.','2019-04-19 02:50:23'),(878,768,3359,'Mr.','2019-04-19 02:50:23'),(879,1209,3697,'Mrs.','2019-04-19 02:50:23'),(880,806,2540,'Dr.','2019-04-19 02:50:23'),(881,506,2297,'Prof.','2019-04-19 02:50:23'),(882,875,2180,'Mrs.','2019-04-19 02:50:23'),(883,177,459,'Mrs.','2019-04-19 02:50:23'),(884,24,1458,'Dr.','2019-04-19 02:50:23'),(885,112,2364,'Prof.','2019-04-19 02:50:23'),(886,790,2769,'Prof.','2019-04-19 02:50:24'),(887,318,2277,'Prof.','2019-04-19 02:50:24'),(888,1129,2969,'Prof.','2019-04-19 02:50:24'),(889,1347,3608,'Dr.','2019-04-19 02:50:24'),(890,559,2961,'Dr.','2019-04-19 02:50:24'),(891,1104,1276,'Dr.','2019-04-19 02:50:24'),(892,894,3643,'Ms.','2019-04-19 02:50:24'),(893,404,480,'Mrs.','2019-04-19 02:50:24'),(894,535,2614,'Dr.','2019-04-19 02:50:25'),(895,200,1011,'Mrs.','2019-04-19 02:50:25'),(896,111,1985,'Prof.','2019-04-19 02:50:25'),(897,1456,1070,'Dr.','2019-04-19 02:50:25'),(898,896,2677,'Prof.','2019-04-19 02:50:25'),(899,1604,3183,'Dr.','2019-04-19 02:50:25'),(900,1592,510,'Dr.','2019-04-19 02:50:25'),(901,1401,3432,'Prof.','2019-04-19 02:50:25'),(902,351,3157,'Ms.','2019-04-19 02:50:25'),(903,1586,868,'Mrs.','2019-04-19 02:50:26'),(904,1105,2408,'Prof.','2019-04-19 02:50:26'),(905,1876,1616,'Mrs.','2019-04-19 02:50:26'),(906,718,3784,'Dr.','2019-04-19 02:50:26'),(907,864,257,'Mr.','2019-04-19 02:50:26'),(908,1560,188,'Mr.','2019-04-19 02:50:26'),(909,1011,1435,'Prof.','2019-04-19 02:50:26'),(910,1991,2268,'Mr.','2019-04-19 02:50:27'),(911,1114,274,'Prof.','2019-04-19 02:50:27'),(912,1252,2296,'Dr.','2019-04-19 02:50:27'),(913,774,3121,'Dr.','2019-04-19 02:50:27'),(914,1377,3345,'Miss','2019-04-19 02:50:27'),(915,154,3505,'Mr.','2019-04-19 02:50:27'),(916,1580,3194,'Miss','2019-04-19 02:50:27'),(917,1538,598,'Ms.','2019-04-19 02:50:28'),(918,1615,2311,'Mrs.','2019-04-19 02:50:28'),(919,93,1808,'Dr.','2019-04-19 02:50:28'),(920,289,3314,'Dr.','2019-04-19 02:50:28'),(921,1115,2338,'Dr.','2019-04-19 02:50:28'),(922,225,3765,'Dr.','2019-04-19 02:50:28'),(923,1364,907,'Dr.','2019-04-19 02:50:28'),(924,720,1749,'Dr.','2019-04-19 02:50:28'),(925,852,2260,'Prof.','2019-04-19 02:50:29'),(926,847,3218,'Ms.','2019-04-19 02:50:29'),(927,375,2798,'Mrs.','2019-04-19 02:50:29'),(928,190,2330,'Dr.','2019-04-19 02:50:29'),(929,1194,2862,'Prof.','2019-04-19 02:50:29'),(930,1513,599,'Dr.','2019-04-19 02:50:29'),(931,1452,627,'Dr.','2019-04-19 02:50:29'),(932,97,3374,'Ms.','2019-04-19 02:50:29'),(933,1286,3704,'Mr.','2019-04-19 02:50:29'),(934,1427,1696,'Miss','2019-04-19 02:50:29'),(935,1782,2646,'Prof.','2019-04-19 02:50:30'),(936,1686,920,'Prof.','2019-04-19 02:50:30'),(937,532,1982,'Mr.','2019-04-19 02:50:30'),(938,1003,2513,'Ms.','2019-04-19 02:50:30'),(939,157,1491,'Mr.','2019-04-19 02:50:30'),(940,1768,2380,'Mr.','2019-04-19 02:50:30'),(941,788,1424,'Mr.','2019-04-19 02:50:30'),(942,198,2161,'Ms.','2019-04-19 02:50:30'),(943,1693,3753,'Dr.','2019-04-19 02:50:31'),(944,1404,1128,'Dr.','2019-04-19 02:50:31'),(945,1524,2835,'Mr.','2019-04-19 02:50:31'),(946,1423,2711,'Mr.','2019-04-19 02:50:31'),(947,1727,325,'Mrs.','2019-04-19 02:50:31'),(948,64,1523,'Miss','2019-04-19 02:50:31'),(949,431,3988,'Dr.','2019-04-19 02:50:31'),(950,364,1702,'Miss','2019-04-19 02:50:31'),(951,1282,3298,'Miss','2019-04-19 02:50:31'),(952,1897,2113,'Prof.','2019-04-19 02:50:32'),(953,268,3992,'Mrs.','2019-04-19 02:50:32'),(954,576,1099,'Dr.','2019-04-19 02:50:32'),(955,211,2690,'Miss','2019-04-19 02:50:32'),(956,1069,868,'Dr.','2019-04-19 02:50:32'),(957,1633,712,'Dr.','2019-04-19 02:50:32'),(958,1171,2744,'Dr.','2019-04-19 02:50:32'),(959,1526,3048,'Prof.','2019-04-19 02:50:32'),(960,534,3994,'Dr.','2019-04-19 02:50:33'),(961,1535,3336,'Mr.','2019-04-19 02:50:33'),(962,1340,2410,'Mr.','2019-04-19 02:50:33'),(963,937,3760,'Dr.','2019-04-19 02:50:33'),(964,1446,2043,'Prof.','2019-04-19 02:50:33'),(965,1670,3181,'Miss','2019-04-19 02:50:33'),(966,1382,1483,'Mr.','2019-04-19 02:50:33'),(967,1615,34,'Miss','2019-04-19 02:50:33'),(968,1721,1642,'Dr.','2019-04-19 02:50:34'),(969,916,3759,'Prof.','2019-04-19 02:50:34'),(970,1364,2410,'Ms.','2019-04-19 02:50:34'),(971,1678,2368,'Ms.','2019-04-19 02:50:34'),(972,1993,2880,'Dr.','2019-04-19 02:50:34'),(973,1649,3763,'Mrs.','2019-04-19 02:50:34'),(974,1432,490,'Dr.','2019-04-19 02:50:34'),(975,1777,2510,'Prof.','2019-04-19 02:50:34'),(976,1437,1240,'Mr.','2019-04-19 02:50:35'),(977,714,1738,'Ms.','2019-04-19 02:50:35'),(978,617,1398,'Dr.','2019-04-19 02:50:36'),(979,1190,346,'Dr.','2019-04-19 02:50:36'),(980,463,3441,'Mrs.','2019-04-19 02:50:36'),(981,1871,3547,'Prof.','2019-04-19 02:50:36'),(982,902,1490,'Miss','2019-04-19 02:50:37'),(983,1420,2787,'Prof.','2019-04-19 02:50:37'),(984,123,3741,'Prof.','2019-04-19 02:50:37'),(985,654,2278,'Mr.','2019-04-19 02:50:37'),(986,442,872,'Prof.','2019-04-19 02:50:37'),(987,1236,1348,'Ms.','2019-04-19 02:50:37'),(988,864,1794,'Ms.','2019-04-19 02:50:37'),(989,1385,3897,'Prof.','2019-04-19 02:50:37'),(990,1715,3290,'Dr.','2019-04-19 02:50:38'),(991,1128,1050,'Mrs.','2019-04-19 02:50:38'),(992,985,3460,'Mrs.','2019-04-19 02:50:38'),(993,1600,494,'Mrs.','2019-04-19 02:50:38'),(994,308,98,'Dr.','2019-04-19 02:50:38'),(995,1428,3049,'Dr.','2019-04-19 02:50:38'),(996,1064,3845,'Prof.','2019-04-19 02:50:38'),(997,1571,439,'Mr.','2019-04-19 02:50:39'),(998,947,2868,'Miss','2019-04-19 02:50:39'),(999,1862,3842,'Miss','2019-04-19 02:50:39'),(1000,1782,88,'Mr.','2019-04-19 02:50:39'),(1001,927,1898,'Dr.','2019-04-19 02:50:39'),(1002,298,2176,'Dr.','2019-04-19 02:50:39'),(1003,296,3307,'Dr.','2019-04-19 02:50:39'),(1004,843,3364,'Prof.','2019-04-19 02:50:39'),(1005,862,1972,'Dr.','2019-04-19 02:50:39'),(1006,1293,1521,'Prof.','2019-04-19 02:50:40'),(1007,1991,1613,'Dr.','2019-04-19 02:50:40'),(1008,691,427,'Prof.','2019-04-19 02:50:40'),(1009,1444,2049,'Mrs.','2019-04-19 02:50:40'),(1010,913,863,'Prof.','2019-04-19 02:50:40'),(1011,1292,548,'Dr.','2019-04-19 02:50:40'),(1012,1611,3214,'Ms.','2019-04-19 02:50:40'),(1013,1502,1670,'Prof.','2019-04-19 02:50:40'),(1014,104,1071,'Ms.','2019-04-19 02:50:41'),(1015,1186,2234,'Prof.','2019-04-19 02:50:41'),(1016,468,1744,'Prof.','2019-04-19 02:50:41'),(1017,275,1037,'Miss','2019-04-19 02:50:41'),(1018,1314,1057,'Dr.','2019-04-19 02:50:41'),(1019,1297,3665,'Miss','2019-04-19 02:50:41'),(1020,936,2472,'Dr.','2019-04-19 02:50:41'),(1021,201,2874,'Prof.','2019-04-19 02:50:41'),(1022,19,1892,'Mr.','2019-04-19 02:50:41'),(1023,1949,2291,'Mrs.','2019-04-19 02:50:42'),(1024,395,2049,'Mr.','2019-04-19 02:50:42'),(1025,416,3685,'Dr.','2019-04-19 02:50:42'),(1026,1661,1948,'Miss','2019-04-19 02:50:42'),(1027,951,3006,'Prof.','2019-04-19 02:50:42'),(1028,473,353,'Mrs.','2019-04-19 02:50:42'),(1029,156,3923,'Miss','2019-04-19 02:50:42'),(1030,1380,2414,'Miss','2019-04-19 02:50:42'),(1031,421,180,'Prof.','2019-04-19 02:50:42'),(1032,747,3664,'Miss','2019-04-19 02:50:43'),(1033,362,1208,'Mr.','2019-04-19 02:50:43'),(1034,1263,1162,'Mrs.','2019-04-19 02:50:43'),(1035,533,731,'Mr.','2019-04-19 02:50:43'),(1036,931,3564,'Miss','2019-04-19 02:50:43'),(1037,1281,958,'Ms.','2019-04-19 02:50:43'),(1038,833,3360,'Mr.','2019-04-19 02:50:43'),(1039,1925,2684,'Prof.','2019-04-19 02:50:43'),(1040,1510,2110,'Mr.','2019-04-19 02:50:44'),(1041,560,3003,'Dr.','2019-04-19 02:50:44'),(1042,103,3006,'Prof.','2019-04-19 02:50:44'),(1043,972,1774,'Miss','2019-04-19 02:50:44'),(1044,1262,3399,'Prof.','2019-04-19 02:50:44'),(1045,229,2628,'Prof.','2019-04-19 02:50:44'),(1046,237,3925,'Dr.','2019-04-19 02:50:44'),(1047,1612,3805,'Miss','2019-04-19 02:50:44'),(1048,173,22,'Dr.','2019-04-19 02:50:44'),(1049,1411,1766,'Dr.','2019-04-19 02:50:45'),(1050,1797,3812,'Prof.','2019-04-19 02:50:45'),(1051,1256,491,'Mr.','2019-04-19 02:50:45'),(1052,1079,622,'Mrs.','2019-04-19 02:50:45'),(1053,62,1272,'Miss','2019-04-19 02:50:45'),(1054,40,1705,'Dr.','2019-04-19 02:50:45'),(1055,616,3026,'Mr.','2019-04-19 02:50:45'),(1056,1178,1096,'Dr.','2019-04-19 02:50:45'),(1057,1136,2455,'Ms.','2019-04-19 02:50:45'),(1058,663,2183,'Dr.','2019-04-19 02:50:46'),(1059,585,3980,'Mrs.','2019-04-19 02:50:46'),(1060,854,2373,'Mrs.','2019-04-19 02:50:46'),(1061,1307,330,'Dr.','2019-04-19 02:50:46'),(1062,1126,2524,'Prof.','2019-04-19 02:50:46'),(1063,1672,151,'Mr.','2019-04-19 02:50:46'),(1064,803,3923,'Dr.','2019-04-19 02:50:46'),(1065,1378,2394,'Prof.','2019-04-19 02:50:47'),(1066,1401,2889,'Dr.','2019-04-19 02:50:47'),(1067,1683,217,'Mrs.','2019-04-19 02:50:47'),(1068,917,1411,'Mrs.','2019-04-19 02:50:47'),(1069,657,3327,'Prof.','2019-04-19 02:50:47'),(1070,1560,563,'Mr.','2019-04-19 02:50:47'),(1071,701,1760,'Dr.','2019-04-19 02:50:47'),(1072,610,489,'Dr.','2019-04-19 02:50:48'),(1073,1308,3205,'Dr.','2019-04-19 02:50:48'),(1074,1607,400,'Mr.','2019-04-19 02:50:48'),(1075,440,248,'Ms.','2019-04-19 02:50:48'),(1076,1564,3193,'Dr.','2019-04-19 02:50:48'),(1077,221,3631,'Dr.','2019-04-19 02:50:48'),(1078,1687,504,'Mr.','2019-04-19 02:50:48'),(1079,526,3025,'Ms.','2019-04-19 02:50:48'),(1080,1730,1408,'Dr.','2019-04-19 02:50:49'),(1081,1142,2508,'Prof.','2019-04-19 02:50:49'),(1082,1470,1813,'Dr.','2019-04-19 02:50:49'),(1083,1756,2860,'Dr.','2019-04-19 02:50:49'),(1084,1414,2294,'Dr.','2019-04-19 02:50:49'),(1085,819,2247,'Miss','2019-04-19 02:50:49'),(1086,1266,267,'Prof.','2019-04-19 02:50:49'),(1087,886,849,'Mrs.','2019-04-19 02:50:49'),(1088,255,1845,'Prof.','2019-04-19 02:50:49'),(1089,967,2961,'Mrs.','2019-04-19 02:50:49'),(1090,646,2120,'Miss','2019-04-19 02:50:50'),(1091,590,3959,'Dr.','2019-04-19 02:50:50'),(1092,984,1223,'Mr.','2019-04-19 02:50:50'),(1093,191,2604,'Miss','2019-04-19 02:50:50'),(1094,150,3578,'Miss','2019-04-19 02:50:50'),(1095,717,3076,'Miss','2019-04-19 02:50:50'),(1096,848,2113,'Dr.','2019-04-19 02:50:50'),(1097,1760,50,'Prof.','2019-04-19 02:50:51'),(1098,1744,1646,'Ms.','2019-04-19 02:50:51'),(1099,1571,1617,'Dr.','2019-04-19 02:50:51'),(1100,353,2133,'Mrs.','2019-04-19 02:50:51'),(1101,1933,4,'Prof.','2019-04-19 02:50:51'),(1102,1540,3411,'Mrs.','2019-04-19 02:50:51'),(1103,835,879,'Prof.','2019-04-19 02:50:51'),(1104,1327,2718,'Prof.','2019-04-19 02:50:51'),(1105,78,3405,'Prof.','2019-04-19 02:50:52'),(1106,1238,103,'Mr.','2019-04-19 02:50:52'),(1107,1924,564,'Prof.','2019-04-19 02:50:52'),(1108,1455,562,'Ms.','2019-04-19 02:50:52'),(1109,22,1933,'Dr.','2019-04-19 02:50:52'),(1110,1214,2941,'Prof.','2019-04-19 02:50:52'),(1111,1488,3689,'Dr.','2019-04-19 02:50:52'),(1112,1426,1651,'Mr.','2019-04-19 02:50:52'),(1113,360,3850,'Dr.','2019-04-19 02:50:52'),(1114,879,947,'Dr.','2019-04-19 02:50:52'),(1115,902,2734,'Prof.','2019-04-19 02:50:53'),(1116,952,2440,'Mr.','2019-04-19 02:50:53'),(1117,525,3948,'Ms.','2019-04-19 02:50:53'),(1118,87,1598,'Dr.','2019-04-19 02:50:53'),(1119,158,1476,'Prof.','2019-04-19 02:50:53'),(1120,1467,2433,'Mr.','2019-04-19 02:50:53'),(1121,327,2726,'Miss','2019-04-19 02:50:53'),(1122,1938,3292,'Mr.','2019-04-19 02:50:53'),(1123,3,3138,'Ms.','2019-04-19 02:50:53'),(1124,1606,3458,'Prof.','2019-04-19 02:50:54'),(1125,1196,894,'Prof.','2019-04-19 02:50:54'),(1126,965,937,'Prof.','2019-04-19 02:50:54'),(1127,1727,705,'Mr.','2019-04-19 02:50:54'),(1128,1696,2287,'Miss','2019-04-19 02:50:54'),(1129,1774,3353,'Mr.','2019-04-19 02:50:54'),(1130,516,517,'Mrs.','2019-04-19 02:50:54'),(1131,1825,3847,'Dr.','2019-04-19 02:50:54'),(1132,942,3995,'Prof.','2019-04-19 02:50:55'),(1133,2000,1798,'Prof.','2019-04-19 02:50:55'),(1134,402,1670,'Prof.','2019-04-19 02:50:55'),(1135,204,713,'Miss','2019-04-19 02:50:55'),(1136,557,1604,'Mr.','2019-04-19 02:50:55'),(1137,1562,3848,'Prof.','2019-04-19 02:50:55'),(1138,1124,3178,'Miss','2019-04-19 02:50:55'),(1139,793,1797,'Dr.','2019-04-19 02:50:55'),(1140,1982,2747,'Miss','2019-04-19 02:50:55'),(1141,1091,1815,'Prof.','2019-04-19 02:50:55'),(1142,1760,3979,'Prof.','2019-04-19 02:50:55'),(1143,1721,1224,'Mrs.','2019-04-19 02:50:56'),(1144,1690,729,'Prof.','2019-04-19 02:50:56'),(1145,1341,1839,'Mr.','2019-04-19 02:50:56'),(1146,593,3284,'Prof.','2019-04-19 02:50:56'),(1147,1754,2856,'Dr.','2019-04-19 02:50:56'),(1148,52,2489,'Mr.','2019-04-19 02:50:56'),(1149,239,1843,'Mrs.','2019-04-19 02:50:56'),(1150,75,1834,'Mrs.','2019-04-19 02:50:56'),(1151,1140,3470,'Mrs.','2019-04-19 02:50:56'),(1152,1458,132,'Ms.','2019-04-19 02:50:57'),(1153,657,1659,'Dr.','2019-04-19 02:50:57'),(1154,1943,3317,'Dr.','2019-04-19 02:50:57'),(1155,1445,2911,'Dr.','2019-04-19 02:50:57'),(1156,1974,1195,'Prof.','2019-04-19 02:50:57'),(1157,161,2391,'Miss','2019-04-19 02:50:57'),(1158,462,1713,'Dr.','2019-04-19 02:50:57'),(1159,1076,978,'Dr.','2019-04-19 02:50:57'),(1160,882,449,'Prof.','2019-04-19 02:50:58'),(1161,981,556,'Mr.','2019-04-19 02:50:58'),(1162,1391,2739,'Miss','2019-04-19 02:50:58'),(1163,609,828,'Mrs.','2019-04-19 02:50:58'),(1164,792,1031,'Mr.','2019-04-19 02:50:58'),(1165,495,71,'Ms.','2019-04-19 02:50:58'),(1166,1458,2358,'Dr.','2019-04-19 02:50:58'),(1167,89,2194,'Dr.','2019-04-19 02:50:58'),(1168,49,3841,'Miss','2019-04-19 02:50:58'),(1169,961,3648,'Prof.','2019-04-19 02:50:58'),(1170,249,85,'Dr.','2019-04-19 02:50:59'),(1171,587,2005,'Mrs.','2019-04-19 02:50:59'),(1172,127,3296,'Dr.','2019-04-19 02:50:59'),(1173,1519,2402,'Dr.','2019-04-19 02:50:59'),(1174,550,380,'Prof.','2019-04-19 02:50:59'),(1175,1321,1857,'Prof.','2019-04-19 02:50:59'),(1176,1831,29,'Dr.','2019-04-19 02:50:59'),(1177,1541,2690,'Dr.','2019-04-19 02:50:59'),(1178,849,2996,'Prof.','2019-04-19 02:50:59'),(1179,1015,1369,'Dr.','2019-04-19 02:51:00'),(1180,511,3943,'Dr.','2019-04-19 02:51:00'),(1181,209,849,'Prof.','2019-04-19 02:51:00'),(1182,1208,1540,'Mr.','2019-04-19 02:51:00'),(1183,1272,2063,'Mrs.','2019-04-19 02:51:00'),(1184,522,331,'Dr.','2019-04-19 02:51:00'),(1185,459,1238,'Prof.','2019-04-19 02:51:00'),(1186,1384,768,'Mrs.','2019-04-19 02:51:00'),(1187,66,459,'Dr.','2019-04-19 02:51:00'),(1188,161,3247,'Miss','2019-04-19 02:51:01'),(1189,636,846,'Dr.','2019-04-19 02:51:01'),(1190,1998,3445,'Mr.','2019-04-19 02:51:01'),(1191,625,1059,'Dr.','2019-04-19 02:51:01'),(1192,49,1766,'Mrs.','2019-04-19 02:51:01'),(1193,9,1173,'Ms.','2019-04-19 02:51:01'),(1194,878,2694,'Ms.','2019-04-19 02:51:01'),(1195,632,2632,'Miss','2019-04-19 02:51:01'),(1196,289,3167,'Prof.','2019-04-19 02:51:01'),(1197,239,3310,'Prof.','2019-04-19 02:51:01'),(1198,65,3468,'Mr.','2019-04-19 02:51:02'),(1199,419,2718,'Prof.','2019-04-19 02:51:02'),(1200,1846,2268,'Dr.','2019-04-19 02:51:02'),(1201,276,3696,'Prof.','2019-04-19 02:51:02'),(1202,5,595,'Prof.','2019-04-19 02:51:02'),(1203,1642,83,'Mr.','2019-04-19 02:51:02'),(1204,1558,2483,'Dr.','2019-04-19 02:51:02'),(1205,1336,940,'Ms.','2019-04-19 02:51:02'),(1206,419,387,'Dr.','2019-04-19 02:51:03'),(1207,1738,3710,'Dr.','2019-04-19 02:51:03'),(1208,778,2480,'Prof.','2019-04-19 02:51:03'),(1209,928,1407,'Prof.','2019-04-19 02:51:03'),(1210,418,1733,'Prof.','2019-04-19 02:51:03'),(1211,1093,3134,'Prof.','2019-04-19 02:51:03'),(1212,879,2363,'Mrs.','2019-04-19 02:51:03'),(1213,643,1988,'Prof.','2019-04-19 02:51:03'),(1214,1344,1449,'Prof.','2019-04-19 02:51:03'),(1215,662,3338,'Mrs.','2019-04-19 02:51:03'),(1216,916,1693,'Miss','2019-04-19 02:51:04'),(1217,422,3579,'Dr.','2019-04-19 02:51:04'),(1218,1718,2539,'Mrs.','2019-04-19 02:51:04'),(1219,1881,1097,'Miss','2019-04-19 02:51:04'),(1220,1177,1646,'Mr.','2019-04-19 02:51:04'),(1221,1581,2427,'Mr.','2019-04-19 02:51:04'),(1222,1231,3972,'Mrs.','2019-04-19 02:51:04'),(1223,1264,565,'Ms.','2019-04-19 02:51:05'),(1224,1010,3637,'Miss','2019-04-19 02:51:05'),(1225,960,2616,'Dr.','2019-04-19 02:51:05'),(1226,762,2249,'Prof.','2019-04-19 02:51:05'),(1227,783,3766,'Prof.','2019-04-19 02:51:05'),(1228,1477,370,'Prof.','2019-04-19 02:51:05'),(1229,523,1982,'Prof.','2019-04-19 02:51:05'),(1230,56,1715,'Prof.','2019-04-19 02:51:05'),(1231,776,3843,'Mrs.','2019-04-19 02:51:06'),(1232,1927,3692,'Prof.','2019-04-19 02:51:06'),(1233,242,3147,'Miss','2019-04-19 02:51:06'),(1234,1038,2386,'Dr.','2019-04-19 02:51:06'),(1235,1626,3253,'Ms.','2019-04-19 02:51:06'),(1236,1696,1589,'Dr.','2019-04-19 02:51:06'),(1237,1226,959,'Ms.','2019-04-19 02:51:06'),(1238,584,405,'Prof.','2019-04-19 02:51:06'),(1239,97,2360,'Prof.','2019-04-19 02:51:06'),(1240,698,30,'Prof.','2019-04-19 02:51:06'),(1241,322,1574,'Ms.','2019-04-19 02:51:07'),(1242,1558,233,'Mrs.','2019-04-19 02:51:07'),(1243,1630,3642,'Prof.','2019-04-19 02:51:07'),(1244,1252,2197,'Dr.','2019-04-19 02:51:07'),(1245,1824,473,'Mr.','2019-04-19 02:51:07'),(1246,1748,1199,'Dr.','2019-04-19 02:51:07'),(1247,140,1990,'Dr.','2019-04-19 02:51:07'),(1248,680,966,'Mrs.','2019-04-19 02:51:07'),(1249,1906,608,'Mrs.','2019-04-19 02:51:07'),(1250,862,1359,'Dr.','2019-04-19 02:51:08'),(1251,1751,2246,'Mrs.','2019-04-19 02:51:08'),(1252,412,3698,'Ms.','2019-04-19 02:51:08'),(1253,288,42,'Dr.','2019-04-19 02:51:08'),(1254,1713,2509,'Dr.','2019-04-19 02:51:08'),(1255,1264,883,'Dr.','2019-04-19 02:51:08'),(1256,45,1968,'Miss','2019-04-19 02:51:08'),(1257,1852,101,'Mr.','2019-04-19 02:51:08'),(1258,1775,2976,'Prof.','2019-04-19 02:51:08'),(1259,661,1325,'Prof.','2019-04-19 02:51:08'),(1260,160,3793,'Mrs.','2019-04-19 02:51:09'),(1261,382,3446,'Dr.','2019-04-19 02:51:09'),(1262,1173,162,'Dr.','2019-04-19 02:51:09'),(1263,324,1300,'Dr.','2019-04-19 02:51:09'),(1264,157,2128,'Miss','2019-04-19 02:51:09'),(1265,687,3226,'Dr.','2019-04-19 02:51:09'),(1266,798,2016,'Dr.','2019-04-19 02:51:09'),(1267,487,2983,'Ms.','2019-04-19 02:51:09'),(1268,1776,2329,'Prof.','2019-04-19 02:51:09'),(1269,842,1204,'Prof.','2019-04-19 02:51:10'),(1270,388,1574,'Mrs.','2019-04-19 02:51:10'),(1271,1375,919,'Dr.','2019-04-19 02:51:10'),(1272,1159,3178,'Dr.','2019-04-19 02:51:10'),(1273,745,1506,'Prof.','2019-04-19 02:51:11'),(1274,692,1320,'Prof.','2019-04-19 02:51:11'),(1275,691,3323,'Prof.','2019-04-19 02:51:11'),(1276,1381,1657,'Mrs.','2019-04-19 02:51:11'),(1277,591,3192,'Mr.','2019-04-19 02:51:11'),(1278,1844,3724,'Mr.','2019-04-19 02:51:11'),(1279,856,700,'Dr.','2019-04-19 02:51:11'),(1280,1230,1926,'Miss','2019-04-19 02:51:11'),(1281,540,1605,'Mrs.','2019-04-19 02:51:12'),(1282,1338,1075,'Mr.','2019-04-19 02:51:12'),(1283,1141,1732,'Mr.','2019-04-19 02:51:12'),(1284,1547,2527,'Mr.','2019-04-19 02:51:12'),(1285,481,2616,'Mr.','2019-04-19 02:51:12'),(1286,382,1902,'Dr.','2019-04-19 02:51:12'),(1287,1808,2863,'Prof.','2019-04-19 02:51:12'),(1288,919,3026,'Dr.','2019-04-19 02:51:12'),(1289,332,3438,'Prof.','2019-04-19 02:51:13'),(1290,1022,1245,'Prof.','2019-04-19 02:51:13'),(1291,1046,2769,'Mrs.','2019-04-19 02:51:13'),(1292,948,2366,'Dr.','2019-04-19 02:51:13'),(1293,453,2862,'Mr.','2019-04-19 02:51:13'),(1294,1226,1488,'Dr.','2019-04-19 02:51:13'),(1295,1145,3533,'Dr.','2019-04-19 02:51:13'),(1296,917,3564,'Miss','2019-04-19 02:51:13'),(1297,1658,2534,'Mr.','2019-04-19 02:51:13'),(1298,171,226,'Dr.','2019-04-19 02:51:14'),(1299,1486,1085,'Dr.','2019-04-19 02:51:14'),(1300,1077,2816,'Mr.','2019-04-19 02:51:14'),(1301,1095,3586,'Prof.','2019-04-19 02:51:14'),(1302,12,3233,'Mr.','2019-04-19 02:51:14'),(1303,1078,2709,'Dr.','2019-04-19 02:51:14'),(1304,1858,896,'Prof.','2019-04-19 02:51:14'),(1305,196,3037,'Prof.','2019-04-19 02:51:14'),(1306,1845,360,'Ms.','2019-04-19 02:51:14'),(1307,1180,675,'Dr.','2019-04-19 02:51:14'),(1308,367,271,'Dr.','2019-04-19 02:51:15'),(1309,1673,729,'Mrs.','2019-04-19 02:51:15'),(1310,1640,3777,'Mr.','2019-04-19 02:51:15'),(1311,1230,3247,'Prof.','2019-04-19 02:51:15'),(1312,1761,2664,'Mr.','2019-04-19 02:51:15'),(1313,1429,1961,'Miss','2019-04-19 02:51:15'),(1314,1036,1082,'Prof.','2019-04-19 02:51:15'),(1315,1552,3253,'Prof.','2019-04-19 02:51:15'),(1316,1164,1562,'Miss','2019-04-19 02:51:15'),(1317,1576,2757,'Mr.','2019-04-19 02:51:16'),(1318,1080,2276,'Mrs.','2019-04-19 02:51:16'),(1319,976,2958,'Prof.','2019-04-19 02:51:16'),(1320,548,1770,'Ms.','2019-04-19 02:51:16'),(1321,1382,3670,'Mrs.','2019-04-19 02:51:16'),(1322,1002,738,'Prof.','2019-04-19 02:51:16'),(1323,268,2047,'Prof.','2019-04-19 02:51:16'),(1324,91,1818,'Mr.','2019-04-19 02:51:16'),(1325,556,30,'Miss','2019-04-19 02:51:17'),(1326,555,3315,'Ms.','2019-04-19 02:51:17'),(1327,108,1715,'Mr.','2019-04-19 02:51:17'),(1328,3,1031,'Dr.','2019-04-19 02:51:17'),(1329,1576,1602,'Mrs.','2019-04-19 02:51:17'),(1330,1979,590,'Miss','2019-04-19 02:51:17'),(1331,931,1698,'Prof.','2019-04-19 02:51:17'),(1332,921,1504,'Dr.','2019-04-19 02:51:17'),(1333,1912,105,'Prof.','2019-04-19 02:51:17'),(1334,885,221,'Mr.','2019-04-19 02:51:18'),(1335,1114,2989,'Prof.','2019-04-19 02:51:18'),(1336,120,3585,'Prof.','2019-04-19 02:51:18'),(1337,1105,1075,'Prof.','2019-04-19 02:51:18'),(1338,328,3409,'Dr.','2019-04-19 02:51:18'),(1339,1703,2709,'Mrs.','2019-04-19 02:51:18'),(1340,1052,1247,'Prof.','2019-04-19 02:51:18'),(1341,714,3233,'Prof.','2019-04-19 02:51:19'),(1342,1604,3256,'Miss','2019-04-19 02:51:19'),(1343,773,2218,'Mrs.','2019-04-19 02:51:19'),(1344,370,86,'Dr.','2019-04-19 02:51:19'),(1345,1411,3912,'Prof.','2019-04-19 02:51:19'),(1346,1264,1562,'Dr.','2019-04-19 02:51:19'),(1347,800,2097,'Mr.','2019-04-19 02:51:19'),(1348,1296,1180,'Mr.','2019-04-19 02:51:20'),(1349,1935,608,'Dr.','2019-04-19 02:51:20'),(1350,108,3987,'Miss','2019-04-19 02:51:20'),(1351,1785,1610,'Prof.','2019-04-19 02:51:20'),(1352,108,2414,'Miss','2019-04-19 02:51:20'),(1353,569,708,'Dr.','2019-04-19 02:51:21'),(1354,856,517,'Mrs.','2019-04-19 02:51:21'),(1355,683,2282,'Miss','2019-04-19 02:51:21'),(1356,1311,1829,'Mr.','2019-04-19 02:51:21'),(1357,1368,2238,'Miss','2019-04-19 02:51:21'),(1358,526,246,'Mrs.','2019-04-19 02:51:21'),(1359,1562,3020,'Dr.','2019-04-19 02:51:21'),(1360,1272,3298,'Prof.','2019-04-19 02:51:21'),(1361,1322,965,'Prof.','2019-04-19 02:51:21'),(1362,1781,2678,'Dr.','2019-04-19 02:51:21'),(1363,1136,3721,'Dr.','2019-04-19 02:51:22'),(1364,854,2882,'Mr.','2019-04-19 02:51:22'),(1365,247,1126,'Prof.','2019-04-19 02:51:22'),(1366,1467,3064,'Ms.','2019-04-19 02:51:22'),(1367,395,1185,'Mrs.','2019-04-19 02:51:22'),(1368,1220,633,'Mrs.','2019-04-19 02:51:22'),(1369,283,873,'Prof.','2019-04-19 02:51:22'),(1370,916,1051,'Dr.','2019-04-19 02:51:22'),(1371,1896,5,'Mr.','2019-04-19 02:51:22'),(1372,1240,3030,'Ms.','2019-04-19 02:51:22'),(1373,1322,2849,'Ms.','2019-04-19 02:51:23'),(1374,1837,1760,'Dr.','2019-04-19 02:51:23'),(1375,92,2983,'Mrs.','2019-04-19 02:51:23'),(1376,1066,2322,'Mrs.','2019-04-19 02:51:23'),(1377,335,2329,'Dr.','2019-04-19 02:51:23'),(1378,699,3548,'Ms.','2019-04-19 02:51:23'),(1379,1262,1916,'Mrs.','2019-04-19 02:51:23'),(1380,1649,3612,'Mr.','2019-04-19 02:51:23'),(1381,1865,3245,'Mr.','2019-04-19 02:51:23'),(1382,682,3735,'Ms.','2019-04-19 02:51:23'),(1383,1530,3192,'Ms.','2019-04-19 02:51:23'),(1384,303,1181,'Prof.','2019-04-19 02:51:24'),(1385,1739,708,'Mrs.','2019-04-19 02:51:24'),(1386,1835,348,'Dr.','2019-04-19 02:51:24'),(1387,526,3719,'Ms.','2019-04-19 02:51:24'),(1388,1569,1901,'Mrs.','2019-04-19 02:51:24'),(1389,252,1406,'Prof.','2019-04-19 02:51:24'),(1390,237,546,'Dr.','2019-04-19 02:51:24'),(1391,6,2324,'Mr.','2019-04-19 02:51:24'),(1392,620,2181,'Prof.','2019-04-19 02:51:24'),(1393,692,2733,'Ms.','2019-04-19 02:51:24'),(1394,1349,1651,'Ms.','2019-04-19 02:51:25'),(1395,784,3230,'Prof.','2019-04-19 02:51:25'),(1396,882,1982,'Mr.','2019-04-19 02:51:25'),(1397,214,1970,'Prof.','2019-04-19 02:51:25'),(1398,676,656,'Prof.','2019-04-19 02:51:25'),(1399,1070,726,'Dr.','2019-04-19 02:51:25'),(1400,1522,1697,'Miss','2019-04-19 02:51:25'),(1401,510,1547,'Dr.','2019-04-19 02:51:25'),(1402,80,1634,'Ms.','2019-04-19 02:51:25'),(1403,815,1553,'Prof.','2019-04-19 02:51:25'),(1404,1021,2645,'Mr.','2019-04-19 02:51:25'),(1405,1471,560,'Prof.','2019-04-19 02:51:26'),(1406,963,3565,'Ms.','2019-04-19 02:51:26'),(1407,1643,155,'Prof.','2019-04-19 02:51:26'),(1408,608,2064,'Mr.','2019-04-19 02:51:26'),(1409,784,950,'Ms.','2019-04-19 02:51:26'),(1410,26,331,'Mr.','2019-04-19 02:51:26'),(1411,869,893,'Dr.','2019-04-19 02:51:26'),(1412,198,2228,'Mr.','2019-04-19 02:51:26'),(1413,1558,1959,'Prof.','2019-04-19 02:51:27'),(1414,1435,3697,'Ms.','2019-04-19 02:51:27'),(1415,491,968,'Mr.','2019-04-19 02:51:27'),(1416,101,48,'Prof.','2019-04-19 02:51:27'),(1417,604,3796,'Ms.','2019-04-19 02:51:27'),(1418,936,1899,'Miss','2019-04-19 02:51:28'),(1419,1354,2955,'Mrs.','2019-04-19 02:51:28'),(1420,899,729,'Prof.','2019-04-19 02:51:28'),(1421,209,2589,'Prof.','2019-04-19 02:51:28'),(1422,205,3981,'Dr.','2019-04-19 02:51:28'),(1423,1596,1414,'Mrs.','2019-04-19 02:51:28'),(1424,1151,2334,'Dr.','2019-04-19 02:51:28'),(1425,418,1151,'Prof.','2019-04-19 02:51:28'),(1426,962,3157,'Prof.','2019-04-19 02:51:28'),(1427,1089,2488,'Mrs.','2019-04-19 02:51:29'),(1428,1464,217,'Mr.','2019-04-19 02:51:29'),(1429,714,2698,'Dr.','2019-04-19 02:51:29'),(1430,130,99,'Mr.','2019-04-19 02:51:29'),(1431,1334,134,'Prof.','2019-04-19 02:51:29'),(1432,1713,1648,'Prof.','2019-04-19 02:51:29'),(1433,1048,2004,'Mrs.','2019-04-19 02:51:29'),(1434,1134,647,'Mrs.','2019-04-19 02:51:30'),(1435,283,2891,'Ms.','2019-04-19 02:51:30'),(1436,433,1411,'Prof.','2019-04-19 02:51:30'),(1437,1550,960,'Dr.','2019-04-19 02:51:30'),(1438,135,2194,'Mr.','2019-04-19 02:51:30'),(1439,360,791,'Dr.','2019-04-19 02:51:30'),(1440,451,2231,'Ms.','2019-04-19 02:51:30'),(1441,1267,260,'Mrs.','2019-04-19 02:51:30'),(1442,438,2931,'Prof.','2019-04-19 02:51:30'),(1443,1866,3198,'Dr.','2019-04-19 02:51:31'),(1444,1829,3941,'Miss','2019-04-19 02:51:31'),(1445,1076,3343,'Prof.','2019-04-19 02:51:31'),(1446,1243,1614,'Prof.','2019-04-19 02:51:31'),(1447,940,3724,'Mr.','2019-04-19 02:51:31'),(1448,903,761,'Mr.','2019-04-19 02:51:31'),(1449,1230,3002,'Mr.','2019-04-19 02:51:31'),(1450,1604,2202,'Dr.','2019-04-19 02:51:31'),(1451,625,1760,'Prof.','2019-04-19 02:51:32'),(1452,1603,107,'Mr.','2019-04-19 02:51:32'),(1453,210,1969,'Prof.','2019-04-19 02:51:32'),(1454,367,794,'Prof.','2019-04-19 02:51:32'),(1455,541,3812,'Mrs.','2019-04-19 02:51:32'),(1456,1011,1738,'Prof.','2019-04-19 02:51:32'),(1457,1311,1694,'Prof.','2019-04-19 02:51:32'),(1458,1479,74,'Dr.','2019-04-19 02:51:32'),(1459,1080,2081,'Dr.','2019-04-19 02:51:32'),(1460,1611,182,'Prof.','2019-04-19 02:51:32'),(1461,1428,1117,'Prof.','2019-04-19 02:51:33'),(1462,7,195,'Prof.','2019-04-19 02:51:33'),(1463,1998,3804,'Dr.','2019-04-19 02:51:33'),(1464,449,3655,'Mr.','2019-04-19 02:51:33'),(1465,1817,97,'Dr.','2019-04-19 02:51:33'),(1466,181,3397,'Prof.','2019-04-19 02:51:33'),(1467,545,359,'Mrs.','2019-04-19 02:51:33'),(1468,448,639,'Prof.','2019-04-19 02:51:33'),(1469,959,2999,'Miss','2019-04-19 02:51:33'),(1470,1441,2107,'Prof.','2019-04-19 02:51:33'),(1471,1762,1696,'Prof.','2019-04-19 02:51:34'),(1472,1442,461,'Prof.','2019-04-19 02:51:34'),(1473,1013,1943,'Dr.','2019-04-19 02:51:34'),(1474,481,1888,'Dr.','2019-04-19 02:51:34'),(1475,349,1350,'Mrs.','2019-04-19 02:51:34'),(1476,602,2741,'Prof.','2019-04-19 02:51:35'),(1477,176,3035,'Mr.','2019-04-19 02:51:35'),(1478,328,784,'Prof.','2019-04-19 02:51:35'),(1479,1482,1668,'Prof.','2019-04-19 02:51:35'),(1480,624,1610,'Ms.','2019-04-19 02:51:35'),(1481,1462,1653,'Mrs.','2019-04-19 02:51:35'),(1482,1413,467,'Dr.','2019-04-19 02:51:35'),(1483,630,885,'Prof.','2019-04-19 02:51:35'),(1484,1759,1246,'Dr.','2019-04-19 02:51:35'),(1485,1380,1974,'Mr.','2019-04-19 02:51:35'),(1486,6,3271,'Mr.','2019-04-19 02:51:36'),(1487,1421,3781,'Prof.','2019-04-19 02:51:36'),(1488,1146,416,'Prof.','2019-04-19 02:51:36'),(1489,398,333,'Dr.','2019-04-19 02:51:36'),(1490,320,601,'Prof.','2019-04-19 02:51:36'),(1491,59,1878,'Dr.','2019-04-19 02:51:36'),(1492,289,3919,'Prof.','2019-04-19 02:51:36'),(1493,737,386,'Dr.','2019-04-19 02:51:36'),(1494,186,1004,'Dr.','2019-04-19 02:51:37'),(1495,855,1252,'Mrs.','2019-04-19 02:51:37'),(1496,253,115,'Miss','2019-04-19 02:51:37'),(1497,497,463,'Mrs.','2019-04-19 02:51:37'),(1498,1453,2713,'Dr.','2019-04-19 02:51:37'),(1499,397,802,'Dr.','2019-04-19 02:51:37'),(1500,1930,725,'Miss','2019-04-19 02:51:37'),(1501,171,3434,'Mr.','2019-04-19 02:51:37'),(1502,1900,288,'Mr.','2019-04-19 02:51:37'),(1503,1339,3082,'Mr.','2019-04-19 02:51:38'),(1504,632,1392,'Dr.','2019-04-19 02:51:38'),(1505,1097,1068,'Ms.','2019-04-19 02:51:38'),(1506,468,2056,'Ms.','2019-04-19 02:51:38'),(1507,1904,845,'Mr.','2019-04-19 02:51:38'),(1508,661,2798,'Prof.','2019-04-19 02:51:38'),(1509,1514,142,'Ms.','2019-04-19 02:51:38'),(1510,292,649,'Prof.','2019-04-19 02:51:38'),(1511,695,1386,'Dr.','2019-04-19 02:51:38'),(1512,1997,2689,'Prof.','2019-04-19 02:51:39'),(1513,1947,3706,'Dr.','2019-04-19 02:51:39'),(1514,1740,1598,'Mr.','2019-04-19 02:51:39'),(1515,163,3058,'Mrs.','2019-04-19 02:51:39'),(1516,1876,1283,'Prof.','2019-04-19 02:51:39'),(1517,1532,408,'Dr.','2019-04-19 02:51:39'),(1518,790,1565,'Dr.','2019-04-19 02:51:39'),(1519,1825,1406,'Dr.','2019-04-19 02:51:39'),(1520,577,227,'Dr.','2019-04-19 02:51:40'),(1521,1056,1994,'Dr.','2019-04-19 02:51:40'),(1522,1828,3563,'Prof.','2019-04-19 02:51:40'),(1523,903,1521,'Prof.','2019-04-19 02:51:40'),(1524,1366,3753,'Dr.','2019-04-19 02:51:40'),(1525,608,3768,'Dr.','2019-04-19 02:51:40'),(1526,678,637,'Prof.','2019-04-19 02:51:40'),(1527,1775,2584,'Mr.','2019-04-19 02:51:40'),(1528,1640,3097,'Dr.','2019-04-19 02:51:40'),(1529,1054,59,'Dr.','2019-04-19 02:51:41'),(1530,1976,3172,'Mrs.','2019-04-19 02:51:41'),(1531,1662,3401,'Dr.','2019-04-19 02:51:41'),(1532,116,62,'Mrs.','2019-04-19 02:51:41'),(1533,1235,3848,'Ms.','2019-04-19 02:51:41'),(1534,580,388,'Dr.','2019-04-19 02:51:41'),(1535,1538,3879,'Mrs.','2019-04-19 02:51:41'),(1536,349,3431,'Mrs.','2019-04-19 02:51:41'),(1537,1935,2682,'Ms.','2019-04-19 02:51:41'),(1538,48,3635,'Dr.','2019-04-19 02:51:42'),(1539,1506,3681,'Ms.','2019-04-19 02:51:42'),(1540,1275,2877,'Mr.','2019-04-19 02:51:42'),(1541,211,1363,'Mr.','2019-04-19 02:51:42'),(1542,1519,2451,'Mr.','2019-04-19 02:51:42'),(1543,606,2831,'Mr.','2019-04-19 02:51:42'),(1544,444,3917,'Dr.','2019-04-19 02:51:42'),(1545,1600,3350,'Dr.','2019-04-19 02:51:42'),(1546,471,1482,'Dr.','2019-04-19 02:51:42'),(1547,467,1643,'Miss','2019-04-19 02:51:42'),(1548,266,1896,'Mrs.','2019-04-19 02:51:43'),(1549,809,812,'Prof.','2019-04-19 02:51:43'),(1550,1873,3083,'Dr.','2019-04-19 02:51:43'),(1551,248,194,'Mrs.','2019-04-19 02:51:43'),(1552,630,2489,'Mrs.','2019-04-19 02:51:43'),(1553,1299,3398,'Prof.','2019-04-19 02:51:43'),(1554,1418,1481,'Dr.','2019-04-19 02:51:43'),(1555,324,337,'Mrs.','2019-04-19 02:51:43'),(1556,851,2739,'Mr.','2019-04-19 02:51:44'),(1557,1603,2384,'Mr.','2019-04-19 02:51:44'),(1558,510,1854,'Mr.','2019-04-19 02:51:44'),(1559,901,700,'Dr.','2019-04-19 02:51:44'),(1560,684,1802,'Mr.','2019-04-19 02:51:44'),(1561,545,2739,'Prof.','2019-04-19 02:51:44'),(1562,538,1617,'Mrs.','2019-04-19 02:51:45'),(1563,1690,2039,'Mrs.','2019-04-19 02:51:45'),(1564,562,293,'Ms.','2019-04-19 02:51:45'),(1565,1521,2461,'Dr.','2019-04-19 02:51:45'),(1566,493,3916,'Ms.','2019-04-19 02:51:45'),(1567,295,698,'Dr.','2019-04-19 02:51:45'),(1568,191,3571,'Dr.','2019-04-19 02:51:45'),(1569,444,3685,'Mrs.','2019-04-19 02:51:45'),(1570,1335,3408,'Mrs.','2019-04-19 02:51:46'),(1571,96,534,'Miss','2019-04-19 02:51:46'),(1572,1297,3996,'Mr.','2019-04-19 02:51:46'),(1573,1396,1233,'Prof.','2019-04-19 02:51:46'),(1574,1878,2037,'Prof.','2019-04-19 02:51:46'),(1575,1167,2272,'Mrs.','2019-04-19 02:51:46'),(1576,1597,1441,'Prof.','2019-04-19 02:51:46'),(1577,1693,470,'Dr.','2019-04-19 02:51:47'),(1578,173,3569,'Mr.','2019-04-19 02:51:47'),(1579,1485,1992,'Miss','2019-04-19 02:51:47'),(1580,1881,2857,'Prof.','2019-04-19 02:51:47'),(1581,1614,1347,'Dr.','2019-04-19 02:51:47'),(1582,1864,1163,'Prof.','2019-04-19 02:51:47'),(1583,752,2003,'Ms.','2019-04-19 02:51:47'),(1584,1855,1065,'Prof.','2019-04-19 02:51:48'),(1585,1934,3868,'Mr.','2019-04-19 02:51:48'),(1586,508,2756,'Prof.','2019-04-19 02:51:48'),(1587,260,1402,'Miss','2019-04-19 02:51:48'),(1588,893,2873,'Mr.','2019-04-19 02:51:48'),(1589,1875,559,'Prof.','2019-04-19 02:51:48'),(1590,1244,1972,'Miss','2019-04-19 02:51:48'),(1591,1277,3340,'Mr.','2019-04-19 02:51:48'),(1592,251,3937,'Mr.','2019-04-19 02:51:48'),(1593,1006,1582,'Prof.','2019-04-19 02:51:49'),(1594,1414,421,'Dr.','2019-04-19 02:51:49'),(1595,1058,52,'Dr.','2019-04-19 02:51:49'),(1596,1206,2449,'Mr.','2019-04-19 02:51:49'),(1597,1311,3489,'Dr.','2019-04-19 02:51:49'),(1598,1642,3195,'Miss','2019-04-19 02:51:49'),(1599,1509,3711,'Mr.','2019-04-19 02:51:49'),(1600,815,633,'Dr.','2019-04-19 02:51:50'),(1601,1220,3664,'Mr.','2019-04-19 02:51:50'),(1602,1350,3303,'Miss','2019-04-19 02:51:50'),(1603,1640,2437,'Ms.','2019-04-19 02:51:50'),(1604,1304,2111,'Mrs.','2019-04-19 02:51:51'),(1605,712,2819,'Ms.','2019-04-19 02:51:51'),(1606,835,3738,'Dr.','2019-04-19 02:51:51'),(1607,10,2048,'Prof.','2019-04-19 02:51:51'),(1608,1806,267,'Dr.','2019-04-19 02:51:51'),(1609,654,2509,'Prof.','2019-04-19 02:51:51'),(1610,1092,2665,'Mr.','2019-04-19 02:51:51'),(1611,96,3403,'Mr.','2019-04-19 02:51:52'),(1612,312,67,'Prof.','2019-04-19 02:51:52'),(1613,1420,3481,'Dr.','2019-04-19 02:51:52'),(1614,1579,3265,'Mrs.','2019-04-19 02:51:52'),(1615,673,3178,'Mrs.','2019-04-19 02:51:52'),(1616,1548,1311,'Dr.','2019-04-19 02:51:52'),(1617,1902,57,'Dr.','2019-04-19 02:51:52'),(1618,561,1280,'Mrs.','2019-04-19 02:51:52'),(1619,1562,1966,'Prof.','2019-04-19 02:51:53'),(1620,1175,2327,'Dr.','2019-04-19 02:51:53'),(1621,1450,203,'Dr.','2019-04-19 02:51:53'),(1622,1153,947,'Mr.','2019-04-19 02:51:53'),(1623,1117,558,'Prof.','2019-04-19 02:51:53'),(1624,344,2109,'Prof.','2019-04-19 02:51:53'),(1625,1426,453,'Mr.','2019-04-19 02:51:54'),(1626,840,302,'Dr.','2019-04-19 02:51:54'),(1627,238,286,'Ms.','2019-04-19 02:51:54'),(1628,387,2028,'Dr.','2019-04-19 02:51:54'),(1629,1741,2995,'Mr.','2019-04-19 02:51:54'),(1630,1890,3532,'Ms.','2019-04-19 02:51:54'),(1631,1795,1427,'Dr.','2019-04-19 02:51:54'),(1632,1937,2158,'Mrs.','2019-04-19 02:51:54'),(1633,1138,3988,'Prof.','2019-04-19 02:51:55'),(1634,90,1539,'Ms.','2019-04-19 02:51:55'),(1635,1549,2351,'Dr.','2019-04-19 02:51:55'),(1636,744,3804,'Mr.','2019-04-19 02:51:55'),(1637,1017,360,'Prof.','2019-04-19 02:51:55'),(1638,1382,614,'Dr.','2019-04-19 02:51:55'),(1639,668,684,'Dr.','2019-04-19 02:51:55'),(1640,612,273,'Miss','2019-04-19 02:51:55'),(1641,1055,3034,'Miss','2019-04-19 02:51:55'),(1642,980,1769,'Mr.','2019-04-19 02:51:56'),(1643,814,2447,'Mr.','2019-04-19 02:51:56'),(1644,776,1431,'Prof.','2019-04-19 02:51:56'),(1645,714,3398,'Mrs.','2019-04-19 02:51:56'),(1646,1243,1281,'Prof.','2019-04-19 02:51:56'),(1647,1608,1425,'Dr.','2019-04-19 02:51:57'),(1648,944,578,'Ms.','2019-04-19 02:51:57'),(1649,425,596,'Ms.','2019-04-19 02:51:57'),(1650,1222,1065,'Mrs.','2019-04-19 02:51:57'),(1651,1300,138,'Mrs.','2019-04-19 02:51:57'),(1652,641,3054,'Dr.','2019-04-19 02:51:57'),(1653,1003,2502,'Mrs.','2019-04-19 02:51:57'),(1654,29,3100,'Miss','2019-04-19 02:51:58'),(1655,155,2241,'Mrs.','2019-04-19 02:51:58'),(1656,1642,3931,'Prof.','2019-04-19 02:51:58'),(1657,423,1615,'Miss','2019-04-19 02:51:58'),(1658,970,502,'Mr.','2019-04-19 02:51:58'),(1659,1783,3398,'Prof.','2019-04-19 02:51:58'),(1660,1275,395,'Prof.','2019-04-19 02:51:59'),(1661,1465,608,'Prof.','2019-04-19 02:51:59'),(1662,760,1953,'Prof.','2019-04-19 02:51:59'),(1663,1724,1722,'Dr.','2019-04-19 02:51:59'),(1664,989,840,'Prof.','2019-04-19 02:51:59'),(1665,166,1761,'Prof.','2019-04-19 02:51:59'),(1666,1588,2809,'Prof.','2019-04-19 02:51:59'),(1667,648,2772,'Ms.','2019-04-19 02:52:00'),(1668,873,2195,'Dr.','2019-04-19 02:52:00'),(1669,1500,708,'Miss','2019-04-19 02:52:00'),(1670,885,2565,'Miss','2019-04-19 02:52:00'),(1671,445,1031,'Dr.','2019-04-19 02:52:00'),(1672,314,2468,'Dr.','2019-04-19 02:52:00'),(1673,15,3218,'Dr.','2019-04-19 02:52:00'),(1674,652,1152,'Ms.','2019-04-19 02:52:00'),(1675,386,584,'Dr.','2019-04-19 02:52:00'),(1676,1798,3619,'Prof.','2019-04-19 02:52:00'),(1677,1872,2424,'Dr.','2019-04-19 02:52:01'),(1678,136,854,'Dr.','2019-04-19 02:52:01'),(1679,646,1867,'Mr.','2019-04-19 02:52:01'),(1680,1665,2227,'Mr.','2019-04-19 02:52:01'),(1681,31,613,'Mr.','2019-04-19 02:52:01'),(1682,408,2261,'Mrs.','2019-04-19 02:52:01'),(1683,687,1648,'Prof.','2019-04-19 02:52:01'),(1684,1355,3264,'Prof.','2019-04-19 02:52:01'),(1685,1700,2732,'Ms.','2019-04-19 02:52:02'),(1686,251,929,'Dr.','2019-04-19 02:52:02'),(1687,643,202,'Prof.','2019-04-19 02:52:02'),(1688,1927,141,'Miss','2019-04-19 02:52:02'),(1689,658,764,'Ms.','2019-04-19 02:52:02'),(1690,615,1479,'Prof.','2019-04-19 02:52:02'),(1691,936,2768,'Mr.','2019-04-19 02:52:02'),(1692,189,1586,'Prof.','2019-04-19 02:52:02'),(1693,1330,965,'Prof.','2019-04-19 02:52:03'),(1694,581,386,'Mr.','2019-04-19 02:52:03'),(1695,1996,3637,'Mrs.','2019-04-19 02:52:03'),(1696,1102,2691,'Dr.','2019-04-19 02:52:03'),(1697,349,3251,'Dr.','2019-04-19 02:52:04'),(1698,786,2888,'Mrs.','2019-04-19 02:52:04'),(1699,1650,1052,'Ms.','2019-04-19 02:52:04'),(1700,1806,3787,'Dr.','2019-04-19 02:52:04'),(1701,1948,1514,'Mr.','2019-04-19 02:52:04'),(1702,1374,3331,'Prof.','2019-04-19 02:52:05'),(1703,769,2457,'Prof.','2019-04-19 02:52:05'),(1704,1012,66,'Prof.','2019-04-19 02:52:05'),(1705,697,1201,'Dr.','2019-04-19 02:52:05'),(1706,510,2279,'Dr.','2019-04-19 02:52:05'),(1707,398,3905,'Ms.','2019-04-19 02:52:05'),(1708,1879,2019,'Prof.','2019-04-19 02:52:05'),(1709,857,3520,'Mr.','2019-04-19 02:52:05'),(1710,1907,3344,'Dr.','2019-04-19 02:52:05'),(1711,993,2523,'Miss','2019-04-19 02:52:06'),(1712,1220,239,'Dr.','2019-04-19 02:52:06'),(1713,1051,358,'Prof.','2019-04-19 02:52:06'),(1714,109,3503,'Dr.','2019-04-19 02:52:06'),(1715,230,2538,'Mrs.','2019-04-19 02:52:06'),(1716,1804,2334,'Prof.','2019-04-19 02:52:06'),(1717,270,2699,'Dr.','2019-04-19 02:52:06'),(1718,580,970,'Dr.','2019-04-19 02:52:06'),(1719,377,2761,'Ms.','2019-04-19 02:52:06'),(1720,1278,1682,'Ms.','2019-04-19 02:52:07'),(1721,693,2145,'Mr.','2019-04-19 02:52:07'),(1722,1565,2424,'Dr.','2019-04-19 02:52:07'),(1723,1298,2873,'Mr.','2019-04-19 02:52:07'),(1724,1656,3770,'Prof.','2019-04-19 02:52:07'),(1725,587,2039,'Dr.','2019-04-19 02:52:07'),(1726,1458,54,'Miss','2019-04-19 02:52:07'),(1727,898,120,'Mrs.','2019-04-19 02:52:07'),(1728,1172,3439,'Mr.','2019-04-19 02:52:08'),(1729,1435,2137,'Mrs.','2019-04-19 02:52:08'),(1730,635,2364,'Dr.','2019-04-19 02:52:08'),(1731,1037,1795,'Mr.','2019-04-19 02:52:08'),(1732,1965,2621,'Mrs.','2019-04-19 02:52:08'),(1733,371,447,'Mrs.','2019-04-19 02:52:09'),(1734,73,1579,'Ms.','2019-04-19 02:52:09'),(1735,1538,1521,'Mrs.','2019-04-19 02:52:09'),(1736,69,1476,'Prof.','2019-04-19 02:52:09'),(1737,1030,2551,'Dr.','2019-04-19 02:52:09'),(1738,279,2024,'Prof.','2019-04-19 02:52:09'),(1739,1910,1355,'Mr.','2019-04-19 02:52:09'),(1740,1407,2867,'Dr.','2019-04-19 02:52:09'),(1741,1120,3732,'Mr.','2019-04-19 02:52:10'),(1742,1187,1948,'Mrs.','2019-04-19 02:52:10'),(1743,327,3364,'Ms.','2019-04-19 02:52:10'),(1744,1878,2462,'Dr.','2019-04-19 02:52:10'),(1745,1791,3899,'Dr.','2019-04-19 02:52:10'),(1746,1268,16,'Dr.','2019-04-19 02:52:10'),(1747,1019,2076,'Prof.','2019-04-19 02:52:10'),(1748,460,2736,'Mr.','2019-04-19 02:52:10'),(1749,575,2420,'Prof.','2019-04-19 02:52:10'),(1750,1536,3157,'Mrs.','2019-04-19 02:52:11'),(1751,983,862,'Miss','2019-04-19 02:52:11'),(1752,1245,1757,'Prof.','2019-04-19 02:52:11'),(1753,1582,3967,'Ms.','2019-04-19 02:52:11'),(1754,954,2348,'Prof.','2019-04-19 02:52:11'),(1755,1215,3602,'Prof.','2019-04-19 02:52:11'),(1756,89,1851,'Miss','2019-04-19 02:52:11'),(1757,514,58,'Mr.','2019-04-19 02:52:11'),(1758,1399,3065,'Ms.','2019-04-19 02:52:11'),(1759,1029,2924,'Prof.','2019-04-19 02:52:12'),(1760,1979,1295,'Mr.','2019-04-19 02:52:12'),(1761,1829,1519,'Dr.','2019-04-19 02:52:12'),(1762,1042,8,'Prof.','2019-04-19 02:52:12'),(1763,1120,839,'Prof.','2019-04-19 02:52:12'),(1764,1743,153,'Ms.','2019-04-19 02:52:12'),(1765,1983,680,'Dr.','2019-04-19 02:52:12'),(1766,498,1802,'Mr.','2019-04-19 02:52:12'),(1767,306,1980,'Dr.','2019-04-19 02:52:13'),(1768,1846,2401,'Prof.','2019-04-19 02:52:13'),(1769,1186,772,'Prof.','2019-04-19 02:52:13'),(1770,1969,3360,'Mr.','2019-04-19 02:52:13'),(1771,314,2716,'Prof.','2019-04-19 02:52:13'),(1772,1452,2691,'Miss','2019-04-19 02:52:13'),(1773,353,958,'Prof.','2019-04-19 02:52:13'),(1774,1399,1339,'Prof.','2019-04-19 02:52:13'),(1775,1261,3908,'Ms.','2019-04-19 02:52:14'),(1776,1649,3847,'Prof.','2019-04-19 02:52:14'),(1777,1605,618,'Mrs.','2019-04-19 02:52:14'),(1778,1028,1529,'Prof.','2019-04-19 02:52:14'),(1779,815,120,'Ms.','2019-04-19 02:52:14'),(1780,1412,755,'Miss','2019-04-19 02:52:14'),(1781,1883,1658,'Prof.','2019-04-19 02:52:14'),(1782,240,446,'Dr.','2019-04-19 02:52:14'),(1783,1970,1776,'Mrs.','2019-04-19 02:52:15'),(1784,1870,533,'Miss','2019-04-19 02:52:15'),(1785,1319,1252,'Prof.','2019-04-19 02:52:15'),(1786,1144,1800,'Dr.','2019-04-19 02:52:15'),(1787,845,1089,'Dr.','2019-04-19 02:52:15'),(1788,18,3222,'Miss','2019-04-19 02:52:15'),(1789,945,3889,'Prof.','2019-04-19 02:52:15'),(1790,730,1902,'Miss','2019-04-19 02:52:15'),(1791,186,3435,'Dr.','2019-04-19 02:52:15'),(1792,339,2074,'Prof.','2019-04-19 02:52:16'),(1793,1147,1641,'Miss','2019-04-19 02:52:16'),(1794,406,3901,'Mr.','2019-04-19 02:52:16'),(1795,1946,1715,'Mr.','2019-04-19 02:52:16'),(1796,318,1158,'Miss','2019-04-19 02:52:16'),(1797,1083,1541,'Prof.','2019-04-19 02:52:16'),(1798,782,2768,'Prof.','2019-04-19 02:52:16'),(1799,720,3659,'Miss','2019-04-19 02:52:16'),(1800,1357,1472,'Dr.','2019-04-19 02:52:17'),(1801,1932,2889,'Prof.','2019-04-19 02:52:17'),(1802,1650,2568,'Dr.','2019-04-19 02:52:17'),(1803,1638,504,'Ms.','2019-04-19 02:52:17'),(1804,462,1090,'Mrs.','2019-04-19 02:52:17'),(1805,1650,1873,'Dr.','2019-04-19 02:52:17'),(1806,1055,266,'Mr.','2019-04-19 02:52:17'),(1807,1949,1647,'Miss','2019-04-19 02:52:17'),(1808,1495,3225,'Prof.','2019-04-19 02:52:18'),(1809,978,658,'Dr.','2019-04-19 02:52:18'),(1810,1627,3090,'Prof.','2019-04-19 02:52:18'),(1811,1720,909,'Mr.','2019-04-19 02:52:18'),(1812,1431,712,'Mr.','2019-04-19 02:52:18'),(1813,1529,866,'Ms.','2019-04-19 02:52:18'),(1814,983,2119,'Mrs.','2019-04-19 02:52:18'),(1815,1338,2178,'Prof.','2019-04-19 02:52:19'),(1816,1885,902,'Prof.','2019-04-19 02:52:19'),(1817,1046,227,'Dr.','2019-04-19 02:52:19'),(1818,1223,1047,'Mrs.','2019-04-19 02:52:19'),(1819,970,827,'Mr.','2019-04-19 02:52:19'),(1820,261,1706,'Mrs.','2019-04-19 02:52:19'),(1821,900,3400,'Miss','2019-04-19 02:52:19'),(1822,546,1259,'Miss','2019-04-19 02:52:19'),(1823,481,70,'Dr.','2019-04-19 02:52:19'),(1824,230,3011,'Mr.','2019-04-19 02:52:20'),(1825,1591,2660,'Prof.','2019-04-19 02:52:20'),(1826,1374,3457,'Prof.','2019-04-19 02:52:20'),(1827,1135,3612,'Dr.','2019-04-19 02:52:20'),(1828,188,3771,'Ms.','2019-04-19 02:52:20'),(1829,1637,1972,'Prof.','2019-04-19 02:52:20'),(1830,732,3479,'Mr.','2019-04-19 02:52:20'),(1831,1988,3226,'Miss','2019-04-19 02:52:20'),(1832,1658,106,'Dr.','2019-04-19 02:52:20'),(1833,1036,2448,'Prof.','2019-04-19 02:52:21'),(1834,1132,3013,'Mr.','2019-04-19 02:52:21'),(1835,1236,2457,'Ms.','2019-04-19 02:52:21'),(1836,1554,753,'Mr.','2019-04-19 02:52:21'),(1837,1716,1021,'Dr.','2019-04-19 02:52:22'),(1838,1780,212,'Dr.','2019-04-19 02:52:22'),(1839,241,1658,'Mr.','2019-04-19 02:52:22'),(1840,1002,852,'Ms.','2019-04-19 02:52:22'),(1841,1874,781,'Dr.','2019-04-19 02:52:22'),(1842,1623,3725,'Dr.','2019-04-19 02:52:22'),(1843,1351,1051,'Dr.','2019-04-19 02:52:22'),(1844,1990,2927,'Dr.','2019-04-19 02:52:22'),(1845,1519,342,'Prof.','2019-04-19 02:52:22'),(1846,395,660,'Mrs.','2019-04-19 02:52:23'),(1847,339,2389,'Mr.','2019-04-19 02:52:23'),(1848,1241,1521,'Dr.','2019-04-19 02:52:23'),(1849,478,2777,'Prof.','2019-04-19 02:52:23'),(1850,6,295,'Ms.','2019-04-19 02:52:23'),(1851,255,3095,'Prof.','2019-04-19 02:52:23'),(1852,128,776,'Mr.','2019-04-19 02:52:23'),(1853,1460,1252,'Prof.','2019-04-19 02:52:23'),(1854,938,630,'Prof.','2019-04-19 02:52:23'),(1855,459,2532,'Dr.','2019-04-19 02:52:24'),(1856,1370,406,'Dr.','2019-04-19 02:52:24'),(1857,238,1067,'Prof.','2019-04-19 02:52:24'),(1858,1408,3892,'Miss','2019-04-19 02:52:24'),(1859,730,2790,'Mr.','2019-04-19 02:52:24'),(1860,1750,2708,'Prof.','2019-04-19 02:52:25'),(1861,1136,1810,'Dr.','2019-04-19 02:52:25'),(1862,1689,2227,'Prof.','2019-04-19 02:52:25'),(1863,1300,3727,'Ms.','2019-04-19 02:52:25'),(1864,825,2906,'Dr.','2019-04-19 02:52:25'),(1865,140,3078,'Mrs.','2019-04-19 02:52:25'),(1866,1199,3758,'Mr.','2019-04-19 02:52:25'),(1867,1212,681,'Prof.','2019-04-19 02:52:26'),(1868,892,2704,'Mr.','2019-04-19 02:52:26'),(1869,1296,1561,'Mr.','2019-04-19 02:52:26'),(1870,787,1996,'Prof.','2019-04-19 02:52:26'),(1871,1750,362,'Mr.','2019-04-19 02:52:26'),(1872,1452,1988,'Prof.','2019-04-19 02:52:26'),(1873,652,2584,'Prof.','2019-04-19 02:52:26'),(1874,1105,154,'Dr.','2019-04-19 02:52:26'),(1875,1250,1982,'Mrs.','2019-04-19 02:52:26'),(1876,428,3505,'Dr.','2019-04-19 02:52:27'),(1877,843,2552,'Dr.','2019-04-19 02:52:27'),(1878,862,38,'Prof.','2019-04-19 02:52:27'),(1879,1374,2372,'Mrs.','2019-04-19 02:52:27'),(1880,1547,945,'Prof.','2019-04-19 02:52:27'),(1881,1866,2209,'Dr.','2019-04-19 02:52:27'),(1882,187,1768,'Miss','2019-04-19 02:52:27'),(1883,1335,326,'Dr.','2019-04-19 02:52:27'),(1884,817,769,'Prof.','2019-04-19 02:52:28'),(1885,1396,1383,'Prof.','2019-04-19 02:52:28'),(1886,226,299,'Miss','2019-04-19 02:52:28'),(1887,235,1750,'Mr.','2019-04-19 02:52:28'),(1888,605,2561,'Dr.','2019-04-19 02:52:28'),(1889,1061,3978,'Prof.','2019-04-19 02:52:28'),(1890,848,1820,'Ms.','2019-04-19 02:52:29'),(1891,1061,3227,'Dr.','2019-04-19 02:52:29'),(1892,107,3364,'Mrs.','2019-04-19 02:52:29'),(1893,753,1862,'Mr.','2019-04-19 02:52:29'),(1894,1472,3252,'Prof.','2019-04-19 02:52:29'),(1895,1720,2832,'Prof.','2019-04-19 02:52:29'),(1896,1535,2208,'Miss','2019-04-19 02:52:29'),(1897,1963,746,'Dr.','2019-04-19 02:52:29'),(1898,5,1995,'Dr.','2019-04-19 02:52:30'),(1899,1464,3828,'Prof.','2019-04-19 02:52:30'),(1900,66,644,'Prof.','2019-04-19 02:52:30'),(1901,1298,2524,'Mr.','2019-04-19 02:52:30'),(1902,1380,1101,'Dr.','2019-04-19 02:52:30'),(1903,1314,2876,'Miss','2019-04-19 02:52:30'),(1904,562,600,'Dr.','2019-04-19 02:52:30'),(1905,1813,1315,'Prof.','2019-04-19 02:52:30'),(1906,278,89,'Dr.','2019-04-19 02:52:30'),(1907,256,3901,'Dr.','2019-04-19 02:52:31'),(1908,1919,3107,'Dr.','2019-04-19 02:52:31'),(1909,1986,3855,'Dr.','2019-04-19 02:52:31'),(1910,1528,3696,'Prof.','2019-04-19 02:52:31'),(1911,61,1089,'Prof.','2019-04-19 02:52:31'),(1912,1651,1385,'Dr.','2019-04-19 02:52:31'),(1913,793,904,'Dr.','2019-04-19 02:52:32'),(1914,1648,563,'Prof.','2019-04-19 02:52:32'),(1915,378,3424,'Mrs.','2019-04-19 02:52:32'),(1916,319,901,'Dr.','2019-04-19 02:52:32'),(1917,1257,2878,'Dr.','2019-04-19 02:52:32'),(1918,1301,541,'Prof.','2019-04-19 02:52:32'),(1919,241,2797,'Mrs.','2019-04-19 02:52:32'),(1920,1529,3635,'Prof.','2019-04-19 02:52:32'),(1921,112,1243,'Dr.','2019-04-19 02:52:32'),(1922,1786,2353,'Prof.','2019-04-19 02:52:33'),(1923,1375,755,'Prof.','2019-04-19 02:52:33'),(1924,1427,3792,'Prof.','2019-04-19 02:52:33'),(1925,1171,1138,'Prof.','2019-04-19 02:52:33'),(1926,858,2783,'Ms.','2019-04-19 02:52:33'),(1927,486,1959,'Dr.','2019-04-19 02:52:33'),(1928,15,127,'Prof.','2019-04-19 02:52:33'),(1929,1240,3309,'Ms.','2019-04-19 02:52:33'),(1930,1431,2356,'Prof.','2019-04-19 02:52:34'),(1931,1018,2759,'Ms.','2019-04-19 02:52:34'),(1932,1841,3653,'Miss','2019-04-19 02:52:34'),(1933,398,3939,'Dr.','2019-04-19 02:52:34'),(1934,770,2426,'Prof.','2019-04-19 02:52:34'),(1935,761,206,'Dr.','2019-04-19 02:52:34'),(1936,1522,2054,'Mrs.','2019-04-19 02:52:34'),(1937,1724,1165,'Miss','2019-04-19 02:52:34'),(1938,1704,3394,'Mr.','2019-04-19 02:52:34'),(1939,892,2926,'Mrs.','2019-04-19 02:52:35'),(1940,4,3871,'Dr.','2019-04-19 02:52:35'),(1941,1891,86,'Dr.','2019-04-19 02:52:35'),(1942,615,2990,'Mr.','2019-04-19 02:52:35'),(1943,1627,3235,'Ms.','2019-04-19 02:52:35'),(1944,1325,1636,'Mr.','2019-04-19 02:52:35'),(1945,1422,3073,'Prof.','2019-04-19 02:52:35'),(1946,718,1686,'Dr.','2019-04-19 02:52:35'),(1947,420,338,'Prof.','2019-04-19 02:52:36'),(1948,1139,3099,'Ms.','2019-04-19 02:52:36'),(1949,1411,1769,'Mrs.','2019-04-19 02:52:36'),(1950,609,3891,'Miss','2019-04-19 02:52:36'),(1951,671,2404,'Mr.','2019-04-19 02:52:36'),(1952,1175,422,'Dr.','2019-04-19 02:52:36'),(1953,552,1472,'Miss','2019-04-19 02:52:36'),(1954,1414,1646,'Mr.','2019-04-19 02:52:36'),(1955,63,3681,'Ms.','2019-04-19 02:52:37'),(1956,360,3354,'Prof.','2019-04-19 02:52:37'),(1957,686,2657,'Dr.','2019-04-19 02:52:37'),(1958,1484,649,'Mrs.','2019-04-19 02:52:37'),(1959,1526,1202,'Mr.','2019-04-19 02:52:37'),(1960,994,3522,'Prof.','2019-04-19 02:52:37'),(1961,1463,3950,'Miss','2019-04-19 02:52:37'),(1962,1394,3049,'Mrs.','2019-04-19 02:52:38'),(1963,749,1625,'Mr.','2019-04-19 02:52:38'),(1964,105,2307,'Prof.','2019-04-19 02:52:38'),(1965,1097,3792,'Mr.','2019-04-19 02:52:38'),(1966,807,3929,'Miss','2019-04-19 02:52:38'),(1967,997,3409,'Prof.','2019-04-19 02:52:38'),(1968,229,2773,'Prof.','2019-04-19 02:52:38'),(1969,1002,2924,'Prof.','2019-04-19 02:52:38'),(1970,1469,79,'Prof.','2019-04-19 02:52:39'),(1971,510,309,'Mr.','2019-04-19 02:52:39'),(1972,875,687,'Mrs.','2019-04-19 02:52:39'),(1973,65,3516,'Mrs.','2019-04-19 02:52:39'),(1974,1732,641,'Ms.','2019-04-19 02:52:39'),(1975,1060,2447,'Prof.','2019-04-19 02:52:39'),(1976,1017,3009,'Dr.','2019-04-19 02:52:40'),(1977,1145,1557,'Mrs.','2019-04-19 02:52:40'),(1978,1793,1567,'Miss','2019-04-19 02:52:40'),(1979,1207,633,'Prof.','2019-04-19 02:52:40'),(1980,287,2653,'Prof.','2019-04-19 02:52:40'),(1981,1281,1386,'Mrs.','2019-04-19 02:52:40'),(1982,1501,3360,'Mr.','2019-04-19 02:52:41'),(1983,269,1539,'Prof.','2019-04-19 02:52:41'),(1984,990,757,'Prof.','2019-04-19 02:52:41'),(1985,171,797,'Mrs.','2019-04-19 02:52:41'),(1986,1312,241,'Prof.','2019-04-19 02:52:41'),(1987,643,2893,'Miss','2019-04-19 02:52:42'),(1988,1323,578,'Mr.','2019-04-19 02:52:42'),(1989,1228,3153,'Prof.','2019-04-19 02:52:42'),(1990,1946,754,'Dr.','2019-04-19 02:52:42'),(1991,1215,748,'Dr.','2019-04-19 02:52:42'),(1992,976,20,'Dr.','2019-04-19 02:52:42'),(1993,1311,3829,'Prof.','2019-04-19 02:52:42'),(1994,372,1391,'Mr.','2019-04-19 02:52:42'),(1995,1091,2633,'Prof.','2019-04-19 02:52:42'),(1996,1499,2102,'Mr.','2019-04-19 02:52:43'),(1997,1081,96,'Prof.','2019-04-19 02:52:43'),(1998,1868,1569,'Miss','2019-04-19 02:52:43'),(1999,122,2421,'Mr.','2019-04-19 02:52:43'),(2000,1585,2604,'Mr.','2019-04-19 02:52:43'),(2001,1560,1361,'Miss','2019-04-19 02:52:43'),(2002,293,1423,'Dr.','2019-04-19 02:52:43'),(2003,1959,1991,'Prof.','2019-04-19 02:52:43'),(2004,780,858,'Mrs.','2019-04-19 02:52:43'),(2005,1624,1973,'Dr.','2019-04-19 02:52:44'),(2006,1678,815,'Mrs.','2019-04-19 02:52:44'),(2007,1163,2725,'Miss','2019-04-19 02:52:44'),(2008,741,3495,'Mr.','2019-04-19 02:52:44'),(2009,541,2329,'Ms.','2019-04-19 02:52:44'),(2010,1982,320,'Dr.','2019-04-19 02:52:44'),(2011,1125,828,'Dr.','2019-04-19 02:52:44'),(2012,475,2499,'Mr.','2019-04-19 02:52:44'),(2013,1839,269,'Dr.','2019-04-19 02:52:44'),(2014,194,3701,'Dr.','2019-04-19 02:52:45'),(2015,206,1143,'Mr.','2019-04-19 02:52:45'),(2016,1498,1991,'Dr.','2019-04-19 02:52:45'),(2017,1605,1820,'Mr.','2019-04-19 02:52:45'),(2018,903,3416,'Mr.','2019-04-19 02:52:45'),(2019,542,2083,'Ms.','2019-04-19 02:52:45'),(2020,70,754,'Dr.','2019-04-19 02:52:45'),(2021,281,410,'Prof.','2019-04-19 02:52:45'),(2022,1768,1526,'Dr.','2019-04-19 02:52:45'),(2023,1346,3558,'Dr.','2019-04-19 02:52:46'),(2024,1201,3102,'Mrs.','2019-04-19 02:52:46'),(2025,1943,3575,'Ms.','2019-04-19 02:52:46'),(2026,720,454,'Mr.','2019-04-19 02:52:46'),(2027,1810,1730,'Mr.','2019-04-19 02:52:46'),(2028,1392,631,'Prof.','2019-04-19 02:52:46'),(2029,7,1990,'Miss','2019-04-19 02:52:46'),(2030,1415,1494,'Dr.','2019-04-19 02:52:47'),(2031,1919,2960,'Prof.','2019-04-19 02:52:47'),(2032,1117,577,'Prof.','2019-04-19 02:52:47'),(2033,92,598,'Prof.','2019-04-19 02:52:47'),(2034,154,425,'Prof.','2019-04-19 02:52:47'),(2035,780,447,'Mr.','2019-04-19 02:52:47'),(2036,124,3043,'Prof.','2019-04-19 02:52:47'),(2037,1428,397,'Ms.','2019-04-19 02:52:47'),(2038,1383,1912,'Dr.','2019-04-19 02:52:48'),(2039,1330,1046,'Prof.','2019-04-19 02:52:48'),(2040,1964,3475,'Ms.','2019-04-19 02:52:48'),(2041,598,2043,'Mr.','2019-04-19 02:52:48'),(2042,1369,1820,'Miss','2019-04-19 02:52:48'),(2043,345,1048,'Mr.','2019-04-19 02:52:48'),(2044,394,2660,'Dr.','2019-04-19 02:52:48'),(2045,397,1129,'Mr.','2019-04-19 02:52:48'),(2046,416,638,'Dr.','2019-04-19 02:52:49'),(2047,1701,2154,'Prof.','2019-04-19 02:52:49'),(2048,287,2909,'Dr.','2019-04-19 02:52:49'),(2049,1121,2974,'Dr.','2019-04-19 02:52:49'),(2050,1111,3396,'Dr.','2019-04-19 02:52:49'),(2051,655,97,'Mr.','2019-04-19 02:52:49'),(2052,1993,897,'Ms.','2019-04-19 02:52:49'),(2053,270,2096,'Prof.','2019-04-19 02:52:49'),(2054,1492,3361,'Mrs.','2019-04-19 02:52:49'),(2055,959,3339,'Mr.','2019-04-19 02:52:50'),(2056,1305,2376,'Prof.','2019-04-19 02:52:50'),(2057,1096,1627,'Miss','2019-04-19 02:52:50'),(2058,1612,3968,'Mr.','2019-04-19 02:52:50'),(2059,1309,1432,'Mrs.','2019-04-19 02:52:50'),(2060,896,1372,'Mr.','2019-04-19 02:52:50'),(2061,1128,854,'Prof.','2019-04-19 02:52:50'),(2062,1978,3273,'Dr.','2019-04-19 02:52:50'),(2063,1011,3984,'Dr.','2019-04-19 02:52:51'),(2064,150,3466,'Dr.','2019-04-19 02:52:51'),(2065,1638,1439,'Miss','2019-04-19 02:52:51'),(2066,1637,211,'Mrs.','2019-04-19 02:52:51'),(2067,1835,3616,'Prof.','2019-04-19 02:52:51'),(2068,1801,3827,'Dr.','2019-04-19 02:52:51'),(2069,390,3328,'Miss','2019-04-19 02:52:51'),(2070,372,2242,'Dr.','2019-04-19 02:52:52'),(2071,69,74,'Dr.','2019-04-19 02:52:52'),(2072,891,142,'Dr.','2019-04-19 02:52:52'),(2073,85,312,'Dr.','2019-04-19 02:52:52'),(2074,570,1130,'Mr.','2019-04-19 02:52:52'),(2075,261,1009,'Dr.','2019-04-19 02:52:52'),(2076,363,1239,'Mrs.','2019-04-19 02:52:52'),(2077,788,3162,'Mr.','2019-04-19 02:52:52'),(2078,1833,2789,'Mr.','2019-04-19 02:52:52'),(2079,1438,2851,'Dr.','2019-04-19 02:52:53'),(2080,510,2593,'Miss','2019-04-19 02:52:53'),(2081,400,1391,'Prof.','2019-04-19 02:52:53'),(2082,1954,2124,'Prof.','2019-04-19 02:52:53'),(2083,1347,359,'Miss','2019-04-19 02:52:53'),(2084,10,3638,'Dr.','2019-04-19 02:52:53'),(2085,66,2932,'Mr.','2019-04-19 02:52:53'),(2086,1708,3488,'Miss','2019-04-19 02:52:53'),(2087,1149,2359,'Prof.','2019-04-19 02:52:53'),(2088,1628,718,'Dr.','2019-04-19 02:52:53'),(2089,1842,354,'Mrs.','2019-04-19 02:52:54'),(2090,1814,2065,'Prof.','2019-04-19 02:52:54'),(2091,1883,3774,'Mr.','2019-04-19 02:52:54'),(2092,1169,195,'Mr.','2019-04-19 02:52:54'),(2093,276,2174,'Mr.','2019-04-19 02:52:54'),(2094,1687,755,'Mr.','2019-04-19 02:52:54'),(2095,273,607,'Prof.','2019-04-19 02:52:54'),(2096,1960,1653,'Dr.','2019-04-19 02:52:54'),(2097,1745,2715,'Mr.','2019-04-19 02:52:54'),(2098,896,3968,'Mr.','2019-04-19 02:52:54'),(2099,1821,37,'Prof.','2019-04-19 02:52:54'),(2100,460,1192,'Prof.','2019-04-19 02:52:55'),(2101,1961,2096,'Mrs.','2019-04-19 02:52:55'),(2102,537,1337,'Mrs.','2019-04-19 02:52:55'),(2103,1520,1478,'Ms.','2019-04-19 02:52:55'),(2104,1697,3470,'Prof.','2019-04-19 02:52:55'),(2105,479,3670,'Prof.','2019-04-19 02:52:55'),(2106,1388,2324,'Mr.','2019-04-19 02:52:55'),(2107,1113,2253,'Dr.','2019-04-19 02:52:55'),(2108,661,2307,'Prof.','2019-04-19 02:52:55'),(2109,1311,2203,'Mrs.','2019-04-19 02:52:56'),(2110,67,1396,'Mr.','2019-04-19 02:52:56'),(2111,683,1626,'Mrs.','2019-04-19 02:52:56'),(2112,199,1664,'Mr.','2019-04-19 02:52:56'),(2113,952,3244,'Dr.','2019-04-19 02:52:56'),(2114,1406,1141,'Miss','2019-04-19 02:52:57'),(2115,1424,1165,'Mr.','2019-04-19 02:52:57'),(2116,398,1108,'Dr.','2019-04-19 02:52:57'),(2117,788,407,'Dr.','2019-04-19 02:52:57'),(2118,1828,1109,'Mrs.','2019-04-19 02:52:57'),(2119,2000,2664,'Dr.','2019-04-19 02:52:57'),(2120,1729,200,'Dr.','2019-04-19 02:52:57'),(2121,448,982,'Prof.','2019-04-19 02:52:57'),(2122,1508,1353,'Ms.','2019-04-19 02:52:57'),(2123,1090,2843,'Mr.','2019-04-19 02:52:58'),(2124,1435,2350,'Ms.','2019-04-19 02:52:58'),(2125,1373,962,'Prof.','2019-04-19 02:52:58'),(2126,1268,3647,'Mrs.','2019-04-19 02:52:58'),(2127,799,3899,'Dr.','2019-04-19 02:52:58'),(2128,1268,607,'Dr.','2019-04-19 02:52:59'),(2129,740,93,'Dr.','2019-04-19 02:52:59'),(2130,288,2691,'Miss','2019-04-19 02:52:59'),(2131,302,173,'Dr.','2019-04-19 02:52:59'),(2132,850,1589,'Dr.','2019-04-19 02:52:59'),(2133,1730,1231,'Mrs.','2019-04-19 02:52:59'),(2134,1624,2465,'Mr.','2019-04-19 02:52:59'),(2135,1801,1307,'Prof.','2019-04-19 02:52:59'),(2136,393,1095,'Dr.','2019-04-19 02:52:59'),(2137,1421,736,'Ms.','2019-04-19 02:52:59'),(2138,549,2429,'Mrs.','2019-04-19 02:52:59'),(2139,491,3683,'Prof.','2019-04-19 02:53:00'),(2140,1707,3626,'Prof.','2019-04-19 02:53:00'),(2141,46,80,'Mr.','2019-04-19 02:53:00'),(2142,1620,1756,'Mrs.','2019-04-19 02:53:00'),(2143,1306,597,'Dr.','2019-04-19 02:53:00'),(2144,488,3085,'Prof.','2019-04-19 02:53:00'),(2145,110,1578,'Miss','2019-04-19 02:53:00'),(2146,835,3014,'Dr.','2019-04-19 02:53:00'),(2147,60,3022,'Ms.','2019-04-19 02:53:00'),(2148,1762,2276,'Prof.','2019-04-19 02:53:00'),(2149,1852,3520,'Miss','2019-04-19 02:53:01'),(2150,99,193,'Miss','2019-04-19 02:53:01'),(2151,1993,2498,'Prof.','2019-04-19 02:53:01'),(2152,892,1660,'Prof.','2019-04-19 02:53:01'),(2153,1115,595,'Mrs.','2019-04-19 02:53:01'),(2154,1897,615,'Dr.','2019-04-19 02:53:01'),(2155,1950,2042,'Dr.','2019-04-19 02:53:01'),(2156,1295,1330,'Dr.','2019-04-19 02:53:01'),(2157,1185,2668,'Miss','2019-04-19 02:53:02'),(2158,1224,802,'Prof.','2019-04-19 02:53:02'),(2159,1416,3327,'Dr.','2019-04-19 02:53:02'),(2160,626,3383,'Mrs.','2019-04-19 02:53:02'),(2161,1205,1346,'Dr.','2019-04-19 02:53:02'),(2162,1464,2075,'Prof.','2019-04-19 02:53:02'),(2163,1968,2901,'Mrs.','2019-04-19 02:53:02'),(2164,359,1441,'Ms.','2019-04-19 02:53:02'),(2165,1477,167,'Dr.','2019-04-19 02:53:02'),(2166,177,652,'Mrs.','2019-04-19 02:53:02'),(2167,535,2720,'Dr.','2019-04-19 02:53:02'),(2168,165,3696,'Mr.','2019-04-19 02:53:03'),(2169,1955,3143,'Dr.','2019-04-19 02:53:03'),(2170,1185,343,'Mrs.','2019-04-19 02:53:03'),(2171,1285,216,'Prof.','2019-04-19 02:53:03'),(2172,504,1711,'Prof.','2019-04-19 02:53:03'),(2173,1957,3680,'Prof.','2019-04-19 02:53:03'),(2174,697,1332,'Prof.','2019-04-19 02:53:03'),(2175,203,2397,'Miss','2019-04-19 02:53:03'),(2176,1438,3077,'Dr.','2019-04-19 02:53:04'),(2177,1232,500,'Mr.','2019-04-19 02:53:04'),(2178,688,1511,'Miss','2019-04-19 02:53:04'),(2179,628,2650,'Dr.','2019-04-19 02:53:04'),(2180,275,452,'Dr.','2019-04-19 02:53:04'),(2181,1056,2342,'Prof.','2019-04-19 02:53:04'),(2182,1019,2594,'Miss','2019-04-19 02:53:04'),(2183,333,2442,'Prof.','2019-04-19 02:53:04'),(2184,1068,1022,'Miss','2019-04-19 02:53:04'),(2185,773,3912,'Dr.','2019-04-19 02:53:04'),(2186,130,379,'Ms.','2019-04-19 02:53:05'),(2187,673,2995,'Mrs.','2019-04-19 02:53:05'),(2188,940,2207,'Prof.','2019-04-19 02:53:05'),(2189,1326,3360,'Dr.','2019-04-19 02:53:05'),(2190,270,1562,'Mrs.','2019-04-19 02:53:05'),(2191,1687,3612,'Dr.','2019-04-19 02:53:05'),(2192,399,1078,'Miss','2019-04-19 02:53:05'),(2193,1562,1410,'Ms.','2019-04-19 02:53:05'),(2194,904,3564,'Ms.','2019-04-19 02:53:05'),(2195,1618,2679,'Dr.','2019-04-19 02:53:06'),(2196,671,610,'Dr.','2019-04-19 02:53:06'),(2197,523,1915,'Prof.','2019-04-19 02:53:06'),(2198,1882,3768,'Ms.','2019-04-19 02:53:06'),(2199,429,629,'Dr.','2019-04-19 02:53:06'),(2200,761,2918,'Mr.','2019-04-19 02:53:06'),(2201,1634,1256,'Prof.','2019-04-19 02:53:06'),(2202,1449,1630,'Mrs.','2019-04-19 02:53:06'),(2203,1643,2369,'Mr.','2019-04-19 02:53:07'),(2204,1873,1796,'Mr.','2019-04-19 02:53:07'),(2205,370,3585,'Ms.','2019-04-19 02:53:07'),(2206,536,1883,'Dr.','2019-04-19 02:53:07'),(2207,602,1237,'Mrs.','2019-04-19 02:53:07'),(2208,1919,3723,'Mrs.','2019-04-19 02:53:07'),(2209,40,1432,'Mr.','2019-04-19 02:53:07'),(2210,1165,2292,'Ms.','2019-04-19 02:53:07'),(2211,414,2694,'Prof.','2019-04-19 02:53:07'),(2212,1256,3547,'Mrs.','2019-04-19 02:53:08'),(2213,1658,2824,'Dr.','2019-04-19 02:53:08'),(2214,1668,1815,'Dr.','2019-04-19 02:53:08'),(2215,1685,3483,'Dr.','2019-04-19 02:53:08'),(2216,1041,225,'Ms.','2019-04-19 02:53:08'),(2217,1143,1226,'Prof.','2019-04-19 02:53:08'),(2218,250,2012,'Prof.','2019-04-19 02:53:08'),(2219,653,3776,'Mrs.','2019-04-19 02:53:08'),(2220,1923,596,'Prof.','2019-04-19 02:53:09'),(2221,1122,1029,'Mrs.','2019-04-19 02:53:09'),(2222,1739,1323,'Mrs.','2019-04-19 02:53:09'),(2223,731,1601,'Dr.','2019-04-19 02:53:09'),(2224,99,1863,'Prof.','2019-04-19 02:53:09'),(2225,559,1303,'Mrs.','2019-04-19 02:53:09'),(2226,1580,1965,'Mr.','2019-04-19 02:53:09'),(2227,1124,521,'Ms.','2019-04-19 02:53:09'),(2228,1875,3325,'Prof.','2019-04-19 02:53:10'),(2229,194,892,'Mr.','2019-04-19 02:53:10'),(2230,574,520,'Mr.','2019-04-19 02:53:10'),(2231,1926,816,'Ms.','2019-04-19 02:53:10'),(2232,1865,2087,'Dr.','2019-04-19 02:53:10'),(2233,815,1036,'Mrs.','2019-04-19 02:53:10'),(2234,1936,2267,'Mr.','2019-04-19 02:53:10'),(2235,975,2490,'Mr.','2019-04-19 02:53:11'),(2236,717,143,'Prof.','2019-04-19 02:53:11'),(2237,894,3747,'Mr.','2019-04-19 02:53:11'),(2238,1613,1432,'Prof.','2019-04-19 02:53:12'),(2239,97,2003,'Ms.','2019-04-19 02:53:12'),(2240,197,1046,'Mr.','2019-04-19 02:53:12'),(2241,1264,2727,'Prof.','2019-04-19 02:53:12'),(2242,841,2901,'Dr.','2019-04-19 02:53:12'),(2243,170,3178,'Ms.','2019-04-19 02:53:13'),(2244,1934,2126,'Dr.','2019-04-19 02:53:13'),(2245,498,529,'Prof.','2019-04-19 02:53:13'),(2246,1236,3762,'Mr.','2019-04-19 02:53:13'),(2247,603,1750,'Prof.','2019-04-19 02:53:13'),(2248,142,474,'Dr.','2019-04-19 02:53:13'),(2249,974,1968,'Miss','2019-04-19 02:53:13'),(2250,1470,2240,'Prof.','2019-04-19 02:53:13'),(2251,592,187,'Ms.','2019-04-19 02:53:13'),(2252,1516,1133,'Dr.','2019-04-19 02:53:14'),(2253,1181,2753,'Mrs.','2019-04-19 02:53:14'),(2254,627,1213,'Prof.','2019-04-19 02:53:14'),(2255,517,748,'Mrs.','2019-04-19 02:53:14'),(2256,524,2743,'Dr.','2019-04-19 02:53:14'),(2257,1075,3166,'Mr.','2019-04-19 02:53:14'),(2258,728,3332,'Dr.','2019-04-19 02:53:14'),(2259,1803,3447,'Miss','2019-04-19 02:53:14'),(2260,947,3453,'Dr.','2019-04-19 02:53:14'),(2261,516,2729,'Mrs.','2019-04-19 02:53:15'),(2262,1269,1256,'Dr.','2019-04-19 02:53:15'),(2263,1613,67,'Mr.','2019-04-19 02:53:15'),(2264,1113,1869,'Prof.','2019-04-19 02:53:15'),(2265,1170,2443,'Miss','2019-04-19 02:53:15'),(2266,554,898,'Dr.','2019-04-19 02:53:15'),(2267,525,2891,'Prof.','2019-04-19 02:53:15'),(2268,1627,23,'Miss','2019-04-19 02:53:15'),(2269,840,3160,'Dr.','2019-04-19 02:53:16'),(2270,177,3257,'Prof.','2019-04-19 02:53:16'),(2271,130,3060,'Ms.','2019-04-19 02:53:16'),(2272,1351,3059,'Prof.','2019-04-19 02:53:16'),(2273,8,243,'Dr.','2019-04-19 02:53:16'),(2274,1865,3224,'Miss','2019-04-19 02:53:17'),(2275,1354,616,'Mr.','2019-04-19 02:53:17'),(2276,1365,3310,'Dr.','2019-04-19 02:53:17'),(2277,38,3644,'Prof.','2019-04-19 02:53:17'),(2278,1916,614,'Dr.','2019-04-19 02:53:17'),(2279,1447,334,'Prof.','2019-04-19 02:53:17'),(2280,209,990,'Prof.','2019-04-19 02:53:17'),(2281,449,2297,'Mr.','2019-04-19 02:53:18'),(2282,23,3751,'Mr.','2019-04-19 02:53:18'),(2283,1373,164,'Dr.','2019-04-19 02:53:18'),(2284,1978,3673,'Prof.','2019-04-19 02:53:18'),(2285,88,3818,'Prof.','2019-04-19 02:53:18'),(2286,181,2100,'Ms.','2019-04-19 02:53:18'),(2287,33,2944,'Prof.','2019-04-19 02:53:18'),(2288,1286,1671,'Dr.','2019-04-19 02:53:18'),(2289,178,3257,'Dr.','2019-04-19 02:53:18'),(2290,1162,714,'Prof.','2019-04-19 02:53:19'),(2291,331,3682,'Prof.','2019-04-19 02:53:19'),(2292,951,1888,'Prof.','2019-04-19 02:53:19'),(2293,1034,1329,'Prof.','2019-04-19 02:53:19'),(2294,1867,3813,'Mrs.','2019-04-19 02:53:19'),(2295,717,434,'Dr.','2019-04-19 02:53:19'),(2296,857,3990,'Dr.','2019-04-19 02:53:19'),(2297,1525,1273,'Prof.','2019-04-19 02:53:20'),(2298,1877,692,'Dr.','2019-04-19 02:53:20'),(2299,1507,3186,'Ms.','2019-04-19 02:53:20'),(2300,550,3877,'Ms.','2019-04-19 02:53:20'),(2301,1821,5,'Mr.','2019-04-19 02:53:20'),(2302,447,2298,'Ms.','2019-04-19 02:53:20'),(2303,176,2527,'Prof.','2019-04-19 02:53:20'),(2304,1795,1821,'Dr.','2019-04-19 02:53:20'),(2305,1272,3048,'Prof.','2019-04-19 02:53:20'),(2306,1702,2658,'Dr.','2019-04-19 02:53:21'),(2307,1925,3707,'Miss','2019-04-19 02:53:21'),(2308,428,4000,'Prof.','2019-04-19 02:53:21'),(2309,1435,961,'Mr.','2019-04-19 02:53:21'),(2310,55,2329,'Miss','2019-04-19 02:53:21'),(2311,533,1848,'Dr.','2019-04-19 02:53:21'),(2312,1522,612,'Prof.','2019-04-19 02:53:21'),(2313,1032,2354,'Prof.','2019-04-19 02:53:22'),(2314,604,1667,'Prof.','2019-04-19 02:53:22'),(2315,1641,3883,'Miss','2019-04-19 02:53:22'),(2316,1413,847,'Prof.','2019-04-19 02:53:22'),(2317,461,1342,'Dr.','2019-04-19 02:53:22'),(2318,1802,3486,'Mr.','2019-04-19 02:53:22'),(2319,645,1552,'Prof.','2019-04-19 02:53:23'),(2320,1670,1517,'Mr.','2019-04-19 02:53:23'),(2321,719,2217,'Mr.','2019-04-19 02:53:23'),(2322,1336,3325,'Mr.','2019-04-19 02:53:23'),(2323,121,3612,'Prof.','2019-04-19 02:53:23'),(2324,1732,2663,'Prof.','2019-04-19 02:53:23'),(2325,114,1903,'Dr.','2019-04-19 02:53:24'),(2326,1411,515,'Mrs.','2019-04-19 02:53:24'),(2327,1094,896,'Dr.','2019-04-19 02:53:24'),(2328,585,847,'Mr.','2019-04-19 02:53:24'),(2329,1051,2510,'Prof.','2019-04-19 02:53:24'),(2330,243,3023,'Prof.','2019-04-19 02:53:24'),(2331,1962,1975,'Mr.','2019-04-19 02:53:24'),(2332,1789,296,'Prof.','2019-04-19 02:53:24'),(2333,593,3644,'Dr.','2019-04-19 02:53:24'),(2334,1067,2859,'Mr.','2019-04-19 02:53:25'),(2335,1710,1264,'Dr.','2019-04-19 02:53:25'),(2336,788,3536,'Miss','2019-04-19 02:53:25'),(2337,974,587,'Mr.','2019-04-19 02:53:25'),(2338,366,2971,'Mr.','2019-04-19 02:53:25'),(2339,790,1032,'Mr.','2019-04-19 02:53:25'),(2340,1475,776,'Mrs.','2019-04-19 02:53:25'),(2341,1919,2409,'Dr.','2019-04-19 02:53:25'),(2342,657,2834,'Mr.','2019-04-19 02:53:26'),(2343,656,3502,'Dr.','2019-04-19 02:53:26'),(2344,1767,145,'Mr.','2019-04-19 02:53:26'),(2345,1379,687,'Dr.','2019-04-19 02:53:26'),(2346,746,2776,'Miss','2019-04-19 02:53:26'),(2347,218,2534,'Prof.','2019-04-19 02:53:26'),(2348,1413,1568,'Miss','2019-04-19 02:53:26'),(2349,182,510,'Dr.','2019-04-19 02:53:26'),(2350,1438,984,'Miss','2019-04-19 02:53:27'),(2351,1722,2177,'Dr.','2019-04-19 02:53:27'),(2352,1758,2353,'Dr.','2019-04-19 02:53:27'),(2353,641,898,'Dr.','2019-04-19 02:53:27'),(2354,854,1189,'Prof.','2019-04-19 02:53:27'),(2355,953,3465,'Dr.','2019-04-19 02:53:27'),(2356,601,802,'Dr.','2019-04-19 02:53:27'),(2357,1116,3177,'Mr.','2019-04-19 02:53:27'),(2358,1045,2221,'Mrs.','2019-04-19 02:53:28'),(2359,1456,2333,'Dr.','2019-04-19 02:53:28'),(2360,400,3027,'Dr.','2019-04-19 02:53:28'),(2361,1539,249,'Dr.','2019-04-19 02:53:28'),(2362,1811,1427,'Mrs.','2019-04-19 02:53:28'),(2363,1519,1643,'Miss','2019-04-19 02:53:28'),(2364,1261,2759,'Mr.','2019-04-19 02:53:29'),(2365,905,823,'Dr.','2019-04-19 02:53:29'),(2366,262,1260,'Ms.','2019-04-19 02:53:29'),(2367,1047,3030,'Mr.','2019-04-19 02:53:29'),(2368,962,1428,'Dr.','2019-04-19 02:53:29'),(2369,806,1712,'Mr.','2019-04-19 02:53:29'),(2370,1235,2973,'Ms.','2019-04-19 02:53:30'),(2371,595,3483,'Prof.','2019-04-19 02:53:30'),(2372,86,3406,'Dr.','2019-04-19 02:53:30'),(2373,1559,3011,'Prof.','2019-04-19 02:53:30'),(2374,1075,331,'Prof.','2019-04-19 02:53:30'),(2375,1709,1265,'Mr.','2019-04-19 02:53:31'),(2376,1693,2188,'Prof.','2019-04-19 02:53:31'),(2377,612,3901,'Dr.','2019-04-19 02:53:31'),(2378,1,248,'Prof.','2019-04-19 02:53:31'),(2379,1254,1939,'Mr.','2019-04-19 02:53:31'),(2380,279,3487,'Dr.','2019-04-19 02:53:31'),(2381,33,3260,'Prof.','2019-04-19 02:53:31'),(2382,400,1243,'Prof.','2019-04-19 02:53:32'),(2383,1007,1040,'Dr.','2019-04-19 02:53:32'),(2384,1232,13,'Mr.','2019-04-19 02:53:32'),(2385,1374,1705,'Miss','2019-04-19 02:53:32'),(2386,1279,201,'Prof.','2019-04-19 02:53:32'),(2387,54,1553,'Mr.','2019-04-19 02:53:32'),(2388,1851,3414,'Dr.','2019-04-19 02:53:32'),(2389,1275,583,'Prof.','2019-04-19 02:53:32'),(2390,758,33,'Prof.','2019-04-19 02:53:33'),(2391,652,2171,'Ms.','2019-04-19 02:53:33'),(2392,303,3083,'Dr.','2019-04-19 02:53:33'),(2393,1470,3154,'Miss','2019-04-19 02:53:33'),(2394,1016,1999,'Ms.','2019-04-19 02:53:33'),(2395,443,1536,'Miss','2019-04-19 02:53:33'),(2396,646,3872,'Mr.','2019-04-19 02:53:34'),(2397,1943,952,'Prof.','2019-04-19 02:53:34'),(2398,366,137,'Prof.','2019-04-19 02:53:34'),(2399,477,2300,'Dr.','2019-04-19 02:53:34'),(2400,371,3345,'Mr.','2019-04-19 02:53:34'),(2401,12,3642,'Dr.','2019-04-19 02:53:34'),(2402,780,2289,'Prof.','2019-04-19 02:53:35'),(2403,1057,978,'Prof.','2019-04-19 02:53:35'),(2404,614,1261,'Prof.','2019-04-19 02:53:35'),(2405,1626,3840,'Mrs.','2019-04-19 02:53:35'),(2406,1679,2048,'Dr.','2019-04-19 02:53:36'),(2407,992,1858,'Mrs.','2019-04-19 02:53:36'),(2408,1072,1273,'Miss','2019-04-19 02:53:36'),(2409,1889,1536,'Mr.','2019-04-19 02:53:36'),(2410,707,2118,'Dr.','2019-04-19 02:53:36'),(2411,493,1097,'Ms.','2019-04-19 02:53:36'),(2412,1460,1127,'Prof.','2019-04-19 02:53:37'),(2413,1004,1282,'Miss','2019-04-19 02:53:37'),(2414,1966,2106,'Mr.','2019-04-19 02:53:37'),(2415,1881,2040,'Miss','2019-04-19 02:53:37'),(2416,506,3104,'Dr.','2019-04-19 02:53:37'),(2417,972,881,'Prof.','2019-04-19 02:53:37'),(2418,642,3750,'Dr.','2019-04-19 02:53:38'),(2419,305,125,'Dr.','2019-04-19 02:53:38'),(2420,940,426,'Mr.','2019-04-19 02:53:38'),(2421,1406,949,'Dr.','2019-04-19 02:53:38'),(2422,1424,557,'Ms.','2019-04-19 02:53:38'),(2423,1406,3377,'Miss','2019-04-19 02:53:38'),(2424,485,93,'Miss','2019-04-19 02:53:39'),(2425,1243,1964,'Mrs.','2019-04-19 02:53:39'),(2426,77,3466,'Prof.','2019-04-19 02:53:39'),(2427,202,2224,'Prof.','2019-04-19 02:53:39'),(2428,1289,262,'Dr.','2019-04-19 02:53:39'),(2429,441,2326,'Mr.','2019-04-19 02:53:39'),(2430,1855,289,'Mrs.','2019-04-19 02:53:40'),(2431,832,1499,'Dr.','2019-04-19 02:53:40'),(2432,1299,2193,'Dr.','2019-04-19 02:53:40'),(2433,14,1674,'Dr.','2019-04-19 02:53:40'),(2434,1683,816,'Dr.','2019-04-19 02:53:40'),(2435,815,2323,'Prof.','2019-04-19 02:53:40'),(2436,921,3272,'Prof.','2019-04-19 02:53:40'),(2437,1398,2860,'Mr.','2019-04-19 02:53:40'),(2438,604,1522,'Prof.','2019-04-19 02:53:40'),(2439,1323,1034,'Prof.','2019-04-19 02:53:41'),(2440,457,2049,'Miss','2019-04-19 02:53:41'),(2441,1751,2376,'Ms.','2019-04-19 02:53:41'),(2442,1621,2828,'Prof.','2019-04-19 02:53:41'),(2443,1565,3752,'Dr.','2019-04-19 02:53:41'),(2444,513,2072,'Dr.','2019-04-19 02:53:41'),(2445,1350,2940,'Prof.','2019-04-19 02:53:41'),(2446,1350,1780,'Miss','2019-04-19 02:53:41'),(2447,515,735,'Mr.','2019-04-19 02:53:42'),(2448,713,3624,'Dr.','2019-04-19 02:53:42'),(2449,1000,2418,'Miss','2019-04-19 02:53:42'),(2450,1590,3805,'Mr.','2019-04-19 02:53:42'),(2451,933,1846,'Ms.','2019-04-19 02:53:42'),(2452,1337,1092,'Prof.','2019-04-19 02:53:42'),(2453,1885,3925,'Mrs.','2019-04-19 02:53:42'),(2454,514,2792,'Miss','2019-04-19 02:53:42'),(2455,1490,1705,'Miss','2019-04-19 02:53:42'),(2456,1773,898,'Prof.','2019-04-19 02:53:42'),(2457,294,2676,'Dr.','2019-04-19 02:53:43'),(2458,84,2795,'Dr.','2019-04-19 02:53:43'),(2459,1216,2077,'Prof.','2019-04-19 02:53:43'),(2460,698,1545,'Dr.','2019-04-19 02:53:43'),(2461,1969,2518,'Ms.','2019-04-19 02:53:43'),(2462,1173,2698,'Mr.','2019-04-19 02:53:44'),(2463,475,1925,'Mr.','2019-04-19 02:53:44'),(2464,231,1880,'Ms.','2019-04-19 02:53:44'),(2465,1990,861,'Miss','2019-04-19 02:53:44'),(2466,1621,551,'Miss','2019-04-19 02:53:44'),(2467,506,3403,'Dr.','2019-04-19 02:53:44'),(2468,113,2877,'Dr.','2019-04-19 02:53:44'),(2469,1933,2952,'Mr.','2019-04-19 02:53:44'),(2470,240,3043,'Prof.','2019-04-19 02:53:44'),(2471,484,2940,'Prof.','2019-04-19 02:53:45'),(2472,1412,2546,'Prof.','2019-04-19 02:53:45'),(2473,1040,3526,'Mr.','2019-04-19 02:53:45'),(2474,1103,1364,'Miss','2019-04-19 02:53:45'),(2475,966,1259,'Mr.','2019-04-19 02:53:45'),(2476,162,1691,'Mrs.','2019-04-19 02:53:45'),(2477,100,2454,'Mr.','2019-04-19 02:53:46'),(2478,1055,3467,'Ms.','2019-04-19 02:53:46'),(2479,1099,3375,'Mr.','2019-04-19 02:53:46'),(2480,1733,1173,'Mr.','2019-04-19 02:53:46'),(2481,121,2324,'Ms.','2019-04-19 02:53:46'),(2482,1630,1020,'Prof.','2019-04-19 02:53:46'),(2483,751,275,'Mr.','2019-04-19 02:53:47'),(2484,850,977,'Dr.','2019-04-19 02:53:47'),(2485,513,1571,'Mr.','2019-04-19 02:53:47'),(2486,1882,253,'Mr.','2019-04-19 02:53:47'),(2487,1456,2507,'Prof.','2019-04-19 02:53:47'),(2488,410,3872,'Mr.','2019-04-19 02:53:48'),(2489,880,3707,'Ms.','2019-04-19 02:53:48'),(2490,1440,2050,'Prof.','2019-04-19 02:53:48'),(2491,1184,950,'Dr.','2019-04-19 02:53:48'),(2492,276,1446,'Miss','2019-04-19 02:53:48'),(2493,1253,3552,'Prof.','2019-04-19 02:53:48'),(2494,1720,3348,'Prof.','2019-04-19 02:53:48'),(2495,36,2514,'Miss','2019-04-19 02:53:48'),(2496,1654,1187,'Ms.','2019-04-19 02:53:48'),(2497,1936,348,'Miss','2019-04-19 02:53:49'),(2498,1726,2999,'Dr.','2019-04-19 02:53:49'),(2499,1818,585,'Dr.','2019-04-19 02:53:49'),(2500,1495,2747,'Mr.','2019-04-19 02:53:49'),(2501,1160,1734,'Prof.','2019-04-19 02:53:49'),(2502,1771,999,'Mrs.','2019-04-19 02:53:49'),(2503,493,416,'Prof.','2019-04-19 02:53:50'),(2504,837,1245,'Prof.','2019-04-19 02:53:50'),(2505,122,1442,'Mr.','2019-04-19 02:53:50'),(2506,898,2189,'Dr.','2019-04-19 02:53:50'),(2507,1966,2803,'Prof.','2019-04-19 02:53:50'),(2508,1462,3119,'Mr.','2019-04-19 02:53:51'),(2509,450,240,'Ms.','2019-04-19 02:53:51'),(2510,1623,3780,'Mr.','2019-04-19 02:53:51'),(2511,231,3145,'Prof.','2019-04-19 02:53:51'),(2512,1504,751,'Ms.','2019-04-19 02:53:51'),(2513,1852,432,'Mrs.','2019-04-19 02:53:51'),(2514,958,1077,'Dr.','2019-04-19 02:53:52'),(2515,751,541,'Dr.','2019-04-19 02:53:52'),(2516,1051,3881,'Dr.','2019-04-19 02:53:52'),(2517,1067,3303,'Ms.','2019-04-19 02:53:52'),(2518,89,1599,'Dr.','2019-04-19 02:53:52'),(2519,1934,827,'Dr.','2019-04-19 02:53:52'),(2520,689,2739,'Prof.','2019-04-19 02:53:52'),(2521,1251,960,'Mr.','2019-04-19 02:53:53'),(2522,1109,3279,'Prof.','2019-04-19 02:53:53'),(2523,1885,3145,'Mrs.','2019-04-19 02:53:53'),(2524,746,749,'Prof.','2019-04-19 02:53:53'),(2525,278,212,'Prof.','2019-04-19 02:53:53'),(2526,977,3001,'Dr.','2019-04-19 02:53:53'),(2527,374,3382,'Prof.','2019-04-19 02:53:53'),(2528,349,190,'Ms.','2019-04-19 02:53:54'),(2529,574,402,'Mr.','2019-04-19 02:53:54'),(2530,1809,2789,'Dr.','2019-04-19 02:53:54'),(2531,684,3985,'Prof.','2019-04-19 02:53:54'),(2532,965,2286,'Dr.','2019-04-19 02:53:54'),(2533,869,3277,'Ms.','2019-04-19 02:53:54'),(2534,1881,3128,'Mrs.','2019-04-19 02:53:54'),(2535,109,2587,'Prof.','2019-04-19 02:53:54'),(2536,1042,765,'Dr.','2019-04-19 02:53:54'),(2537,609,1956,'Dr.','2019-04-19 02:53:55'),(2538,435,130,'Ms.','2019-04-19 02:53:55'),(2539,1953,1799,'Mr.','2019-04-19 02:53:55'),(2540,233,1504,'Mrs.','2019-04-19 02:53:55'),(2541,1990,1600,'Mrs.','2019-04-19 02:53:55'),(2542,1110,935,'Mrs.','2019-04-19 02:53:55'),(2543,752,852,'Mr.','2019-04-19 02:53:55'),(2544,724,2850,'Ms.','2019-04-19 02:53:56'),(2545,1077,2809,'Dr.','2019-04-19 02:53:56'),(2546,196,917,'Dr.','2019-04-19 02:53:56'),(2547,761,987,'Mrs.','2019-04-19 02:53:56'),(2548,477,2080,'Dr.','2019-04-19 02:53:56'),(2549,523,3140,'Dr.','2019-04-19 02:53:56'),(2550,1949,889,'Dr.','2019-04-19 02:53:57'),(2551,1350,1117,'Dr.','2019-04-19 02:53:57'),(2552,1323,767,'Miss','2019-04-19 02:53:58'),(2553,860,2183,'Dr.','2019-04-19 02:53:58'),(2554,562,3912,'Dr.','2019-04-19 02:53:58'),(2555,634,165,'Mr.','2019-04-19 02:53:58'),(2556,779,1621,'Mrs.','2019-04-19 02:53:58'),(2557,1893,713,'Mr.','2019-04-19 02:53:58'),(2558,273,2707,'Miss','2019-04-19 02:53:58'),(2559,390,984,'Miss','2019-04-19 02:53:58'),(2560,1300,3269,'Prof.','2019-04-19 02:53:59'),(2561,1125,144,'Dr.','2019-04-19 02:53:59'),(2562,1008,3255,'Dr.','2019-04-19 02:53:59'),(2563,1135,519,'Mr.','2019-04-19 02:53:59'),(2564,218,970,'Dr.','2019-04-19 02:53:59'),(2565,1641,2715,'Prof.','2019-04-19 02:53:59'),(2566,1433,151,'Prof.','2019-04-19 02:53:59'),(2567,256,57,'Dr.','2019-04-19 02:54:00'),(2568,58,978,'Mrs.','2019-04-19 02:54:00'),(2569,1058,2780,'Ms.','2019-04-19 02:54:00'),(2570,560,610,'Mrs.','2019-04-19 02:54:00'),(2571,1261,599,'Mr.','2019-04-19 02:54:00'),(2572,1289,3367,'Prof.','2019-04-19 02:54:00'),(2573,869,866,'Mr.','2019-04-19 02:54:00'),(2574,1695,2832,'Prof.','2019-04-19 02:54:01'),(2575,80,3319,'Mr.','2019-04-19 02:54:01'),(2576,239,3243,'Dr.','2019-04-19 02:54:01'),(2577,1257,550,'Mr.','2019-04-19 02:54:01'),(2578,1102,3575,'Mr.','2019-04-19 02:54:01'),(2579,1203,3697,'Prof.','2019-04-19 02:54:01'),(2580,1966,2673,'Mrs.','2019-04-19 02:54:01'),(2581,873,1896,'Prof.','2019-04-19 02:54:02'),(2582,1223,654,'Dr.','2019-04-19 02:54:02'),(2583,1334,571,'Mrs.','2019-04-19 02:54:02'),(2584,104,2374,'Dr.','2019-04-19 02:54:02'),(2585,1319,1101,'Prof.','2019-04-19 02:54:02'),(2586,1018,124,'Mr.','2019-04-19 02:54:02'),(2587,1798,3435,'Dr.','2019-04-19 02:54:02'),(2588,1287,3851,'Prof.','2019-04-19 02:54:02'),(2589,1796,494,'Miss','2019-04-19 02:54:02'),(2590,1622,3800,'Miss','2019-04-19 02:54:02'),(2591,1631,1263,'Dr.','2019-04-19 02:54:03'),(2592,1268,963,'Dr.','2019-04-19 02:54:03'),(2593,1690,1267,'Miss','2019-04-19 02:54:03'),(2594,1711,411,'Prof.','2019-04-19 02:54:03'),(2595,1843,2131,'Miss','2019-04-19 02:54:03'),(2596,414,1009,'Dr.','2019-04-19 02:54:03'),(2597,1858,2165,'Mr.','2019-04-19 02:54:03'),(2598,1769,2767,'Mr.','2019-04-19 02:54:03'),(2599,1990,3671,'Mr.','2019-04-19 02:54:03'),(2600,629,2883,'Dr.','2019-04-19 02:54:04'),(2601,515,3719,'Dr.','2019-04-19 02:54:04'),(2602,744,2999,'Dr.','2019-04-19 02:54:04'),(2603,892,441,'Mrs.','2019-04-19 02:54:04'),(2604,349,739,'Mrs.','2019-04-19 02:54:04'),(2605,1674,828,'Prof.','2019-04-19 02:54:04'),(2606,485,1647,'Miss','2019-04-19 02:54:04'),(2607,1691,399,'Miss','2019-04-19 02:54:04'),(2608,842,2010,'Dr.','2019-04-19 02:54:04'),(2609,238,3885,'Miss','2019-04-19 02:54:05'),(2610,1449,25,'Dr.','2019-04-19 02:54:05'),(2611,1964,2036,'Dr.','2019-04-19 02:54:05'),(2612,1999,2064,'Prof.','2019-04-19 02:54:05'),(2613,1957,359,'Dr.','2019-04-19 02:54:05'),(2614,1853,2506,'Mr.','2019-04-19 02:54:05'),(2615,56,1425,'Prof.','2019-04-19 02:54:05'),(2616,593,2704,'Prof.','2019-04-19 02:54:06'),(2617,1440,1999,'Prof.','2019-04-19 02:54:06'),(2618,1850,591,'Dr.','2019-04-19 02:54:06'),(2619,1394,785,'Dr.','2019-04-19 02:54:06'),(2620,2,1765,'Prof.','2019-04-19 02:54:06'),(2621,1882,3174,'Miss','2019-04-19 02:54:06'),(2622,284,3155,'Prof.','2019-04-19 02:54:06'),(2623,1414,886,'Prof.','2019-04-19 02:54:06'),(2624,1452,570,'Dr.','2019-04-19 02:54:06'),(2625,1380,473,'Dr.','2019-04-19 02:54:06'),(2626,1951,3389,'Dr.','2019-04-19 02:54:07'),(2627,153,3020,'Ms.','2019-04-19 02:54:07'),(2628,1206,536,'Prof.','2019-04-19 02:54:07'),(2629,1423,1766,'Mr.','2019-04-19 02:54:07'),(2630,1289,635,'Prof.','2019-04-19 02:54:07'),(2631,388,2823,'Miss','2019-04-19 02:54:07'),(2632,1015,1165,'Miss','2019-04-19 02:54:07'),(2633,684,2783,'Prof.','2019-04-19 02:54:08'),(2634,626,745,'Ms.','2019-04-19 02:54:08'),(2635,950,2041,'Mr.','2019-04-19 02:54:08'),(2636,1740,421,'Mr.','2019-04-19 02:54:09'),(2637,890,594,'Prof.','2019-04-19 02:54:09'),(2638,1669,2436,'Mrs.','2019-04-19 02:54:09'),(2639,1832,2453,'Dr.','2019-04-19 02:54:09'),(2640,469,1050,'Prof.','2019-04-19 02:54:09'),(2641,920,2048,'Mrs.','2019-04-19 02:54:09'),(2642,484,1030,'Dr.','2019-04-19 02:54:09'),(2643,424,3822,'Dr.','2019-04-19 02:54:09'),(2644,1459,3645,'Mrs.','2019-04-19 02:54:09'),(2645,1528,2942,'Miss','2019-04-19 02:54:10'),(2646,1168,101,'Dr.','2019-04-19 02:54:10'),(2647,1050,1669,'Dr.','2019-04-19 02:54:10'),(2648,186,2460,'Dr.','2019-04-19 02:54:10'),(2649,1619,3145,'Prof.','2019-04-19 02:54:10'),(2650,427,3605,'Ms.','2019-04-19 02:54:10'),(2651,1530,2178,'Mr.','2019-04-19 02:54:10'),(2652,1102,802,'Mrs.','2019-04-19 02:54:10'),(2653,1002,3543,'Prof.','2019-04-19 02:54:10'),(2654,1450,176,'Miss','2019-04-19 02:54:11'),(2655,1682,514,'Ms.','2019-04-19 02:54:11'),(2656,1904,1075,'Mr.','2019-04-19 02:54:11'),(2657,41,3011,'Dr.','2019-04-19 02:54:11'),(2658,76,2283,'Dr.','2019-04-19 02:54:11'),(2659,687,3935,'Mrs.','2019-04-19 02:54:11'),(2660,1313,1730,'Prof.','2019-04-19 02:54:11'),(2661,1857,767,'Mrs.','2019-04-19 02:54:11'),(2662,1434,2467,'Dr.','2019-04-19 02:54:11'),(2663,1621,1694,'Prof.','2019-04-19 02:54:11'),(2664,1231,878,'Dr.','2019-04-19 02:54:12'),(2665,998,1645,'Mr.','2019-04-19 02:54:12'),(2666,956,1678,'Prof.','2019-04-19 02:54:12'),(2667,742,3931,'Prof.','2019-04-19 02:54:12'),(2668,1722,63,'Mrs.','2019-04-19 02:54:12'),(2669,1271,2940,'Dr.','2019-04-19 02:54:12'),(2670,144,2491,'Dr.','2019-04-19 02:54:12'),(2671,1700,1533,'Prof.','2019-04-19 02:54:12'),(2672,874,434,'Dr.','2019-04-19 02:54:12'),(2673,589,3261,'Miss','2019-04-19 02:54:12'),(2674,1343,3798,'Dr.','2019-04-19 02:54:13'),(2675,830,3420,'Prof.','2019-04-19 02:54:13'),(2676,1936,1536,'Miss','2019-04-19 02:54:13'),(2677,813,299,'Mrs.','2019-04-19 02:54:13'),(2678,1208,1462,'Mrs.','2019-04-19 02:54:13'),(2679,75,2554,'Dr.','2019-04-19 02:54:13'),(2680,275,2977,'Prof.','2019-04-19 02:54:13'),(2681,459,1604,'Dr.','2019-04-19 02:54:13'),(2682,1882,3505,'Miss','2019-04-19 02:54:13'),(2683,576,2551,'Mr.','2019-04-19 02:54:14'),(2684,1440,241,'Miss','2019-04-19 02:54:14'),(2685,946,3387,'Prof.','2019-04-19 02:54:14'),(2686,1556,1854,'Prof.','2019-04-19 02:54:14'),(2687,614,1005,'Prof.','2019-04-19 02:54:14'),(2688,674,1389,'Prof.','2019-04-19 02:54:14'),(2689,1514,2578,'Dr.','2019-04-19 02:54:14'),(2690,1784,3092,'Dr.','2019-04-19 02:54:14'),(2691,1313,3151,'Mrs.','2019-04-19 02:54:14'),(2692,1244,437,'Prof.','2019-04-19 02:54:15'),(2693,1142,2570,'Ms.','2019-04-19 02:54:15'),(2694,500,2860,'Prof.','2019-04-19 02:54:15'),(2695,1245,2742,'Mr.','2019-04-19 02:54:15'),(2696,184,1602,'Prof.','2019-04-19 02:54:15'),(2697,1156,1743,'Mr.','2019-04-19 02:54:16'),(2698,1395,3444,'Prof.','2019-04-19 02:54:16'),(2699,854,3557,'Dr.','2019-04-19 02:54:16'),(2700,1667,2921,'Mrs.','2019-04-19 02:54:16'),(2701,1213,3517,'Dr.','2019-04-19 02:54:16'),(2702,1856,3065,'Dr.','2019-04-19 02:54:16'),(2703,690,2232,'Prof.','2019-04-19 02:54:16'),(2704,882,3157,'Prof.','2019-04-19 02:54:16'),(2705,1375,2466,'Dr.','2019-04-19 02:54:16'),(2706,1074,618,'Prof.','2019-04-19 02:54:16'),(2707,890,3116,'Mr.','2019-04-19 02:54:17'),(2708,827,107,'Mr.','2019-04-19 02:54:17'),(2709,633,794,'Miss','2019-04-19 02:54:17'),(2710,1861,3304,'Mr.','2019-04-19 02:54:17'),(2711,1204,1817,'Ms.','2019-04-19 02:54:17'),(2712,1984,2244,'Miss','2019-04-19 02:54:17'),(2713,669,310,'Prof.','2019-04-19 02:54:17'),(2714,1416,3718,'Mrs.','2019-04-19 02:54:17'),(2715,581,1034,'Prof.','2019-04-19 02:54:18'),(2716,186,247,'Ms.','2019-04-19 02:54:18'),(2717,1439,374,'Prof.','2019-04-19 02:54:18'),(2718,241,2496,'Dr.','2019-04-19 02:54:18'),(2719,442,2197,'Dr.','2019-04-19 02:54:18'),(2720,1004,360,'Prof.','2019-04-19 02:54:18'),(2721,647,3816,'Mr.','2019-04-19 02:54:18'),(2722,1379,736,'Mr.','2019-04-19 02:54:18'),(2723,1925,321,'Mrs.','2019-04-19 02:54:19'),(2724,1452,2884,'Mr.','2019-04-19 02:54:19'),(2725,873,1636,'Mr.','2019-04-19 02:54:19'),(2726,917,2819,'Mr.','2019-04-19 02:54:19'),(2727,298,2276,'Mrs.','2019-04-19 02:54:19'),(2728,1055,2869,'Prof.','2019-04-19 02:54:19'),(2729,1785,123,'Prof.','2019-04-19 02:54:19'),(2730,669,444,'Ms.','2019-04-19 02:54:20'),(2731,889,2089,'Dr.','2019-04-19 02:54:20'),(2732,1046,783,'Dr.','2019-04-19 02:54:20'),(2733,1193,448,'Mr.','2019-04-19 02:54:20'),(2734,231,1749,'Dr.','2019-04-19 02:54:20'),(2735,516,3736,'Prof.','2019-04-19 02:54:20'),(2736,1217,2574,'Dr.','2019-04-19 02:54:20'),(2737,1794,95,'Prof.','2019-04-19 02:54:20'),(2738,857,2375,'Prof.','2019-04-19 02:54:20'),(2739,1769,1018,'Mr.','2019-04-19 02:54:21'),(2740,1067,1465,'Prof.','2019-04-19 02:54:21'),(2741,1627,1354,'Ms.','2019-04-19 02:54:21'),(2742,69,3664,'Prof.','2019-04-19 02:54:21'),(2743,1969,3417,'Mrs.','2019-04-19 02:54:21'),(2744,36,733,'Dr.','2019-04-19 02:54:21'),(2745,1922,1179,'Mr.','2019-04-19 02:54:21'),(2746,1178,1218,'Dr.','2019-04-19 02:54:21'),(2747,42,3383,'Mrs.','2019-04-19 02:54:22'),(2748,110,2935,'Mr.','2019-04-19 02:54:22'),(2749,1370,3479,'Mr.','2019-04-19 02:54:22'),(2750,578,2335,'Prof.','2019-04-19 02:54:22'),(2751,299,2761,'Prof.','2019-04-19 02:54:22'),(2752,1030,2835,'Prof.','2019-04-19 02:54:22'),(2753,275,541,'Dr.','2019-04-19 02:54:22'),(2754,1368,1724,'Ms.','2019-04-19 02:54:22'),(2755,862,1076,'Prof.','2019-04-19 02:54:23'),(2756,1343,1860,'Mrs.','2019-04-19 02:54:23'),(2757,1292,3547,'Miss','2019-04-19 02:54:24'),(2758,230,131,'Dr.','2019-04-19 02:54:24'),(2759,666,3898,'Prof.','2019-04-19 02:54:24'),(2760,231,3257,'Mrs.','2019-04-19 02:54:24'),(2761,413,2295,'Prof.','2019-04-19 02:54:24'),(2762,223,3555,'Mr.','2019-04-19 02:54:24'),(2763,48,399,'Dr.','2019-04-19 02:54:25'),(2764,63,776,'Dr.','2019-04-19 02:54:25'),(2765,1191,961,'Dr.','2019-04-19 02:54:25'),(2766,1988,2497,'Prof.','2019-04-19 02:54:26'),(2767,482,1071,'Miss','2019-04-19 02:54:26'),(2768,273,3356,'Dr.','2019-04-19 02:54:26'),(2769,1894,1373,'Mrs.','2019-04-19 02:54:26'),(2770,286,1855,'Prof.','2019-04-19 02:54:26'),(2771,605,3575,'Mr.','2019-04-19 02:54:26'),(2772,1886,2853,'Mr.','2019-04-19 02:54:26'),(2773,1340,1773,'Prof.','2019-04-19 02:54:26'),(2774,1715,2990,'Prof.','2019-04-19 02:54:27'),(2775,1163,2777,'Dr.','2019-04-19 02:54:27'),(2776,1849,1640,'Dr.','2019-04-19 02:54:27'),(2777,156,764,'Ms.','2019-04-19 02:54:27'),(2778,469,901,'Dr.','2019-04-19 02:54:27'),(2779,752,2437,'Prof.','2019-04-19 02:54:27'),(2780,1312,1425,'Dr.','2019-04-19 02:54:27'),(2781,49,3384,'Prof.','2019-04-19 02:54:27'),(2782,1126,2566,'Dr.','2019-04-19 02:54:28'),(2783,1296,580,'Prof.','2019-04-19 02:54:28'),(2784,1562,2322,'Prof.','2019-04-19 02:54:28'),(2785,934,1582,'Mrs.','2019-04-19 02:54:28'),(2786,370,2353,'Mr.','2019-04-19 02:54:28'),(2787,1900,2913,'Dr.','2019-04-19 02:54:28'),(2788,233,2545,'Mrs.','2019-04-19 02:54:28'),(2789,1495,927,'Mr.','2019-04-19 02:54:28'),(2790,1459,277,'Dr.','2019-04-19 02:54:29'),(2791,1730,1934,'Ms.','2019-04-19 02:54:29'),(2792,104,1129,'Dr.','2019-04-19 02:54:29'),(2793,1909,3013,'Prof.','2019-04-19 02:54:29'),(2794,94,3997,'Prof.','2019-04-19 02:54:29'),(2795,587,2426,'Dr.','2019-04-19 02:54:29'),(2796,1834,1390,'Dr.','2019-04-19 02:54:29'),(2797,1003,3406,'Miss','2019-04-19 02:54:29'),(2798,1607,995,'Miss','2019-04-19 02:54:30'),(2799,1358,1701,'Prof.','2019-04-19 02:54:30'),(2800,1825,2482,'Prof.','2019-04-19 02:54:30'),(2801,1693,3534,'Mr.','2019-04-19 02:54:30'),(2802,1866,1283,'Dr.','2019-04-19 02:54:30'),(2803,519,3566,'Prof.','2019-04-19 02:54:30'),(2804,710,622,'Miss','2019-04-19 02:54:30'),(2805,1917,896,'Mr.','2019-04-19 02:54:30'),(2806,385,2763,'Prof.','2019-04-19 02:54:31'),(2807,1262,52,'Miss','2019-04-19 02:54:31'),(2808,570,389,'Mr.','2019-04-19 02:54:31'),(2809,454,2366,'Dr.','2019-04-19 02:54:31'),(2810,1462,2936,'Ms.','2019-04-19 02:54:31'),(2811,280,3828,'Miss','2019-04-19 02:54:31'),(2812,239,1729,'Prof.','2019-04-19 02:54:31'),(2813,189,2044,'Prof.','2019-04-19 02:54:31'),(2814,680,1376,'Miss','2019-04-19 02:54:32'),(2815,376,95,'Miss','2019-04-19 02:54:32'),(2816,577,3670,'Mrs.','2019-04-19 02:54:32'),(2817,1769,97,'Ms.','2019-04-19 02:54:32'),(2818,557,340,'Mrs.','2019-04-19 02:54:32'),(2819,297,2317,'Mrs.','2019-04-19 02:54:32'),(2820,1958,2251,'Dr.','2019-04-19 02:54:32'),(2821,103,349,'Dr.','2019-04-19 02:54:32'),(2822,1900,3716,'Ms.','2019-04-19 02:54:32'),(2823,1476,2308,'Dr.','2019-04-19 02:54:33'),(2824,1139,2703,'Prof.','2019-04-19 02:54:33'),(2825,361,3791,'Dr.','2019-04-19 02:54:33'),(2826,1687,2582,'Dr.','2019-04-19 02:54:33'),(2827,1455,3741,'Ms.','2019-04-19 02:54:33'),(2828,677,2844,'Prof.','2019-04-19 02:54:33'),(2829,1852,1819,'Mrs.','2019-04-19 02:54:33'),(2830,140,1869,'Dr.','2019-04-19 02:54:33'),(2831,859,2991,'Prof.','2019-04-19 02:54:34'),(2832,7,1482,'Dr.','2019-04-19 02:54:34'),(2833,936,2392,'Prof.','2019-04-19 02:54:34'),(2834,374,2537,'Prof.','2019-04-19 02:54:34'),(2835,1761,3891,'Prof.','2019-04-19 02:54:34'),(2836,996,1840,'Dr.','2019-04-19 02:54:35'),(2837,6,1780,'Mrs.','2019-04-19 02:54:35'),(2838,1822,867,'Dr.','2019-04-19 02:54:35'),(2839,1947,2757,'Dr.','2019-04-19 02:54:35'),(2840,60,1872,'Mrs.','2019-04-19 02:54:35'),(2841,1898,2402,'Mrs.','2019-04-19 02:54:35'),(2842,1562,1890,'Dr.','2019-04-19 02:54:35'),(2843,158,406,'Mr.','2019-04-19 02:54:35'),(2844,1600,1138,'Mr.','2019-04-19 02:54:35'),(2845,727,569,'Prof.','2019-04-19 02:54:36'),(2846,1272,1373,'Dr.','2019-04-19 02:54:36'),(2847,23,2099,'Ms.','2019-04-19 02:54:36'),(2848,1631,410,'Miss','2019-04-19 02:54:36'),(2849,1118,3586,'Dr.','2019-04-19 02:54:36'),(2850,874,1641,'Miss','2019-04-19 02:54:36'),(2851,456,2675,'Dr.','2019-04-19 02:54:36'),(2852,625,169,'Dr.','2019-04-19 02:54:36'),(2853,1703,798,'Ms.','2019-04-19 02:54:36'),(2854,1131,2914,'Prof.','2019-04-19 02:54:36'),(2855,1005,2552,'Prof.','2019-04-19 02:54:37'),(2856,462,920,'Ms.','2019-04-19 02:54:37'),(2857,1989,3226,'Mr.','2019-04-19 02:54:37'),(2858,520,3567,'Mr.','2019-04-19 02:54:37'),(2859,1080,1823,'Prof.','2019-04-19 02:54:37'),(2860,316,3487,'Miss','2019-04-19 02:54:37'),(2861,450,3544,'Mr.','2019-04-19 02:54:37'),(2862,679,3780,'Prof.','2019-04-19 02:54:37'),(2863,817,500,'Miss','2019-04-19 02:54:37'),(2864,356,3550,'Dr.','2019-04-19 02:54:38'),(2865,1568,2796,'Ms.','2019-04-19 02:54:38'),(2866,1672,319,'Ms.','2019-04-19 02:54:38'),(2867,1406,505,'Dr.','2019-04-19 02:54:38'),(2868,1387,3577,'Mr.','2019-04-19 02:54:38'),(2869,498,2104,'Mr.','2019-04-19 02:54:38'),(2870,1265,2535,'Miss','2019-04-19 02:54:38'),(2871,1320,307,'Dr.','2019-04-19 02:54:38'),(2872,347,2322,'Ms.','2019-04-19 02:54:38'),(2873,1068,9,'Miss','2019-04-19 02:54:39'),(2874,375,3939,'Mrs.','2019-04-19 02:54:39'),(2875,1339,3113,'Ms.','2019-04-19 02:54:39'),(2876,1870,1434,'Mr.','2019-04-19 02:54:39'),(2877,1608,987,'Dr.','2019-04-19 02:54:39'),(2878,1400,2309,'Mr.','2019-04-19 02:54:39'),(2879,363,3311,'Mrs.','2019-04-19 02:54:39'),(2880,1522,3036,'Prof.','2019-04-19 02:54:39'),(2881,163,283,'Dr.','2019-04-19 02:54:39'),(2882,1699,3596,'Ms.','2019-04-19 02:54:40'),(2883,473,478,'Dr.','2019-04-19 02:54:40'),(2884,468,2089,'Prof.','2019-04-19 02:54:40'),(2885,177,1270,'Prof.','2019-04-19 02:54:40'),(2886,1049,2379,'Ms.','2019-04-19 02:54:40'),(2887,1312,1425,'Prof.','2019-04-19 02:54:40'),(2888,643,3906,'Dr.','2019-04-19 02:54:40'),(2889,1242,1948,'Dr.','2019-04-19 02:54:40'),(2890,656,2198,'Mr.','2019-04-19 02:54:41'),(2891,1109,2439,'Miss','2019-04-19 02:54:41'),(2892,1896,1537,'Mr.','2019-04-19 02:54:41'),(2893,819,820,'Miss','2019-04-19 02:54:41'),(2894,195,190,'Miss','2019-04-19 02:54:42'),(2895,1183,3884,'Miss','2019-04-19 02:54:42'),(2896,1415,2078,'Dr.','2019-04-19 02:54:42'),(2897,129,2423,'Mr.','2019-04-19 02:54:42'),(2898,281,1984,'Dr.','2019-04-19 02:54:42'),(2899,1533,3442,'Ms.','2019-04-19 02:54:42'),(2900,1925,551,'Prof.','2019-04-19 02:54:42'),(2901,1454,393,'Mr.','2019-04-19 02:54:42'),(2902,1739,1339,'Prof.','2019-04-19 02:54:43'),(2903,666,40,'Mr.','2019-04-19 02:54:43'),(2904,1241,3438,'Dr.','2019-04-19 02:54:43'),(2905,71,1547,'Ms.','2019-04-19 02:54:43'),(2906,1521,362,'Prof.','2019-04-19 02:54:43'),(2907,1560,3253,'Dr.','2019-04-19 02:54:43'),(2908,1993,1950,'Prof.','2019-04-19 02:54:43'),(2909,1336,1055,'Prof.','2019-04-19 02:54:44'),(2910,1329,3024,'Prof.','2019-04-19 02:54:44'),(2911,1832,159,'Prof.','2019-04-19 02:54:44'),(2912,610,3062,'Dr.','2019-04-19 02:54:44'),(2913,1951,3633,'Prof.','2019-04-19 02:54:44'),(2914,96,1132,'Miss','2019-04-19 02:54:44'),(2915,853,953,'Prof.','2019-04-19 02:54:44'),(2916,1706,3959,'Prof.','2019-04-19 02:54:44'),(2917,1707,495,'Ms.','2019-04-19 02:54:44'),(2918,1145,2438,'Dr.','2019-04-19 02:54:44'),(2919,1098,2064,'Miss','2019-04-19 02:54:45'),(2920,512,3015,'Dr.','2019-04-19 02:54:45'),(2921,382,943,'Prof.','2019-04-19 02:54:45'),(2922,27,3030,'Prof.','2019-04-19 02:54:45'),(2923,1110,1319,'Prof.','2019-04-19 02:54:45'),(2924,1464,1433,'Mr.','2019-04-19 02:54:45'),(2925,1651,3603,'Mr.','2019-04-19 02:54:45'),(2926,1379,1228,'Prof.','2019-04-19 02:54:45'),(2927,1466,2165,'Mrs.','2019-04-19 02:54:46'),(2928,563,3233,'Mrs.','2019-04-19 02:54:46'),(2929,937,574,'Prof.','2019-04-19 02:54:46'),(2930,292,2797,'Dr.','2019-04-19 02:54:46'),(2931,727,834,'Dr.','2019-04-19 02:54:46'),(2932,1674,111,'Dr.','2019-04-19 02:54:46'),(2933,990,2718,'Dr.','2019-04-19 02:54:46'),(2934,932,1759,'Mr.','2019-04-19 02:54:46'),(2935,1406,3954,'Miss','2019-04-19 02:54:46'),(2936,1272,2960,'Prof.','2019-04-19 02:54:47'),(2937,65,3944,'Prof.','2019-04-19 02:54:47'),(2938,1229,2477,'Prof.','2019-04-19 02:54:47'),(2939,1200,3412,'Prof.','2019-04-19 02:54:47'),(2940,615,1898,'Mr.','2019-04-19 02:54:47'),(2941,1602,2889,'Dr.','2019-04-19 02:54:47'),(2942,1569,135,'Mr.','2019-04-19 02:54:47'),(2943,1329,1970,'Prof.','2019-04-19 02:54:47'),(2944,1932,2223,'Prof.','2019-04-19 02:54:47'),(2945,79,2279,'Prof.','2019-04-19 02:54:48'),(2946,1017,1444,'Ms.','2019-04-19 02:54:48'),(2947,268,2221,'Prof.','2019-04-19 02:54:48'),(2948,166,2826,'Prof.','2019-04-19 02:54:48'),(2949,1972,3206,'Dr.','2019-04-19 02:54:48'),(2950,168,1948,'Dr.','2019-04-19 02:54:48'),(2951,1786,1524,'Prof.','2019-04-19 02:54:48'),(2952,1816,163,'Dr.','2019-04-19 02:54:49'),(2953,1608,3426,'Dr.','2019-04-19 02:54:49'),(2954,816,1481,'Prof.','2019-04-19 02:54:49'),(2955,336,3541,'Mrs.','2019-04-19 02:54:49'),(2956,1692,1026,'Prof.','2019-04-19 02:54:49'),(2957,1651,2227,'Miss','2019-04-19 02:54:49'),(2958,1814,265,'Dr.','2019-04-19 02:54:50'),(2959,100,1737,'Mr.','2019-04-19 02:54:50'),(2960,13,3808,'Prof.','2019-04-19 02:54:50'),(2961,1393,3532,'Miss','2019-04-19 02:54:50'),(2962,1442,634,'Dr.','2019-04-19 02:54:50'),(2963,1015,3536,'Mrs.','2019-04-19 02:54:50'),(2964,726,2349,'Ms.','2019-04-19 02:54:50'),(2965,1516,1322,'Prof.','2019-04-19 02:54:50'),(2966,1337,967,'Prof.','2019-04-19 02:54:50'),(2967,1977,1201,'Dr.','2019-04-19 02:54:51'),(2968,1507,2870,'Dr.','2019-04-19 02:54:51'),(2969,559,2669,'Miss','2019-04-19 02:54:51'),(2970,808,1000,'Mr.','2019-04-19 02:54:51'),(2971,711,3142,'Prof.','2019-04-19 02:54:51'),(2972,1417,2184,'Prof.','2019-04-19 02:54:51'),(2973,546,3339,'Dr.','2019-04-19 02:54:51'),(2974,1186,1802,'Dr.','2019-04-19 02:54:51'),(2975,991,1380,'Prof.','2019-04-19 02:54:52'),(2976,1110,3338,'Dr.','2019-04-19 02:54:52'),(2977,567,356,'Ms.','2019-04-19 02:54:52'),(2978,959,3678,'Prof.','2019-04-19 02:54:52'),(2979,364,1728,'Prof.','2019-04-19 02:54:52'),(2980,248,1272,'Mr.','2019-04-19 02:54:52'),(2981,863,1437,'Dr.','2019-04-19 02:54:53'),(2982,926,3487,'Dr.','2019-04-19 02:54:53'),(2983,1873,147,'Mrs.','2019-04-19 02:54:53'),(2984,685,3374,'Miss','2019-04-19 02:54:53'),(2985,1720,1223,'Mrs.','2019-04-19 02:54:53'),(2986,1782,120,'Dr.','2019-04-19 02:54:53'),(2987,774,3602,'Ms.','2019-04-19 02:54:53'),(2988,435,3889,'Prof.','2019-04-19 02:54:53'),(2989,363,776,'Prof.','2019-04-19 02:54:53'),(2990,1096,2176,'Prof.','2019-04-19 02:54:54'),(2991,568,1865,'Ms.','2019-04-19 02:54:54'),(2992,879,2597,'Dr.','2019-04-19 02:54:54'),(2993,1573,3428,'Dr.','2019-04-19 02:54:54'),(2994,212,3558,'Prof.','2019-04-19 02:54:54'),(2995,1705,1029,'Dr.','2019-04-19 02:54:54'),(2996,376,3896,'Dr.','2019-04-19 02:54:54'),(2997,46,1973,'Dr.','2019-04-19 02:54:54'),(2998,1808,60,'Mrs.','2019-04-19 02:54:54'),(2999,121,792,'Mr.','2019-04-19 02:54:54'),(3000,428,2905,'Prof.','2019-04-19 02:54:55'),(3001,15,3491,'Mr.','2019-04-19 02:54:55'),(3002,1650,963,'Dr.','2019-04-19 02:54:55'),(3003,551,1024,'Prof.','2019-04-19 02:54:55'),(3004,794,1903,'Mr.','2019-04-19 02:54:55'),(3005,1367,3610,'Prof.','2019-04-19 02:54:55'),(3006,783,1062,'Dr.','2019-04-19 02:54:55'),(3007,563,2141,'Mrs.','2019-04-19 02:54:56'),(3008,691,772,'Prof.','2019-04-19 02:54:56'),(3009,1675,3014,'Prof.','2019-04-19 02:54:56'),(3010,412,3688,'Prof.','2019-04-19 02:54:56'),(3011,1994,3317,'Prof.','2019-04-19 02:54:56'),(3012,375,1647,'Miss','2019-04-19 02:54:56'),(3013,388,2413,'Prof.','2019-04-19 02:54:56'),(3014,560,114,'Dr.','2019-04-19 02:54:56'),(3015,639,129,'Prof.','2019-04-19 02:54:56'),(3016,1981,2253,'Prof.','2019-04-19 02:54:57'),(3017,1477,2053,'Miss','2019-04-19 02:54:57'),(3018,1800,2345,'Dr.','2019-04-19 02:54:57'),(3019,1843,1674,'Prof.','2019-04-19 02:54:57'),(3020,507,3974,'Mr.','2019-04-19 02:54:57'),(3021,1144,2977,'Dr.','2019-04-19 02:54:58'),(3022,1387,2295,'Prof.','2019-04-19 02:54:58'),(3023,1751,1901,'Prof.','2019-04-19 02:54:58'),(3024,976,550,'Prof.','2019-04-19 02:54:58'),(3025,579,2640,'Dr.','2019-04-19 02:54:58'),(3026,1849,2794,'Prof.','2019-04-19 02:54:58'),(3027,695,3925,'Prof.','2019-04-19 02:54:58'),(3028,772,3358,'Dr.','2019-04-19 02:54:59'),(3029,604,2897,'Miss','2019-04-19 02:54:59'),(3030,756,1189,'Prof.','2019-04-19 02:54:59'),(3031,245,3728,'Miss','2019-04-19 02:54:59'),(3032,1455,65,'Dr.','2019-04-19 02:54:59'),(3033,1401,3930,'Dr.','2019-04-19 02:54:59'),(3034,687,1718,'Dr.','2019-04-19 02:54:59'),(3035,1393,493,'Dr.','2019-04-19 02:54:59'),(3036,1415,2711,'Prof.','2019-04-19 02:55:00'),(3037,221,3960,'Mr.','2019-04-19 02:55:00'),(3038,650,2964,'Mr.','2019-04-19 02:55:00'),(3039,1282,3908,'Mrs.','2019-04-19 02:55:00'),(3040,137,2628,'Mrs.','2019-04-19 02:55:00'),(3041,1943,1245,'Miss','2019-04-19 02:55:00'),(3042,656,1618,'Ms.','2019-04-19 02:55:00'),(3043,1226,3958,'Mrs.','2019-04-19 02:55:01'),(3044,1109,3101,'Mr.','2019-04-19 02:55:01'),(3045,189,3860,'Ms.','2019-04-19 02:55:01'),(3046,1435,2444,'Miss','2019-04-19 02:55:01'),(3047,991,880,'Prof.','2019-04-19 02:55:01'),(3048,1898,1615,'Dr.','2019-04-19 02:55:01'),(3049,1401,3257,'Miss','2019-04-19 02:55:01'),(3050,1120,3170,'Prof.','2019-04-19 02:55:01'),(3051,977,750,'Ms.','2019-04-19 02:55:02'),(3052,586,2670,'Miss','2019-04-19 02:55:02'),(3053,729,2163,'Prof.','2019-04-19 02:55:02'),(3054,1244,1210,'Mr.','2019-04-19 02:55:02'),(3055,496,1903,'Ms.','2019-04-19 02:55:02'),(3056,1180,1302,'Dr.','2019-04-19 02:55:02'),(3057,897,364,'Miss','2019-04-19 02:55:02'),(3058,571,127,'Prof.','2019-04-19 02:55:02'),(3059,1705,104,'Prof.','2019-04-19 02:55:03'),(3060,1103,1709,'Mrs.','2019-04-19 02:55:03'),(3061,1670,66,'Prof.','2019-04-19 02:55:03'),(3062,1521,2136,'Ms.','2019-04-19 02:55:03'),(3063,1127,2124,'Dr.','2019-04-19 02:55:03'),(3064,619,3397,'Ms.','2019-04-19 02:55:03'),(3065,301,2910,'Dr.','2019-04-19 02:55:03'),(3066,743,3783,'Mr.','2019-04-19 02:55:03'),(3067,547,3990,'Prof.','2019-04-19 02:55:04'),(3068,1935,3084,'Dr.','2019-04-19 02:55:04'),(3069,1108,435,'Prof.','2019-04-19 02:55:04'),(3070,1028,1039,'Ms.','2019-04-19 02:55:04'),(3071,947,3288,'Ms.','2019-04-19 02:55:04'),(3072,659,1789,'Mrs.','2019-04-19 02:55:05'),(3073,1154,1275,'Mr.','2019-04-19 02:55:05'),(3074,1230,517,'Prof.','2019-04-19 02:55:05'),(3075,797,449,'Dr.','2019-04-19 02:55:05'),(3076,976,1747,'Dr.','2019-04-19 02:55:05'),(3077,341,1834,'Prof.','2019-04-19 02:55:05'),(3078,1049,2183,'Dr.','2019-04-19 02:55:05'),(3079,1833,653,'Mr.','2019-04-19 02:55:06'),(3080,1282,3913,'Ms.','2019-04-19 02:55:06'),(3081,333,277,'Dr.','2019-04-19 02:55:06'),(3082,59,1239,'Dr.','2019-04-19 02:55:06'),(3083,1414,2080,'Dr.','2019-04-19 02:55:06'),(3084,1181,254,'Ms.','2019-04-19 02:55:06'),(3085,1167,2097,'Ms.','2019-04-19 02:55:06'),(3086,636,1622,'Ms.','2019-04-19 02:55:06'),(3087,1271,453,'Dr.','2019-04-19 02:55:06'),(3088,281,587,'Mr.','2019-04-19 02:55:07'),(3089,414,3703,'Miss','2019-04-19 02:55:07'),(3090,1748,3900,'Ms.','2019-04-19 02:55:07'),(3091,1694,1142,'Mr.','2019-04-19 02:55:07'),(3092,589,980,'Ms.','2019-04-19 02:55:07'),(3093,1887,3418,'Dr.','2019-04-19 02:55:07'),(3094,582,1175,'Dr.','2019-04-19 02:55:07'),(3095,1316,1423,'Mr.','2019-04-19 02:55:07'),(3096,533,1712,'Mrs.','2019-04-19 02:55:07'),(3097,98,2809,'Miss','2019-04-19 02:55:08'),(3098,1983,434,'Mr.','2019-04-19 02:55:08'),(3099,236,2738,'Mr.','2019-04-19 02:55:08'),(3100,390,3958,'Mr.','2019-04-19 02:55:08'),(3101,672,1217,'Miss','2019-04-19 02:55:08'),(3102,1035,377,'Ms.','2019-04-19 02:55:08'),(3103,1039,3221,'Miss','2019-04-19 02:55:08'),(3104,213,2234,'Dr.','2019-04-19 02:55:08'),(3105,470,3826,'Dr.','2019-04-19 02:55:08'),(3106,1482,3053,'Miss','2019-04-19 02:55:09'),(3107,1718,850,'Mr.','2019-04-19 02:55:09'),(3108,703,1060,'Mr.','2019-04-19 02:55:09'),(3109,181,2112,'Dr.','2019-04-19 02:55:09'),(3110,211,2445,'Prof.','2019-04-19 02:55:09'),(3111,3,2011,'Mrs.','2019-04-19 02:55:09'),(3112,1938,910,'Mrs.','2019-04-19 02:55:10'),(3113,1837,1838,'Mr.','2019-04-19 02:55:10'),(3114,165,3502,'Dr.','2019-04-19 02:55:10'),(3115,1396,1760,'Mr.','2019-04-19 02:55:10'),(3116,467,3944,'Ms.','2019-04-19 02:55:10'),(3117,1948,3871,'Prof.','2019-04-19 02:55:10'),(3118,483,2583,'Miss','2019-04-19 02:55:10'),(3119,1580,1539,'Prof.','2019-04-19 02:55:10'),(3120,289,3684,'Prof.','2019-04-19 02:55:11'),(3121,1547,2521,'Dr.','2019-04-19 02:55:11'),(3122,13,867,'Dr.','2019-04-19 02:55:11'),(3123,701,3642,'Dr.','2019-04-19 02:55:11'),(3124,220,1700,'Dr.','2019-04-19 02:55:11'),(3125,1656,291,'Mrs.','2019-04-19 02:55:12'),(3126,1242,1308,'Dr.','2019-04-19 02:55:12'),(3127,1385,263,'Mr.','2019-04-19 02:55:12'),(3128,1937,1296,'Prof.','2019-04-19 02:55:12'),(3129,1556,1247,'Mr.','2019-04-19 02:55:12'),(3130,344,3592,'Dr.','2019-04-19 02:55:12'),(3131,28,500,'Ms.','2019-04-19 02:55:12'),(3132,562,721,'Dr.','2019-04-19 02:55:12'),(3133,615,316,'Prof.','2019-04-19 02:55:12'),(3134,1209,1260,'Prof.','2019-04-19 02:55:13'),(3135,707,3778,'Ms.','2019-04-19 02:55:13'),(3136,162,2887,'Dr.','2019-04-19 02:55:13'),(3137,1007,235,'Dr.','2019-04-19 02:55:13'),(3138,1633,1932,'Ms.','2019-04-19 02:55:13'),(3139,408,343,'Dr.','2019-04-19 02:55:13'),(3140,142,2503,'Prof.','2019-04-19 02:55:13'),(3141,1812,2516,'Miss','2019-04-19 02:55:13'),(3142,726,2252,'Dr.','2019-04-19 02:55:13'),(3143,51,3397,'Dr.','2019-04-19 02:55:14'),(3144,1247,2440,'Ms.','2019-04-19 02:55:14'),(3145,1374,336,'Dr.','2019-04-19 02:55:14'),(3146,884,2012,'Mr.','2019-04-19 02:55:14'),(3147,632,2059,'Mr.','2019-04-19 02:55:14'),(3148,109,1932,'Prof.','2019-04-19 02:55:15'),(3149,1843,686,'Dr.','2019-04-19 02:55:15'),(3150,1229,217,'Prof.','2019-04-19 02:55:15'),(3151,186,1939,'Dr.','2019-04-19 02:55:15'),(3152,1209,1086,'Dr.','2019-04-19 02:55:15'),(3153,1744,2571,'Mr.','2019-04-19 02:55:15'),(3154,570,3885,'Ms.','2019-04-19 02:55:15'),(3155,773,3055,'Mrs.','2019-04-19 02:55:15'),(3156,1983,549,'Mrs.','2019-04-19 02:55:16'),(3157,1868,643,'Dr.','2019-04-19 02:55:16'),(3158,1051,298,'Dr.','2019-04-19 02:55:16'),(3159,1876,535,'Mr.','2019-04-19 02:55:16'),(3160,101,1623,'Prof.','2019-04-19 02:55:16'),(3161,1246,3010,'Mr.','2019-04-19 02:55:16'),(3162,158,1433,'Ms.','2019-04-19 02:55:16'),(3163,574,2161,'Prof.','2019-04-19 02:55:16'),(3164,939,303,'Prof.','2019-04-19 02:55:16'),(3165,927,577,'Dr.','2019-04-19 02:55:16'),(3166,540,768,'Miss','2019-04-19 02:55:17'),(3167,1957,2007,'Mr.','2019-04-19 02:55:17'),(3168,1061,962,'Mr.','2019-04-19 02:55:17'),(3169,879,2087,'Mrs.','2019-04-19 02:55:17'),(3170,558,3259,'Mr.','2019-04-19 02:55:17'),(3171,1401,39,'Miss','2019-04-19 02:55:17'),(3172,1886,791,'Dr.','2019-04-19 02:55:18'),(3173,188,972,'Dr.','2019-04-19 02:55:18'),(3174,139,363,'Dr.','2019-04-19 02:55:18'),(3175,626,1593,'Dr.','2019-04-19 02:55:18'),(3176,828,822,'Mrs.','2019-04-19 02:55:18'),(3177,1682,970,'Dr.','2019-04-19 02:55:18'),(3178,601,1694,'Mrs.','2019-04-19 02:55:18'),(3179,607,3572,'Ms.','2019-04-19 02:55:18'),(3180,113,947,'Dr.','2019-04-19 02:55:18'),(3181,1694,2458,'Mr.','2019-04-19 02:55:18'),(3182,902,3569,'Dr.','2019-04-19 02:55:19'),(3183,1853,2840,'Ms.','2019-04-19 02:55:19'),(3184,480,2709,'Dr.','2019-04-19 02:55:19'),(3185,944,2982,'Mr.','2019-04-19 02:55:19'),(3186,1256,18,'Mr.','2019-04-19 02:55:19'),(3187,434,3477,'Dr.','2019-04-19 02:55:19'),(3188,964,839,'Prof.','2019-04-19 02:55:19'),(3189,712,2255,'Prof.','2019-04-19 02:55:20'),(3190,1980,262,'Mrs.','2019-04-19 02:55:20'),(3191,92,2754,'Miss','2019-04-19 02:55:20'),(3192,117,3087,'Dr.','2019-04-19 02:55:20'),(3193,514,182,'Dr.','2019-04-19 02:55:20'),(3194,258,975,'Prof.','2019-04-19 02:55:20'),(3195,465,3757,'Dr.','2019-04-19 02:55:20'),(3196,842,1933,'Dr.','2019-04-19 02:55:20'),(3197,1569,3674,'Dr.','2019-04-19 02:55:21'),(3198,831,1025,'Dr.','2019-04-19 02:55:21'),(3199,484,2738,'Dr.','2019-04-19 02:55:21'),(3200,1427,700,'Prof.','2019-04-19 02:55:21'),(3201,1976,757,'Prof.','2019-04-19 02:55:21'),(3202,1117,1099,'Mrs.','2019-04-19 02:55:21'),(3203,1269,2665,'Mrs.','2019-04-19 02:55:21'),(3204,463,508,'Dr.','2019-04-19 02:55:21'),(3205,1533,2751,'Mr.','2019-04-19 02:55:21'),(3206,1483,1169,'Mr.','2019-04-19 02:55:22'),(3207,997,219,'Prof.','2019-04-19 02:55:22'),(3208,1116,922,'Dr.','2019-04-19 02:55:22'),(3209,1056,3545,'Prof.','2019-04-19 02:55:22'),(3210,1023,3787,'Dr.','2019-04-19 02:55:22'),(3211,573,1974,'Mr.','2019-04-19 02:55:22'),(3212,1925,2381,'Prof.','2019-04-19 02:55:22'),(3213,454,407,'Mrs.','2019-04-19 02:55:22'),(3214,1699,3227,'Mrs.','2019-04-19 02:55:22'),(3215,504,1070,'Prof.','2019-04-19 02:55:23'),(3216,546,573,'Dr.','2019-04-19 02:55:23'),(3217,1230,1251,'Prof.','2019-04-19 02:55:23'),(3218,25,381,'Dr.','2019-04-19 02:55:23'),(3219,1850,3607,'Prof.','2019-04-19 02:55:23'),(3220,155,678,'Miss','2019-04-19 02:55:23'),(3221,471,2701,'Mr.','2019-04-19 02:55:23'),(3222,762,1960,'Mr.','2019-04-19 02:55:23'),(3223,1178,2360,'Miss','2019-04-19 02:55:24'),(3224,1613,1313,'Dr.','2019-04-19 02:55:24'),(3225,1493,3353,'Ms.','2019-04-19 02:55:24'),(3226,1092,2443,'Ms.','2019-04-19 02:55:24'),(3227,1098,426,'Prof.','2019-04-19 02:55:24'),(3228,1743,1611,'Prof.','2019-04-19 02:55:24'),(3229,999,2938,'Dr.','2019-04-19 02:55:24'),(3230,1295,3567,'Mr.','2019-04-19 02:55:24'),(3231,1600,1977,'Miss','2019-04-19 02:55:24'),(3232,448,861,'Ms.','2019-04-19 02:55:24'),(3233,861,1945,'Prof.','2019-04-19 02:55:25'),(3234,1132,1332,'Mrs.','2019-04-19 02:55:25'),(3235,1661,1544,'Mrs.','2019-04-19 02:55:25'),(3236,1049,96,'Prof.','2019-04-19 02:55:25'),(3237,1033,2872,'Mr.','2019-04-19 02:55:25'),(3238,1840,3348,'Mr.','2019-04-19 02:55:25'),(3239,641,555,'Mrs.','2019-04-19 02:55:25'),(3240,548,1607,'Mrs.','2019-04-19 02:55:25'),(3241,1109,646,'Prof.','2019-04-19 02:55:26'),(3242,1864,1850,'Mrs.','2019-04-19 02:55:26'),(3243,1977,48,'Dr.','2019-04-19 02:55:26'),(3244,1921,1453,'Miss','2019-04-19 02:55:26'),(3245,1948,8,'Prof.','2019-04-19 02:55:26'),(3246,75,3572,'Dr.','2019-04-19 02:55:26'),(3247,651,723,'Prof.','2019-04-19 02:55:26'),(3248,1052,2115,'Mrs.','2019-04-19 02:55:26'),(3249,221,806,'Mrs.','2019-04-19 02:55:26'),(3250,1943,3228,'Mrs.','2019-04-19 02:55:26'),(3251,1175,1208,'Mr.','2019-04-19 02:55:27'),(3252,1414,2147,'Mrs.','2019-04-19 02:55:27'),(3253,962,3132,'Dr.','2019-04-19 02:55:27'),(3254,1421,3267,'Mr.','2019-04-19 02:55:27'),(3255,1862,2252,'Dr.','2019-04-19 02:55:27'),(3256,1220,2698,'Ms.','2019-04-19 02:55:27'),(3257,715,2895,'Prof.','2019-04-19 02:55:27'),(3258,120,2215,'Prof.','2019-04-19 02:55:27'),(3259,1452,194,'Prof.','2019-04-19 02:55:28'),(3260,970,3116,'Mr.','2019-04-19 02:55:28'),(3261,230,134,'Prof.','2019-04-19 02:55:28'),(3262,676,2836,'Ms.','2019-04-19 02:55:28'),(3263,1696,1327,'Ms.','2019-04-19 02:55:28'),(3264,1244,984,'Miss','2019-04-19 02:55:28'),(3265,778,378,'Mr.','2019-04-19 02:55:29'),(3266,1526,2892,'Miss','2019-04-19 02:55:29'),(3267,851,1038,'Prof.','2019-04-19 02:55:29'),(3268,169,3971,'Ms.','2019-04-19 02:55:29'),(3269,519,2020,'Prof.','2019-04-19 02:55:30'),(3270,1196,3617,'Dr.','2019-04-19 02:55:30'),(3271,606,2012,'Mr.','2019-04-19 02:55:30'),(3272,855,373,'Mrs.','2019-04-19 02:55:30'),(3273,610,933,'Prof.','2019-04-19 02:55:30'),(3274,73,3804,'Prof.','2019-04-19 02:55:30'),(3275,1617,3671,'Dr.','2019-04-19 02:55:31'),(3276,1443,1681,'Prof.','2019-04-19 02:55:31'),(3277,1080,1034,'Miss','2019-04-19 02:55:31'),(3278,1180,1846,'Mrs.','2019-04-19 02:55:31'),(3279,453,3110,'Dr.','2019-04-19 02:55:31'),(3280,316,286,'Miss','2019-04-19 02:55:31'),(3281,194,1899,'Mr.','2019-04-19 02:55:32'),(3282,1231,1336,'Prof.','2019-04-19 02:55:32'),(3283,1193,2691,'Ms.','2019-04-19 02:55:32'),(3284,436,1,'Ms.','2019-04-19 02:55:32'),(3285,1159,1765,'Prof.','2019-04-19 02:55:32'),(3286,68,1975,'Mr.','2019-04-19 02:55:32'),(3287,1290,3585,'Prof.','2019-04-19 02:55:32'),(3288,736,1612,'Prof.','2019-04-19 02:55:32'),(3289,339,1990,'Dr.','2019-04-19 02:55:32'),(3290,878,3909,'Prof.','2019-04-19 02:55:32'),(3291,891,3616,'Mr.','2019-04-19 02:55:33'),(3292,613,2927,'Mrs.','2019-04-19 02:55:33'),(3293,1249,1220,'Ms.','2019-04-19 02:55:33'),(3294,373,819,'Mr.','2019-04-19 02:55:33'),(3295,1807,1596,'Prof.','2019-04-19 02:55:33'),(3296,1139,3009,'Prof.','2019-04-19 02:55:33'),(3297,1003,1690,'Prof.','2019-04-19 02:55:33'),(3298,1343,3502,'Dr.','2019-04-19 02:55:33'),(3299,1333,328,'Dr.','2019-04-19 02:55:33'),(3300,378,1174,'Prof.','2019-04-19 02:55:34'),(3301,117,1466,'Prof.','2019-04-19 02:55:34'),(3302,1174,2516,'Mr.','2019-04-19 02:55:34'),(3303,852,2875,'Prof.','2019-04-19 02:55:34'),(3304,18,200,'Dr.','2019-04-19 02:55:34'),(3305,240,1442,'Dr.','2019-04-19 02:55:34'),(3306,1374,3562,'Mrs.','2019-04-19 02:55:34'),(3307,722,944,'Dr.','2019-04-19 02:55:34'),(3308,449,3024,'Dr.','2019-04-19 02:55:34'),(3309,534,1783,'Mr.','2019-04-19 02:55:34'),(3310,639,3736,'Prof.','2019-04-19 02:55:35'),(3311,307,2405,'Prof.','2019-04-19 02:55:35'),(3312,1923,179,'Mrs.','2019-04-19 02:55:35'),(3313,1144,700,'Mr.','2019-04-19 02:55:35'),(3314,1094,1988,'Mrs.','2019-04-19 02:55:35'),(3315,1471,3076,'Mr.','2019-04-19 02:55:35'),(3316,1896,3221,'Mrs.','2019-04-19 02:55:35'),(3317,584,778,'Mrs.','2019-04-19 02:55:35'),(3318,1880,3407,'Prof.','2019-04-19 02:55:36'),(3319,1003,2399,'Miss','2019-04-19 02:55:36'),(3320,1864,884,'Mr.','2019-04-19 02:55:36'),(3321,445,286,'Miss','2019-04-19 02:55:36'),(3322,1006,1431,'Mr.','2019-04-19 02:55:36'),(3323,144,322,'Prof.','2019-04-19 02:55:36'),(3324,1442,2305,'Mrs.','2019-04-19 02:55:36'),(3325,927,55,'Prof.','2019-04-19 02:55:36'),(3326,745,33,'Prof.','2019-04-19 02:55:36'),(3327,1855,3042,'Mr.','2019-04-19 02:55:36'),(3328,1733,1713,'Mr.','2019-04-19 02:55:37'),(3329,1077,1889,'Prof.','2019-04-19 02:55:37'),(3330,1591,3811,'Dr.','2019-04-19 02:55:37'),(3331,679,985,'Dr.','2019-04-19 02:55:37'),(3332,1205,2283,'Mr.','2019-04-19 02:55:37'),(3333,262,2820,'Prof.','2019-04-19 02:55:37'),(3334,98,1568,'Dr.','2019-04-19 02:55:37'),(3335,427,3456,'Mrs.','2019-04-19 02:55:37'),(3336,1574,1770,'Prof.','2019-04-19 02:55:38'),(3337,1334,2556,'Miss','2019-04-19 02:55:38'),(3338,1736,2176,'Mr.','2019-04-19 02:55:38'),(3339,993,2254,'Prof.','2019-04-19 02:55:38'),(3340,734,2611,'Miss','2019-04-19 02:55:38'),(3341,1783,2860,'Dr.','2019-04-19 02:55:38'),(3342,1072,3885,'Mrs.','2019-04-19 02:55:38'),(3343,26,1371,'Dr.','2019-04-19 02:55:39'),(3344,1208,1190,'Dr.','2019-04-19 02:55:39'),(3345,47,2254,'Mr.','2019-04-19 02:55:39'),(3346,382,638,'Prof.','2019-04-19 02:55:39'),(3347,1876,3039,'Prof.','2019-04-19 02:55:39'),(3348,1794,2449,'Mr.','2019-04-19 02:55:39'),(3349,173,80,'Miss','2019-04-19 02:55:39'),(3350,297,161,'Mrs.','2019-04-19 02:55:39'),(3351,1776,2889,'Miss','2019-04-19 02:55:40'),(3352,1607,1433,'Mrs.','2019-04-19 02:55:40'),(3353,506,462,'Mrs.','2019-04-19 02:55:40'),(3354,1746,3188,'Ms.','2019-04-19 02:55:40'),(3355,1856,3656,'Dr.','2019-04-19 02:55:40'),(3356,1451,2012,'Miss','2019-04-19 02:55:40'),(3357,415,2415,'Prof.','2019-04-19 02:55:40'),(3358,1528,1071,'Prof.','2019-04-19 02:55:41'),(3359,158,2280,'Dr.','2019-04-19 02:55:41'),(3360,1792,1621,'Prof.','2019-04-19 02:55:41'),(3361,1128,2424,'Prof.','2019-04-19 02:55:41'),(3362,652,3690,'Mr.','2019-04-19 02:55:41'),(3363,379,2848,'Prof.','2019-04-19 02:55:41'),(3364,1449,387,'Ms.','2019-04-19 02:55:41'),(3365,1560,1562,'Mrs.','2019-04-19 02:55:41'),(3366,192,2938,'Miss','2019-04-19 02:55:42'),(3367,1655,1917,'Mr.','2019-04-19 02:55:42'),(3368,1190,3122,'Prof.','2019-04-19 02:55:42'),(3369,1916,1370,'Miss','2019-04-19 02:55:42'),(3370,919,509,'Mr.','2019-04-19 02:55:42'),(3371,1851,955,'Prof.','2019-04-19 02:55:42'),(3372,801,1475,'Dr.','2019-04-19 02:55:42'),(3373,92,1160,'Dr.','2019-04-19 02:55:42'),(3374,298,1356,'Mr.','2019-04-19 02:55:42'),(3375,1912,650,'Mr.','2019-04-19 02:55:43'),(3376,1501,3160,'Prof.','2019-04-19 02:55:43'),(3377,233,1991,'Miss','2019-04-19 02:55:43'),(3378,879,473,'Dr.','2019-04-19 02:55:43'),(3379,1378,1319,'Ms.','2019-04-19 02:55:43'),(3380,1163,2969,'Prof.','2019-04-19 02:55:43'),(3381,1247,267,'Miss','2019-04-19 02:55:43'),(3382,646,1105,'Prof.','2019-04-19 02:55:43'),(3383,204,1843,'Prof.','2019-04-19 02:55:43'),(3384,1247,2388,'Prof.','2019-04-19 02:55:43'),(3385,4,1567,'Dr.','2019-04-19 02:55:44'),(3386,912,150,'Mr.','2019-04-19 02:55:44'),(3387,25,3297,'Prof.','2019-04-19 02:55:44'),(3388,1088,3030,'Mrs.','2019-04-19 02:55:44'),(3389,1281,555,'Mr.','2019-04-19 02:55:44'),(3390,1186,3457,'Prof.','2019-04-19 02:55:45'),(3391,756,1530,'Prof.','2019-04-19 02:55:45'),(3392,553,912,'Dr.','2019-04-19 02:55:45'),(3393,103,2610,'Dr.','2019-04-19 02:55:45'),(3394,522,3649,'Prof.','2019-04-19 02:55:45'),(3395,1543,2359,'Dr.','2019-04-19 02:55:45'),(3396,646,794,'Mr.','2019-04-19 02:55:45'),(3397,1089,114,'Prof.','2019-04-19 02:55:45'),(3398,1265,2284,'Ms.','2019-04-19 02:55:46'),(3399,249,579,'Mrs.','2019-04-19 02:55:46'),(3400,1781,1201,'Ms.','2019-04-19 02:55:46'),(3401,277,200,'Dr.','2019-04-19 02:55:46'),(3402,786,1626,'Mrs.','2019-04-19 02:55:46'),(3403,1061,1878,'Dr.','2019-04-19 02:55:46'),(3404,889,2122,'Mr.','2019-04-19 02:55:47'),(3405,1088,2701,'Prof.','2019-04-19 02:55:47'),(3406,1404,616,'Mr.','2019-04-19 02:55:47'),(3407,28,1887,'Prof.','2019-04-19 02:55:47'),(3408,105,3231,'Miss','2019-04-19 02:55:47'),(3409,1147,2167,'Mr.','2019-04-19 02:55:48'),(3410,722,376,'Dr.','2019-04-19 02:55:48'),(3411,1986,3395,'Mr.','2019-04-19 02:55:48'),(3412,243,663,'Mr.','2019-04-19 02:55:48'),(3413,1975,1431,'Ms.','2019-04-19 02:55:48'),(3414,1810,1218,'Prof.','2019-04-19 02:55:48'),(3415,741,2117,'Dr.','2019-04-19 02:55:49'),(3416,1250,252,'Dr.','2019-04-19 02:55:49'),(3417,799,3781,'Miss','2019-04-19 02:55:49'),(3418,431,530,'Dr.','2019-04-19 02:55:49'),(3419,112,3848,'Mr.','2019-04-19 02:55:49'),(3420,1386,3981,'Prof.','2019-04-19 02:55:49'),(3421,950,1764,'Prof.','2019-04-19 02:55:49'),(3422,1975,1384,'Dr.','2019-04-19 02:55:50'),(3423,1501,1110,'Mr.','2019-04-19 02:55:50'),(3424,708,1882,'Dr.','2019-04-19 02:55:50'),(3425,1775,1650,'Prof.','2019-04-19 02:55:50'),(3426,1786,3165,'Prof.','2019-04-19 02:55:50'),(3427,1037,898,'Mr.','2019-04-19 02:55:50'),(3428,336,1348,'Mr.','2019-04-19 02:55:50'),(3429,1400,3526,'Prof.','2019-04-19 02:55:50'),(3430,1654,2521,'Dr.','2019-04-19 02:55:51'),(3431,1062,2134,'Dr.','2019-04-19 02:55:51'),(3432,1992,2241,'Mrs.','2019-04-19 02:55:51'),(3433,433,2317,'Mr.','2019-04-19 02:55:51'),(3434,1651,2637,'Prof.','2019-04-19 02:55:51'),(3435,33,1287,'Mr.','2019-04-19 02:55:51'),(3436,1173,877,'Dr.','2019-04-19 02:55:51'),(3437,69,2111,'Prof.','2019-04-19 02:55:52'),(3438,279,3510,'Dr.','2019-04-19 02:55:52'),(3439,372,3272,'Ms.','2019-04-19 02:55:52'),(3440,1598,3422,'Mr.','2019-04-19 02:55:52'),(3441,221,1261,'Dr.','2019-04-19 02:55:52'),(3442,1922,1093,'Dr.','2019-04-19 02:55:52'),(3443,361,2009,'Prof.','2019-04-19 02:55:52'),(3444,1034,3346,'Dr.','2019-04-19 02:55:52'),(3445,1548,51,'Mr.','2019-04-19 02:55:52'),(3446,440,2585,'Prof.','2019-04-19 02:55:52'),(3447,485,611,'Dr.','2019-04-19 02:55:52'),(3448,1706,538,'Prof.','2019-04-19 02:55:53'),(3449,1648,184,'Dr.','2019-04-19 02:55:53'),(3450,1768,2394,'Dr.','2019-04-19 02:55:53'),(3451,690,1584,'Mrs.','2019-04-19 02:55:53'),(3452,252,3659,'Dr.','2019-04-19 02:55:53'),(3453,1179,185,'Miss','2019-04-19 02:55:53'),(3454,1890,2714,'Mrs.','2019-04-19 02:55:53'),(3455,612,1374,'Ms.','2019-04-19 02:55:53'),(3456,901,3040,'Mrs.','2019-04-19 02:55:53'),(3457,408,2162,'Miss','2019-04-19 02:55:54'),(3458,116,730,'Prof.','2019-04-19 02:55:54'),(3459,146,1158,'Prof.','2019-04-19 02:55:54'),(3460,1529,2563,'Dr.','2019-04-19 02:55:54'),(3461,1568,3092,'Dr.','2019-04-19 02:55:54'),(3462,1127,2181,'Dr.','2019-04-19 02:55:54'),(3463,1654,2725,'Mr.','2019-04-19 02:55:54'),(3464,179,1060,'Mr.','2019-04-19 02:55:54'),(3465,1145,1458,'Ms.','2019-04-19 02:55:54'),(3466,1298,385,'Mrs.','2019-04-19 02:55:54'),(3467,874,1668,'Prof.','2019-04-19 02:55:55'),(3468,402,2179,'Prof.','2019-04-19 02:55:55'),(3469,1274,3758,'Mrs.','2019-04-19 02:55:55'),(3470,690,2858,'Mrs.','2019-04-19 02:55:55'),(3471,1492,2737,'Dr.','2019-04-19 02:55:55'),(3472,1369,3023,'Prof.','2019-04-19 02:55:55'),(3473,872,1951,'Mr.','2019-04-19 02:55:55'),(3474,1313,1026,'Miss','2019-04-19 02:55:55'),(3475,390,1633,'Mr.','2019-04-19 02:55:56'),(3476,1473,1723,'Dr.','2019-04-19 02:55:56'),(3477,1309,2251,'Mr.','2019-04-19 02:55:56'),(3478,1584,3895,'Dr.','2019-04-19 02:55:56'),(3479,1576,3623,'Dr.','2019-04-19 02:55:56'),(3480,1258,1616,'Prof.','2019-04-19 02:55:56'),(3481,511,3531,'Dr.','2019-04-19 02:55:56'),(3482,1862,1576,'Prof.','2019-04-19 02:55:56'),(3483,982,20,'Dr.','2019-04-19 02:55:56'),(3484,1492,3241,'Ms.','2019-04-19 02:55:57'),(3485,1994,790,'Mr.','2019-04-19 02:55:57'),(3486,925,1556,'Mr.','2019-04-19 02:55:57'),(3487,129,1270,'Prof.','2019-04-19 02:55:57'),(3488,1534,1002,'Dr.','2019-04-19 02:55:57'),(3489,871,2263,'Ms.','2019-04-19 02:55:57'),(3490,1041,2509,'Mr.','2019-04-19 02:55:57'),(3491,1950,3211,'Mr.','2019-04-19 02:55:58'),(3492,332,90,'Mr.','2019-04-19 02:55:58'),(3493,1931,3103,'Dr.','2019-04-19 02:55:58'),(3494,176,2164,'Ms.','2019-04-19 02:55:58'),(3495,485,3837,'Dr.','2019-04-19 02:55:58'),(3496,1777,631,'Mr.','2019-04-19 02:55:58'),(3497,1281,504,'Miss','2019-04-19 02:55:58'),(3498,1193,1905,'Dr.','2019-04-19 02:55:58'),(3499,685,2334,'Mr.','2019-04-19 02:55:58'),(3500,1191,3155,'Dr.','2019-04-19 02:55:58'),(3501,1731,881,'Prof.','2019-04-19 02:55:59'),(3502,1662,1237,'Mr.','2019-04-19 02:55:59'),(3503,990,208,'Dr.','2019-04-19 02:55:59'),(3504,762,2584,'Dr.','2019-04-19 02:55:59'),(3505,228,2457,'Ms.','2019-04-19 02:55:59'),(3506,1593,2550,'Mrs.','2019-04-19 02:55:59'),(3507,448,146,'Mr.','2019-04-19 02:55:59'),(3508,726,1358,'Prof.','2019-04-19 02:55:59'),(3509,1216,2269,'Mrs.','2019-04-19 02:55:59'),(3510,1449,2354,'Prof.','2019-04-19 02:56:00'),(3511,652,554,'Dr.','2019-04-19 02:56:00'),(3512,673,562,'Dr.','2019-04-19 02:56:00'),(3513,846,1999,'Mrs.','2019-04-19 02:56:00'),(3514,1523,3295,'Ms.','2019-04-19 02:56:00'),(3515,1030,3625,'Dr.','2019-04-19 02:56:01'),(3516,1751,3933,'Mrs.','2019-04-19 02:56:01'),(3517,252,2929,'Dr.','2019-04-19 02:56:01'),(3518,1031,387,'Prof.','2019-04-19 02:56:01'),(3519,1075,1166,'Prof.','2019-04-19 02:56:01'),(3520,1866,813,'Miss','2019-04-19 02:56:01'),(3521,621,3238,'Prof.','2019-04-19 02:56:02'),(3522,1603,1291,'Prof.','2019-04-19 02:56:02'),(3523,1984,1147,'Dr.','2019-04-19 02:56:02'),(3524,83,3485,'Dr.','2019-04-19 02:56:02'),(3525,1961,2795,'Mr.','2019-04-19 02:56:02'),(3526,1569,1862,'Dr.','2019-04-19 02:56:02'),(3527,1278,2088,'Prof.','2019-04-19 02:56:02'),(3528,672,250,'Dr.','2019-04-19 02:56:02'),(3529,1482,2816,'Prof.','2019-04-19 02:56:02'),(3530,798,3430,'Mr.','2019-04-19 02:56:02'),(3531,506,1440,'Miss','2019-04-19 02:56:03'),(3532,1965,3975,'Prof.','2019-04-19 02:56:03'),(3533,725,3109,'Mrs.','2019-04-19 02:56:03'),(3534,11,3224,'Prof.','2019-04-19 02:56:03'),(3535,1364,3253,'Miss','2019-04-19 02:56:03'),(3536,806,2048,'Prof.','2019-04-19 02:56:03'),(3537,1583,3119,'Dr.','2019-04-19 02:56:03'),(3538,1203,1170,'Miss','2019-04-19 02:56:03'),(3539,1814,1079,'Mr.','2019-04-19 02:56:03'),(3540,1959,1652,'Ms.','2019-04-19 02:56:04'),(3541,1207,1010,'Dr.','2019-04-19 02:56:04'),(3542,807,3499,'Mrs.','2019-04-19 02:56:04'),(3543,1588,3358,'Ms.','2019-04-19 02:56:04'),(3544,1616,977,'Prof.','2019-04-19 02:56:04'),(3545,589,506,'Dr.','2019-04-19 02:56:05'),(3546,1218,1994,'Mr.','2019-04-19 02:56:05'),(3547,627,3856,'Ms.','2019-04-19 02:56:05'),(3548,1430,2440,'Mrs.','2019-04-19 02:56:05'),(3549,1251,1420,'Dr.','2019-04-19 02:56:05'),(3550,733,738,'Ms.','2019-04-19 02:56:05'),(3551,884,1913,'Dr.','2019-04-19 02:56:06'),(3552,153,3488,'Dr.','2019-04-19 02:56:06'),(3553,1714,2075,'Mr.','2019-04-19 02:56:06'),(3554,1459,729,'Miss','2019-04-19 02:56:06'),(3555,413,62,'Ms.','2019-04-19 02:56:06'),(3556,1188,3944,'Dr.','2019-04-19 02:56:06'),(3557,1648,1260,'Dr.','2019-04-19 02:56:06'),(3558,757,3112,'Mrs.','2019-04-19 02:56:06'),(3559,1637,975,'Dr.','2019-04-19 02:56:07'),(3560,805,3860,'Mr.','2019-04-19 02:56:07'),(3561,377,3547,'Mr.','2019-04-19 02:56:07'),(3562,1373,1800,'Mr.','2019-04-19 02:56:07'),(3563,1714,3490,'Dr.','2019-04-19 02:56:07'),(3564,459,1411,'Dr.','2019-04-19 02:56:07'),(3565,480,3200,'Mr.','2019-04-19 02:56:07'),(3566,386,140,'Prof.','2019-04-19 02:56:07'),(3567,746,1296,'Mr.','2019-04-19 02:56:07'),(3568,1600,3704,'Prof.','2019-04-19 02:56:07'),(3569,219,3626,'Mr.','2019-04-19 02:56:08'),(3570,1502,969,'Prof.','2019-04-19 02:56:08'),(3571,1238,846,'Prof.','2019-04-19 02:56:08'),(3572,67,2833,'Mrs.','2019-04-19 02:56:08'),(3573,1208,905,'Ms.','2019-04-19 02:56:08'),(3574,339,174,'Miss','2019-04-19 02:56:08'),(3575,359,1955,'Mr.','2019-04-19 02:56:08'),(3576,1477,2363,'Dr.','2019-04-19 02:56:08'),(3577,94,3774,'Mr.','2019-04-19 02:56:08'),(3578,215,2406,'Dr.','2019-04-19 02:56:08'),(3579,464,2400,'Ms.','2019-04-19 02:56:09'),(3580,1214,2211,'Prof.','2019-04-19 02:56:09'),(3581,479,217,'Prof.','2019-04-19 02:56:09'),(3582,320,690,'Mr.','2019-04-19 02:56:09'),(3583,1468,2713,'Prof.','2019-04-19 02:56:09'),(3584,1560,538,'Mr.','2019-04-19 02:56:09'),(3585,1576,2608,'Ms.','2019-04-19 02:56:09'),(3586,447,2212,'Prof.','2019-04-19 02:56:09'),(3587,1361,1213,'Prof.','2019-04-19 02:56:09'),(3588,1632,3539,'Prof.','2019-04-19 02:56:09'),(3589,751,3435,'Prof.','2019-04-19 02:56:10'),(3590,1288,1001,'Prof.','2019-04-19 02:56:10'),(3591,1017,3406,'Ms.','2019-04-19 02:56:10'),(3592,1471,3938,'Mrs.','2019-04-19 02:56:10'),(3593,419,768,'Dr.','2019-04-19 02:56:10'),(3594,1116,1494,'Miss','2019-04-19 02:56:10'),(3595,119,2937,'Mr.','2019-04-19 02:56:10'),(3596,714,393,'Mr.','2019-04-19 02:56:11'),(3597,1216,3303,'Prof.','2019-04-19 02:56:11'),(3598,1608,383,'Dr.','2019-04-19 02:56:11'),(3599,482,1895,'Prof.','2019-04-19 02:56:11'),(3600,1280,940,'Ms.','2019-04-19 02:56:11'),(3601,1731,2944,'Prof.','2019-04-19 02:56:11'),(3602,1299,2932,'Mr.','2019-04-19 02:56:12'),(3603,1135,136,'Dr.','2019-04-19 02:56:12'),(3604,1638,2502,'Dr.','2019-04-19 02:56:12'),(3605,517,1178,'Dr.','2019-04-19 02:56:12'),(3606,399,583,'Dr.','2019-04-19 02:56:12'),(3607,763,1247,'Prof.','2019-04-19 02:56:12'),(3608,764,264,'Dr.','2019-04-19 02:56:12'),(3609,1069,2901,'Prof.','2019-04-19 02:56:13'),(3610,700,1290,'Mrs.','2019-04-19 02:56:13'),(3611,1911,3056,'Miss','2019-04-19 02:56:13'),(3612,805,113,'Prof.','2019-04-19 02:56:13'),(3613,840,2564,'Mrs.','2019-04-19 02:56:13'),(3614,100,758,'Prof.','2019-04-19 02:56:13'),(3615,1872,1213,'Prof.','2019-04-19 02:56:13'),(3616,615,3830,'Prof.','2019-04-19 02:56:13'),(3617,386,3913,'Dr.','2019-04-19 02:56:14'),(3618,51,3319,'Dr.','2019-04-19 02:56:14'),(3619,900,3033,'Mr.','2019-04-19 02:56:14'),(3620,672,20,'Prof.','2019-04-19 02:56:14'),(3621,1111,3843,'Ms.','2019-04-19 02:56:14'),(3622,1743,1503,'Miss','2019-04-19 02:56:14'),(3623,1774,3022,'Dr.','2019-04-19 02:56:14'),(3624,1255,3093,'Ms.','2019-04-19 02:56:14'),(3625,1227,583,'Ms.','2019-04-19 02:56:15'),(3626,1405,3190,'Mrs.','2019-04-19 02:56:15'),(3627,234,1899,'Ms.','2019-04-19 02:56:15'),(3628,1983,3512,'Ms.','2019-04-19 02:56:15'),(3629,1680,2895,'Mr.','2019-04-19 02:56:15'),(3630,254,2908,'Prof.','2019-04-19 02:56:15'),(3631,1502,363,'Dr.','2019-04-19 02:56:15'),(3632,1670,3176,'Miss','2019-04-19 02:56:15'),(3633,190,3329,'Dr.','2019-04-19 02:56:15'),(3634,273,826,'Prof.','2019-04-19 02:56:16'),(3635,683,346,'Dr.','2019-04-19 02:56:16'),(3636,1392,2499,'Prof.','2019-04-19 02:56:16'),(3637,1871,978,'Prof.','2019-04-19 02:56:16'),(3638,846,1463,'Dr.','2019-04-19 02:56:16'),(3639,847,3001,'Dr.','2019-04-19 02:56:16'),(3640,372,2117,'Mr.','2019-04-19 02:56:16'),(3641,1562,764,'Prof.','2019-04-19 02:56:16'),(3642,1257,2035,'Prof.','2019-04-19 02:56:16'),(3643,1372,3457,'Prof.','2019-04-19 02:56:17'),(3644,67,594,'Dr.','2019-04-19 02:56:17'),(3645,368,749,'Prof.','2019-04-19 02:56:17'),(3646,393,1033,'Prof.','2019-04-19 02:56:17'),(3647,1213,557,'Ms.','2019-04-19 02:56:17'),(3648,514,2303,'Prof.','2019-04-19 02:56:17'),(3649,1510,2451,'Ms.','2019-04-19 02:56:18'),(3650,767,2285,'Mr.','2019-04-19 02:56:18'),(3651,1652,3577,'Dr.','2019-04-19 02:56:18'),(3652,210,1594,'Prof.','2019-04-19 02:56:18'),(3653,65,1830,'Dr.','2019-04-19 02:56:18'),(3654,729,1790,'Mrs.','2019-04-19 02:56:18'),(3655,344,2578,'Ms.','2019-04-19 02:56:18'),(3656,521,2006,'Prof.','2019-04-19 02:56:18'),(3657,1369,2007,'Dr.','2019-04-19 02:56:18'),(3658,1363,978,'Prof.','2019-04-19 02:56:18'),(3659,1014,3898,'Prof.','2019-04-19 02:56:19'),(3660,1080,1924,'Dr.','2019-04-19 02:56:19'),(3661,1479,1575,'Mr.','2019-04-19 02:56:19'),(3662,1124,435,'Prof.','2019-04-19 02:56:19'),(3663,1043,2886,'Ms.','2019-04-19 02:56:19'),(3664,338,432,'Mrs.','2019-04-19 02:56:19'),(3665,1387,2241,'Prof.','2019-04-19 02:56:19'),(3666,1936,628,'Prof.','2019-04-19 02:56:19'),(3667,1277,1419,'Dr.','2019-04-19 02:56:19'),(3668,1331,3666,'Dr.','2019-04-19 02:56:20'),(3669,663,3502,'Mr.','2019-04-19 02:56:20'),(3670,224,3471,'Dr.','2019-04-19 02:56:20'),(3671,1994,3898,'Dr.','2019-04-19 02:56:20'),(3672,436,1230,'Prof.','2019-04-19 02:56:20'),(3673,1243,3562,'Dr.','2019-04-19 02:56:20'),(3674,1149,3352,'Mrs.','2019-04-19 02:56:20'),(3675,295,3711,'Mrs.','2019-04-19 02:56:20'),(3676,231,1763,'Mr.','2019-04-19 02:56:20'),(3677,340,178,'Dr.','2019-04-19 02:56:20'),(3678,1616,258,'Dr.','2019-04-19 02:56:21'),(3679,609,3788,'Prof.','2019-04-19 02:56:21'),(3680,1961,3991,'Prof.','2019-04-19 02:56:21'),(3681,1187,2890,'Mr.','2019-04-19 02:56:21'),(3682,1666,1799,'Prof.','2019-04-19 02:56:22'),(3683,1339,1191,'Dr.','2019-04-19 02:56:22'),(3684,321,2122,'Mrs.','2019-04-19 02:56:22'),(3685,1052,2571,'Dr.','2019-04-19 02:56:23'),(3686,1065,2543,'Dr.','2019-04-19 02:56:23'),(3687,1007,2082,'Prof.','2019-04-19 02:56:23'),(3688,1425,99,'Prof.','2019-04-19 02:56:23'),(3689,1653,2552,'Prof.','2019-04-19 02:56:23'),(3690,230,3720,'Prof.','2019-04-19 02:56:23'),(3691,266,1305,'Mr.','2019-04-19 02:56:24'),(3692,468,13,'Dr.','2019-04-19 02:56:24'),(3693,1530,2761,'Miss','2019-04-19 02:56:24'),(3694,821,3574,'Prof.','2019-04-19 02:56:24'),(3695,798,2990,'Prof.','2019-04-19 02:56:24'),(3696,826,2967,'Mr.','2019-04-19 02:56:24'),(3697,1606,3171,'Prof.','2019-04-19 02:56:24'),(3698,1594,3559,'Dr.','2019-04-19 02:56:24'),(3699,29,3778,'Prof.','2019-04-19 02:56:25'),(3700,369,3754,'Prof.','2019-04-19 02:56:25'),(3701,575,2096,'Prof.','2019-04-19 02:56:25'),(3702,627,2179,'Ms.','2019-04-19 02:56:25'),(3703,113,1621,'Prof.','2019-04-19 02:56:25'),(3704,1820,2244,'Dr.','2019-04-19 02:56:25'),(3705,1900,592,'Mr.','2019-04-19 02:56:25'),(3706,463,1579,'Ms.','2019-04-19 02:56:25'),(3707,1655,443,'Ms.','2019-04-19 02:56:25'),(3708,1726,2246,'Prof.','2019-04-19 02:56:25'),(3709,222,376,'Mr.','2019-04-19 02:56:26'),(3710,398,2835,'Dr.','2019-04-19 02:56:26'),(3711,480,513,'Miss','2019-04-19 02:56:26'),(3712,1033,2055,'Mr.','2019-04-19 02:56:26'),(3713,1006,3393,'Dr.','2019-04-19 02:56:26'),(3714,685,18,'Ms.','2019-04-19 02:56:26'),(3715,1569,1566,'Prof.','2019-04-19 02:56:26'),(3716,1509,300,'Dr.','2019-04-19 02:56:26'),(3717,682,1082,'Dr.','2019-04-19 02:56:26'),(3718,4,3336,'Dr.','2019-04-19 02:56:26'),(3719,1675,3802,'Mrs.','2019-04-19 02:56:27'),(3720,1153,491,'Dr.','2019-04-19 02:56:27'),(3721,650,1429,'Prof.','2019-04-19 02:56:27'),(3722,1716,486,'Prof.','2019-04-19 02:56:27'),(3723,1569,2544,'Ms.','2019-04-19 02:56:27'),(3724,1811,1970,'Miss','2019-04-19 02:56:27'),(3725,1932,2947,'Dr.','2019-04-19 02:56:27'),(3726,1186,3652,'Miss','2019-04-19 02:56:27'),(3727,1156,2604,'Ms.','2019-04-19 02:56:27'),(3728,28,873,'Prof.','2019-04-19 02:56:28'),(3729,1983,699,'Mrs.','2019-04-19 02:56:28'),(3730,101,48,'Dr.','2019-04-19 02:56:28'),(3731,154,326,'Prof.','2019-04-19 02:56:28'),(3732,585,3585,'Mr.','2019-04-19 02:56:28'),(3733,1732,3127,'Mrs.','2019-04-19 02:56:28'),(3734,1106,3147,'Mr.','2019-04-19 02:56:28'),(3735,362,2847,'Mrs.','2019-04-19 02:56:28'),(3736,901,3256,'Mrs.','2019-04-19 02:56:29'),(3737,122,674,'Mr.','2019-04-19 02:56:29'),(3738,1948,1030,'Dr.','2019-04-19 02:56:29'),(3739,589,3531,'Prof.','2019-04-19 02:56:29'),(3740,1252,2439,'Dr.','2019-04-19 02:56:29'),(3741,1157,3726,'Ms.','2019-04-19 02:56:29'),(3742,68,3542,'Prof.','2019-04-19 02:56:29'),(3743,1783,647,'Miss','2019-04-19 02:56:29'),(3744,1418,3437,'Miss','2019-04-19 02:56:29'),(3745,1044,3707,'Mr.','2019-04-19 02:56:30'),(3746,57,3126,'Mr.','2019-04-19 02:56:30'),(3747,220,2707,'Mr.','2019-04-19 02:56:30'),(3748,1296,529,'Dr.','2019-04-19 02:56:30'),(3749,933,3259,'Mrs.','2019-04-19 02:56:30'),(3750,971,936,'Mr.','2019-04-19 02:56:30'),(3751,1259,1915,'Dr.','2019-04-19 02:56:30'),(3752,585,1108,'Mr.','2019-04-19 02:56:30'),(3753,1159,3288,'Prof.','2019-04-19 02:56:31'),(3754,193,2790,'Mr.','2019-04-19 02:56:31'),(3755,285,2018,'Mrs.','2019-04-19 02:56:31'),(3756,1838,2214,'Ms.','2019-04-19 02:56:31'),(3757,1649,2748,'Prof.','2019-04-19 02:56:31'),(3758,776,225,'Ms.','2019-04-19 02:56:31'),(3759,1712,265,'Ms.','2019-04-19 02:56:31'),(3760,1959,2743,'Dr.','2019-04-19 02:56:32'),(3761,1562,1533,'Prof.','2019-04-19 02:56:32'),(3762,1844,3454,'Mr.','2019-04-19 02:56:32'),(3763,1112,720,'Miss','2019-04-19 02:56:32'),(3764,1167,3371,'Prof.','2019-04-19 02:56:32'),(3765,1991,1518,'Mrs.','2019-04-19 02:56:32'),(3766,986,1264,'Ms.','2019-04-19 02:56:32'),(3767,137,2479,'Prof.','2019-04-19 02:56:32'),(3768,637,2432,'Mr.','2019-04-19 02:56:32'),(3769,812,2886,'Dr.','2019-04-19 02:56:33'),(3770,1325,2270,'Mrs.','2019-04-19 02:56:33'),(3771,880,3161,'Dr.','2019-04-19 02:56:33'),(3772,1302,3758,'Prof.','2019-04-19 02:56:33'),(3773,1465,1924,'Prof.','2019-04-19 02:56:33'),(3774,922,868,'Dr.','2019-04-19 02:56:33'),(3775,623,2232,'Dr.','2019-04-19 02:56:33'),(3776,666,1361,'Prof.','2019-04-19 02:56:34'),(3777,212,821,'Ms.','2019-04-19 02:56:34'),(3778,482,1114,'Mr.','2019-04-19 02:56:34'),(3779,1500,1364,'Dr.','2019-04-19 02:56:34'),(3780,1272,558,'Miss','2019-04-19 02:56:34'),(3781,208,1425,'Miss','2019-04-19 02:56:35'),(3782,1150,302,'Prof.','2019-04-19 02:56:35'),(3783,1845,3950,'Dr.','2019-04-19 02:56:35'),(3784,294,961,'Mr.','2019-04-19 02:56:35'),(3785,1733,2608,'Miss','2019-04-19 02:56:35'),(3786,1726,3402,'Prof.','2019-04-19 02:56:35'),(3787,332,863,'Dr.','2019-04-19 02:56:35'),(3788,534,3249,'Ms.','2019-04-19 02:56:35'),(3789,980,2425,'Prof.','2019-04-19 02:56:36'),(3790,489,2069,'Miss','2019-04-19 02:56:36'),(3791,1268,582,'Dr.','2019-04-19 02:56:36'),(3792,931,1529,'Prof.','2019-04-19 02:56:36'),(3793,224,1262,'Ms.','2019-04-19 02:56:36'),(3794,312,478,'Prof.','2019-04-19 02:56:37'),(3795,463,3918,'Prof.','2019-04-19 02:56:37'),(3796,334,3724,'Ms.','2019-04-19 02:56:37'),(3797,435,313,'Dr.','2019-04-19 02:56:37'),(3798,576,1605,'Prof.','2019-04-19 02:56:37'),(3799,1015,2334,'Dr.','2019-04-19 02:56:37'),(3800,1335,1887,'Prof.','2019-04-19 02:56:37'),(3801,1948,1001,'Prof.','2019-04-19 02:56:38'),(3802,1006,796,'Mr.','2019-04-19 02:56:38'),(3803,875,309,'Mr.','2019-04-19 02:56:38'),(3804,1534,1983,'Mr.','2019-04-19 02:56:38'),(3805,1565,1609,'Prof.','2019-04-19 02:56:38'),(3806,1436,2208,'Ms.','2019-04-19 02:56:38'),(3807,1141,38,'Prof.','2019-04-19 02:56:39'),(3808,430,2247,'Mrs.','2019-04-19 02:56:39'),(3809,793,2980,'Dr.','2019-04-19 02:56:39'),(3810,1448,889,'Dr.','2019-04-19 02:56:39'),(3811,410,1989,'Prof.','2019-04-19 02:56:39'),(3812,1697,2939,'Dr.','2019-04-19 02:56:39'),(3813,155,763,'Dr.','2019-04-19 02:56:39'),(3814,1024,2261,'Dr.','2019-04-19 02:56:39'),(3815,230,633,'Mr.','2019-04-19 02:56:40'),(3816,1330,2586,'Dr.','2019-04-19 02:56:40'),(3817,235,3581,'Prof.','2019-04-19 02:56:40'),(3818,1850,2837,'Prof.','2019-04-19 02:56:40'),(3819,168,2554,'Mrs.','2019-04-19 02:56:40'),(3820,1781,478,'Prof.','2019-04-19 02:56:41'),(3821,592,1464,'Mrs.','2019-04-19 02:56:41'),(3822,770,3541,'Prof.','2019-04-19 02:56:41'),(3823,705,2692,'Prof.','2019-04-19 02:56:41'),(3824,1808,2172,'Mr.','2019-04-19 02:56:41'),(3825,1424,16,'Dr.','2019-04-19 02:56:41'),(3826,494,583,'Prof.','2019-04-19 02:56:41'),(3827,1746,3227,'Dr.','2019-04-19 02:56:42'),(3828,1971,312,'Mr.','2019-04-19 02:56:42'),(3829,1209,1649,'Prof.','2019-04-19 02:56:42'),(3830,1543,3752,'Prof.','2019-04-19 02:56:42'),(3831,1602,2576,'Mr.','2019-04-19 02:56:42'),(3832,1622,2622,'Ms.','2019-04-19 02:56:42'),(3833,1857,2060,'Ms.','2019-04-19 02:56:42'),(3834,1216,3437,'Dr.','2019-04-19 02:56:43'),(3835,659,1308,'Prof.','2019-04-19 02:56:43'),(3836,930,3813,'Dr.','2019-04-19 02:56:43'),(3837,1667,3741,'Ms.','2019-04-19 02:56:43'),(3838,1774,332,'Mr.','2019-04-19 02:56:43'),(3839,426,751,'Dr.','2019-04-19 02:56:43'),(3840,26,463,'Miss','2019-04-19 02:56:43'),(3841,460,1777,'Prof.','2019-04-19 02:56:43'),(3842,1728,276,'Miss','2019-04-19 02:56:43'),(3843,720,2058,'Prof.','2019-04-19 02:56:44'),(3844,243,1676,'Mr.','2019-04-19 02:56:44'),(3845,1617,308,'Dr.','2019-04-19 02:56:44'),(3846,810,2013,'Dr.','2019-04-19 02:56:44'),(3847,1063,2038,'Miss','2019-04-19 02:56:44'),(3848,880,1267,'Prof.','2019-04-19 02:56:44'),(3849,74,2537,'Dr.','2019-04-19 02:56:44'),(3850,814,1500,'Prof.','2019-04-19 02:56:44'),(3851,291,949,'Mr.','2019-04-19 02:56:44'),(3852,125,895,'Prof.','2019-04-19 02:56:45'),(3853,1574,3289,'Miss','2019-04-19 02:56:45'),(3854,232,3015,'Prof.','2019-04-19 02:56:45'),(3855,173,3250,'Mrs.','2019-04-19 02:56:45'),(3856,1214,1166,'Miss','2019-04-19 02:56:45'),(3857,233,2122,'Prof.','2019-04-19 02:56:45'),(3858,928,289,'Dr.','2019-04-19 02:56:45'),(3859,1698,2382,'Mr.','2019-04-19 02:56:45'),(3860,364,1334,'Mr.','2019-04-19 02:56:46'),(3861,1445,3516,'Mrs.','2019-04-19 02:56:46'),(3862,1295,2651,'Mrs.','2019-04-19 02:56:46'),(3863,22,3684,'Dr.','2019-04-19 02:56:46'),(3864,1633,1790,'Ms.','2019-04-19 02:56:46'),(3865,1321,202,'Mrs.','2019-04-19 02:56:46'),(3866,236,175,'Prof.','2019-04-19 02:56:46'),(3867,1231,2647,'Dr.','2019-04-19 02:56:46'),(3868,1490,3654,'Dr.','2019-04-19 02:56:47'),(3869,953,2705,'Miss','2019-04-19 02:56:47'),(3870,1113,1769,'Prof.','2019-04-19 02:56:47'),(3871,885,3093,'Prof.','2019-04-19 02:56:47'),(3872,757,1155,'Ms.','2019-04-19 02:56:47'),(3873,1897,174,'Mr.','2019-04-19 02:56:47'),(3874,408,2707,'Mr.','2019-04-19 02:56:47'),(3875,1219,1592,'Ms.','2019-04-19 02:56:47'),(3876,801,1758,'Prof.','2019-04-19 02:56:48'),(3877,476,174,'Mr.','2019-04-19 02:56:48'),(3878,92,2181,'Miss','2019-04-19 02:56:48'),(3879,1720,3382,'Mr.','2019-04-19 02:56:48'),(3880,234,707,'Miss','2019-04-19 02:56:48'),(3881,689,2293,'Dr.','2019-04-19 02:56:48'),(3882,1339,918,'Mr.','2019-04-19 02:56:48'),(3883,1790,2702,'Dr.','2019-04-19 02:56:48'),(3884,1997,2348,'Ms.','2019-04-19 02:56:49'),(3885,807,3196,'Dr.','2019-04-19 02:56:49'),(3886,287,1665,'Ms.','2019-04-19 02:56:49'),(3887,1942,3810,'Ms.','2019-04-19 02:56:49'),(3888,1064,1365,'Dr.','2019-04-19 02:56:49'),(3889,1140,2876,'Prof.','2019-04-19 02:56:49'),(3890,505,939,'Dr.','2019-04-19 02:56:49'),(3891,1597,1217,'Mrs.','2019-04-19 02:56:49'),(3892,107,2348,'Miss','2019-04-19 02:56:50'),(3893,1594,68,'Mrs.','2019-04-19 02:56:50'),(3894,411,1047,'Ms.','2019-04-19 02:56:50'),(3895,452,1215,'Mrs.','2019-04-19 02:56:50'),(3896,1188,2648,'Mrs.','2019-04-19 02:56:50'),(3897,542,51,'Ms.','2019-04-19 02:56:50'),(3898,1311,2097,'Mrs.','2019-04-19 02:56:50'),(3899,1506,1809,'Dr.','2019-04-19 02:56:50'),(3900,1912,2510,'Ms.','2019-04-19 02:56:50'),(3901,1326,3983,'Dr.','2019-04-19 02:56:51'),(3902,1500,1238,'Miss','2019-04-19 02:56:51'),(3903,352,1957,'Mr.','2019-04-19 02:56:51'),(3904,502,357,'Miss','2019-04-19 02:56:51'),(3905,337,3340,'Prof.','2019-04-19 02:56:51'),(3906,1972,913,'Prof.','2019-04-19 02:56:51'),(3907,1270,2565,'Mr.','2019-04-19 02:56:51'),(3908,1302,173,'Dr.','2019-04-19 02:56:51'),(3909,373,3454,'Prof.','2019-04-19 02:56:52'),(3910,1030,524,'Mrs.','2019-04-19 02:56:52'),(3911,783,1400,'Mr.','2019-04-19 02:56:52'),(3912,975,1715,'Mr.','2019-04-19 02:56:52'),(3913,3,1872,'Dr.','2019-04-19 02:56:52'),(3914,1018,851,'Dr.','2019-04-19 02:56:52'),(3915,1234,1703,'Dr.','2019-04-19 02:56:52'),(3916,58,1676,'Mr.','2019-04-19 02:56:52'),(3917,1543,837,'Mrs.','2019-04-19 02:56:52'),(3918,814,3238,'Dr.','2019-04-19 02:56:53'),(3919,1087,3312,'Miss','2019-04-19 02:56:53'),(3920,877,3115,'Dr.','2019-04-19 02:56:53'),(3921,57,250,'Mr.','2019-04-19 02:56:53'),(3922,182,2942,'Dr.','2019-04-19 02:56:53'),(3923,844,1410,'Mr.','2019-04-19 02:56:53'),(3924,310,2976,'Prof.','2019-04-19 02:56:53'),(3925,388,3418,'Dr.','2019-04-19 02:56:53'),(3926,1492,2416,'Prof.','2019-04-19 02:56:53'),(3927,1946,2138,'Miss','2019-04-19 02:56:54'),(3928,219,1098,'Mr.','2019-04-19 02:56:54'),(3929,821,2951,'Mr.','2019-04-19 02:56:54'),(3930,630,3945,'Ms.','2019-04-19 02:56:54'),(3931,252,1818,'Prof.','2019-04-19 02:56:54'),(3932,1009,626,'Dr.','2019-04-19 02:56:55'),(3933,297,823,'Prof.','2019-04-19 02:56:55'),(3934,1682,3772,'Mr.','2019-04-19 02:56:55'),(3935,100,553,'Mrs.','2019-04-19 02:56:55'),(3936,1732,1555,'Prof.','2019-04-19 02:56:55'),(3937,693,1470,'Mr.','2019-04-19 02:56:55'),(3938,392,287,'Ms.','2019-04-19 02:56:55'),(3939,937,1750,'Mrs.','2019-04-19 02:56:56'),(3940,1806,723,'Miss','2019-04-19 02:56:56'),(3941,153,3770,'Mr.','2019-04-19 02:56:56'),(3942,1105,2548,'Prof.','2019-04-19 02:56:56'),(3943,1714,1256,'Dr.','2019-04-19 02:56:56'),(3944,66,1242,'Prof.','2019-04-19 02:56:56'),(3945,26,3944,'Prof.','2019-04-19 02:56:56'),(3946,1510,3115,'Ms.','2019-04-19 02:56:56'),(3947,180,415,'Dr.','2019-04-19 02:56:56'),(3948,1256,3165,'Prof.','2019-04-19 02:56:57'),(3949,613,2765,'Mr.','2019-04-19 02:56:57'),(3950,1124,245,'Prof.','2019-04-19 02:56:57'),(3951,1039,2552,'Dr.','2019-04-19 02:56:57'),(3952,313,375,'Dr.','2019-04-19 02:56:57'),(3953,698,1075,'Mr.','2019-04-19 02:56:57'),(3954,327,3973,'Dr.','2019-04-19 02:56:57'),(3955,1154,1727,'Prof.','2019-04-19 02:56:58'),(3956,1385,2992,'Dr.','2019-04-19 02:56:58'),(3957,1502,3389,'Miss','2019-04-19 02:56:58'),(3958,1131,2227,'Prof.','2019-04-19 02:56:58'),(3959,519,3818,'Prof.','2019-04-19 02:56:58'),(3960,1970,3945,'Prof.','2019-04-19 02:56:58'),(3961,703,2459,'Miss','2019-04-19 02:56:58'),(3962,121,3535,'Mr.','2019-04-19 02:56:58'),(3963,886,1079,'Dr.','2019-04-19 02:56:59'),(3964,536,1302,'Prof.','2019-04-19 02:56:59'),(3965,592,482,'Dr.','2019-04-19 02:56:59'),(3966,1422,1805,'Ms.','2019-04-19 02:56:59'),(3967,1831,3731,'Dr.','2019-04-19 02:56:59'),(3968,103,2336,'Mrs.','2019-04-19 02:56:59'),(3969,526,2832,'Prof.','2019-04-19 02:56:59'),(3970,373,2099,'Prof.','2019-04-19 02:57:00'),(3971,1759,2231,'Mrs.','2019-04-19 02:57:00'),(3972,1224,3397,'Mr.','2019-04-19 02:57:00'),(3973,1366,1638,'Dr.','2019-04-19 02:57:00'),(3974,1215,3034,'Mrs.','2019-04-19 02:57:00'),(3975,1550,3699,'Prof.','2019-04-19 02:57:00'),(3976,886,2949,'Prof.','2019-04-19 02:57:00'),(3977,212,1565,'Ms.','2019-04-19 02:57:00'),(3978,1706,3087,'Dr.','2019-04-19 02:57:00'),(3979,1729,45,'Dr.','2019-04-19 02:57:01'),(3980,1349,2929,'Mr.','2019-04-19 02:57:01'),(3981,315,2922,'Mrs.','2019-04-19 02:57:01'),(3982,417,1561,'Mrs.','2019-04-19 02:57:01'),(3983,1200,2538,'Mr.','2019-04-19 02:57:01'),(3984,763,3840,'Mrs.','2019-04-19 02:57:01'),(3985,851,96,'Prof.','2019-04-19 02:57:01'),(3986,125,2802,'Miss','2019-04-19 02:57:01'),(3987,1233,953,'Miss','2019-04-19 02:57:02'),(3988,1127,1057,'Prof.','2019-04-19 02:57:02'),(3989,420,385,'Prof.','2019-04-19 02:57:02'),(3990,1747,958,'Ms.','2019-04-19 02:57:02'),(3991,22,1166,'Dr.','2019-04-19 02:57:02'),(3992,1939,898,'Dr.','2019-04-19 02:57:02'),(3993,1717,829,'Prof.','2019-04-19 02:57:02'),(3994,472,2843,'Dr.','2019-04-19 02:57:02'),(3995,1423,2176,'Prof.','2019-04-19 02:57:02'),(3996,1628,494,'Ms.','2019-04-19 02:57:03'),(3997,174,1665,'Prof.','2019-04-19 02:57:03'),(3998,586,3701,'Mrs.','2019-04-19 02:57:03'),(3999,723,3461,'Prof.','2019-04-19 02:57:03'),(4000,1419,1523,'Ms.','2019-04-19 02:57:03');
/*!40000 ALTER TABLE `complemento` ENABLE KEYS */;
UNLOCK TABLES;

--
-- Table structure for table `migrations`
--

DROP TABLE IF EXISTS `migrations`;
/*!40101 SET @saved_cs_client     = @@character_set_client */;
/*!40101 SET character_set_client = utf8 */;
CREATE TABLE `migrations` (
  `id` int(10) unsigned NOT NULL AUTO_INCREMENT,
  `migration` varchar(255) COLLATE utf8mb4_unicode_ci NOT NULL,
  `batch` int(11) NOT NULL,
  PRIMARY KEY (`id`)
) ENGINE=InnoDB AUTO_INCREMENT=5 DEFAULT CHARSET=utf8mb4 COLLATE=utf8mb4_unicode_ci;
/*!40101 SET character_set_client = @saved_cs_client */;

--
-- Dumping data for table `migrations`
--

LOCK TABLES `migrations` WRITE;
/*!40000 ALTER TABLE `migrations` DISABLE KEYS */;
INSERT INTO `migrations` VALUES (1,'2019_04_03_000000_questionario_table',1),(2,'2019_04_19_000000_pergunta_table',1),(3,'2019_04_19_000000_tipousuario_table',1),(4,'2019_04_19_000000_usuario_table',1);
/*!40000 ALTER TABLE `migrations` ENABLE KEYS */;
UNLOCK TABLES;

--
-- Table structure for table `pergunta`
--

DROP TABLE IF EXISTS `pergunta`;
/*!40101 SET @saved_cs_client     = @@character_set_client */;
/*!40101 SET character_set_client = utf8 */;
CREATE TABLE `pergunta` (
  `ID_PERGUNTA` int(11) NOT NULL AUTO_INCREMENT,
  `ID_QUESTIONARIO` int(11) NOT NULL,
  `SUBPERGUNTA` int(11) DEFAULT NULL,
  `TITULO_PERGUNTA` varchar(200) DEFAULT NULL,
  `DATA_INCLUSAO` datetime DEFAULT NULL,
  `DATA_EXCLUSAO` datetime DEFAULT NULL,
  PRIMARY KEY (`ID_PERGUNTA`),
  KEY `PERG_ID_QUESTIONARIO` (`ID_QUESTIONARIO`),
  CONSTRAINT `PERG_ID_QUESTIONARIO` FOREIGN KEY (`ID_QUESTIONARIO`) REFERENCES `questionario` (`ID_QUESTIONARIO`)
) ENGINE=InnoDB AUTO_INCREMENT=2001 DEFAULT CHARSET=utf8;
/*!40101 SET character_set_client = @saved_cs_client */;

--
-- Dumping data for table `pergunta`
--

LOCK TABLES `pergunta` WRITE;
/*!40000 ALTER TABLE `pergunta` DISABLE KEYS */;
INSERT INTO `pergunta` VALUES (1,15,0,'Ms.',NULL,NULL),(2,33,0,'Dr.',NULL,NULL),(3,48,0,'Mrs.',NULL,NULL),(4,81,0,'Ms.',NULL,NULL),(5,13,0,'Dr.',NULL,NULL),(6,44,1,'Mr.',NULL,NULL),(7,45,0,'Prof.',NULL,NULL),(8,16,1,'Mrs.',NULL,NULL),(9,14,1,'Dr.',NULL,NULL),(10,1,0,'Mr.',NULL,NULL),(11,62,0,'Dr.',NULL,NULL),(12,87,1,'Prof.',NULL,NULL),(13,92,1,'Ms.',NULL,NULL),(14,69,0,'Dr.',NULL,NULL),(15,24,1,'Mrs.',NULL,NULL),(16,25,1,'Mrs.',NULL,NULL),(17,46,0,'Dr.',NULL,NULL),(18,55,1,'Miss',NULL,NULL),(19,98,0,'Prof.',NULL,NULL),(20,52,0,'Prof.',NULL,NULL),(21,42,1,'Mr.',NULL,NULL),(22,97,0,'Prof.',NULL,NULL),(23,40,0,'Mr.',NULL,NULL),(24,79,1,'Mr.',NULL,NULL),(25,18,0,'Miss',NULL,NULL),(26,20,1,'Dr.',NULL,NULL),(27,79,0,'Dr.',NULL,NULL),(28,20,1,'Miss',NULL,NULL),(29,76,1,'Prof.',NULL,NULL),(30,40,0,'Miss',NULL,NULL),(31,9,1,'Dr.',NULL,NULL),(32,28,0,'Prof.',NULL,NULL),(33,100,0,'Miss',NULL,NULL),(34,56,0,'Prof.',NULL,NULL),(35,95,1,'Prof.',NULL,NULL),(36,81,1,'Dr.',NULL,NULL),(37,5,1,'Mr.',NULL,NULL),(38,58,1,'Prof.',NULL,NULL),(39,80,0,'Ms.',NULL,NULL),(40,19,0,'Mrs.',NULL,NULL),(41,9,0,'Mr.',NULL,NULL),(42,40,0,'Prof.',NULL,NULL),(43,31,0,'Dr.',NULL,NULL),(44,73,1,'Dr.',NULL,NULL),(45,36,1,'Dr.',NULL,NULL),(46,88,1,'Prof.',NULL,NULL),(47,51,0,'Dr.',NULL,NULL),(48,93,0,'Miss',NULL,NULL),(49,26,1,'Dr.',NULL,NULL),(50,82,0,'Miss',NULL,NULL),(51,88,1,'Dr.',NULL,NULL),(52,16,0,'Ms.',NULL,NULL),(53,60,0,'Ms.',NULL,NULL),(54,57,0,'Ms.',NULL,NULL),(55,58,1,'Ms.',NULL,NULL),(56,43,0,'Mrs.',NULL,NULL),(57,54,1,'Ms.',NULL,NULL),(58,67,0,'Mr.',NULL,NULL),(59,81,0,'Dr.',NULL,NULL),(60,49,1,'Dr.',NULL,NULL),(61,33,0,'Miss',NULL,NULL),(62,71,1,'Dr.',NULL,NULL),(63,24,0,'Prof.',NULL,NULL),(64,98,1,'Mrs.',NULL,NULL),(65,40,0,'Dr.',NULL,NULL),(66,47,0,'Miss',NULL,NULL),(67,75,1,'Prof.',NULL,NULL),(68,39,0,'Prof.',NULL,NULL),(69,69,0,'Ms.',NULL,NULL),(70,50,0,'Prof.',NULL,NULL),(71,98,0,'Prof.',NULL,NULL),(72,12,0,'Prof.',NULL,NULL),(73,21,1,'Dr.',NULL,NULL),(74,51,0,'Prof.',NULL,NULL),(75,57,0,'Miss',NULL,NULL),(76,88,1,'Mr.',NULL,NULL),(77,44,1,'Prof.',NULL,NULL),(78,41,0,'Mrs.',NULL,NULL),(79,40,1,'Prof.',NULL,NULL),(80,9,0,'Mrs.',NULL,NULL),(81,3,0,'Mr.',NULL,NULL),(82,91,0,'Mr.',NULL,NULL),(83,4,0,'Mrs.',NULL,NULL),(84,16,0,'Mr.',NULL,NULL),(85,37,0,'Miss',NULL,NULL),(86,63,0,'Prof.',NULL,NULL),(87,95,1,'Prof.',NULL,NULL),(88,7,1,'Dr.',NULL,NULL),(89,24,1,'Prof.',NULL,NULL),(90,70,0,'Dr.',NULL,NULL),(91,8,1,'Mr.',NULL,NULL),(92,82,1,'Prof.',NULL,NULL),(93,56,1,'Mr.',NULL,NULL),(94,16,1,'Dr.',NULL,NULL),(95,3,1,'Miss',NULL,NULL),(96,100,0,'Dr.',NULL,NULL),(97,21,1,'Prof.',NULL,NULL),(98,81,1,'Mrs.',NULL,NULL),(99,14,1,'Prof.',NULL,NULL),(100,94,0,'Mrs.',NULL,NULL),(101,100,1,'Miss',NULL,NULL),(102,5,0,'Dr.',NULL,NULL),(103,17,1,'Prof.',NULL,NULL),(104,37,0,'Mr.',NULL,NULL),(105,67,0,'Ms.',NULL,NULL),(106,55,0,'Prof.',NULL,NULL),(107,11,1,'Miss',NULL,NULL),(108,72,1,'Ms.',NULL,NULL),(109,34,1,'Prof.',NULL,NULL),(110,82,1,'Mr.',NULL,NULL),(111,64,1,'Dr.',NULL,NULL),(112,35,1,'Mrs.',NULL,NULL),(113,98,0,'Mrs.',NULL,NULL),(114,49,0,'Mrs.',NULL,NULL),(115,44,0,'Mr.',NULL,NULL),(116,51,1,'Prof.',NULL,NULL),(117,11,0,'Dr.',NULL,NULL),(118,19,0,'Dr.',NULL,NULL),(119,40,0,'Prof.',NULL,NULL),(120,7,1,'Mrs.',NULL,NULL),(121,51,1,'Prof.',NULL,NULL),(122,40,0,'Dr.',NULL,NULL),(123,26,1,'Mrs.',NULL,NULL),(124,54,1,'Ms.',NULL,NULL),(125,69,0,'Mrs.',NULL,NULL),(126,59,0,'Mrs.',NULL,NULL),(127,33,0,'Prof.',NULL,NULL),(128,68,1,'Dr.',NULL,NULL),(129,47,1,'Dr.',NULL,NULL),(130,19,0,'Prof.',NULL,NULL),(131,4,0,'Dr.',NULL,NULL),(132,41,1,'Mrs.',NULL,NULL),(133,82,1,'Prof.',NULL,NULL),(134,99,1,'Prof.',NULL,NULL),(135,47,0,'Ms.',NULL,NULL),(136,80,0,'Prof.',NULL,NULL),(137,54,1,'Prof.',NULL,NULL),(138,6,1,'Mr.',NULL,NULL),(139,42,1,'Ms.',NULL,NULL),(140,99,1,'Dr.',NULL,NULL),(141,22,0,'Mr.',NULL,NULL),(142,91,1,'Ms.',NULL,NULL),(143,55,1,'Dr.',NULL,NULL),(144,7,0,'Prof.',NULL,NULL),(145,86,1,'Prof.',NULL,NULL),(146,50,0,'Mr.',NULL,NULL),(147,22,0,'Prof.',NULL,NULL),(148,36,0,'Ms.',NULL,NULL),(149,83,1,'Dr.',NULL,NULL),(150,51,1,'Prof.',NULL,NULL),(151,12,1,'Miss',NULL,NULL),(152,94,0,'Miss',NULL,NULL),(153,14,0,'Mr.',NULL,NULL),(154,83,1,'Prof.',NULL,NULL),(155,49,0,'Prof.',NULL,NULL),(156,14,0,'Prof.',NULL,NULL),(157,20,1,'Mrs.',NULL,NULL),(158,57,1,'Mr.',NULL,NULL),(159,19,1,'Dr.',NULL,NULL),(160,81,1,'Mrs.',NULL,NULL),(161,96,0,'Dr.',NULL,NULL),(162,79,1,'Mrs.',NULL,NULL),(163,49,0,'Dr.',NULL,NULL),(164,43,1,'Prof.',NULL,NULL),(165,74,1,'Dr.',NULL,NULL),(166,75,0,'Mr.',NULL,NULL),(167,13,0,'Mr.',NULL,NULL),(168,71,0,'Prof.',NULL,NULL),(169,58,1,'Ms.',NULL,NULL),(170,4,1,'Mrs.',NULL,NULL),(171,39,1,'Ms.',NULL,NULL),(172,88,1,'Prof.',NULL,NULL),(173,41,0,'Mr.',NULL,NULL),(174,53,1,'Prof.',NULL,NULL),(175,33,1,'Miss',NULL,NULL),(176,93,0,'Mrs.',NULL,NULL),(177,15,1,'Prof.',NULL,NULL),(178,18,0,'Prof.',NULL,NULL),(179,46,1,'Ms.',NULL,NULL),(180,92,1,'Mr.',NULL,NULL),(181,70,0,'Mrs.',NULL,NULL),(182,23,0,'Mr.',NULL,NULL),(183,67,0,'Dr.',NULL,NULL),(184,96,0,'Ms.',NULL,NULL),(185,76,1,'Mr.',NULL,NULL),(186,2,0,'Mrs.',NULL,NULL),(187,55,0,'Ms.',NULL,NULL),(188,76,0,'Prof.',NULL,NULL),(189,60,0,'Miss',NULL,NULL),(190,81,0,'Mrs.',NULL,NULL),(191,86,1,'Miss',NULL,NULL),(192,54,1,'Mr.',NULL,NULL),(193,12,1,'Miss',NULL,NULL),(194,42,1,'Mr.',NULL,NULL),(195,28,1,'Mr.',NULL,NULL),(196,65,1,'Dr.',NULL,NULL),(197,53,0,'Ms.',NULL,NULL),(198,82,1,'Prof.',NULL,NULL),(199,93,1,'Miss',NULL,NULL),(200,74,0,'Prof.',NULL,NULL),(201,63,0,'Miss',NULL,NULL),(202,59,0,'Dr.',NULL,NULL),(203,9,1,'Prof.',NULL,NULL),(204,58,0,'Mr.',NULL,NULL),(205,41,1,'Mr.',NULL,NULL),(206,67,1,'Prof.',NULL,NULL),(207,85,0,'Mr.',NULL,NULL),(208,41,0,'Prof.',NULL,NULL),(209,66,0,'Prof.',NULL,NULL),(210,76,0,'Ms.',NULL,NULL),(211,43,0,'Ms.',NULL,NULL),(212,76,1,'Mrs.',NULL,NULL),(213,49,1,'Miss',NULL,NULL),(214,45,0,'Mrs.',NULL,NULL),(215,57,0,'Miss',NULL,NULL),(216,37,0,'Dr.',NULL,NULL),(217,97,0,'Prof.',NULL,NULL),(218,20,0,'Dr.',NULL,NULL),(219,42,1,'Mrs.',NULL,NULL),(220,41,1,'Prof.',NULL,NULL),(221,44,1,'Prof.',NULL,NULL),(222,53,0,'Dr.',NULL,NULL),(223,87,1,'Ms.',NULL,NULL),(224,58,1,'Prof.',NULL,NULL),(225,69,0,'Ms.',NULL,NULL),(226,10,0,'Miss',NULL,NULL),(227,9,0,'Ms.',NULL,NULL),(228,77,0,'Prof.',NULL,NULL),(229,18,1,'Prof.',NULL,NULL),(230,18,1,'Mrs.',NULL,NULL),(231,94,1,'Ms.',NULL,NULL),(232,15,0,'Miss',NULL,NULL),(233,28,0,'Mrs.',NULL,NULL),(234,51,0,'Prof.',NULL,NULL),(235,47,0,'Mrs.',NULL,NULL),(236,2,1,'Mr.',NULL,NULL),(237,95,0,'Ms.',NULL,NULL),(238,93,0,'Mr.',NULL,NULL),(239,52,0,'Prof.',NULL,NULL),(240,15,0,'Mr.',NULL,NULL),(241,21,0,'Dr.',NULL,NULL),(242,69,0,'Dr.',NULL,NULL),(243,29,1,'Miss',NULL,NULL),(244,41,0,'Prof.',NULL,NULL),(245,56,0,'Prof.',NULL,NULL),(246,41,1,'Dr.',NULL,NULL),(247,80,1,'Miss',NULL,NULL),(248,58,0,'Miss',NULL,NULL),(249,85,1,'Ms.',NULL,NULL),(250,74,1,'Prof.',NULL,NULL),(251,65,1,'Mrs.',NULL,NULL),(252,48,0,'Prof.',NULL,NULL),(253,74,0,'Ms.',NULL,NULL),(254,88,1,'Prof.',NULL,NULL),(255,68,0,'Prof.',NULL,NULL),(256,7,1,'Miss',NULL,NULL),(257,96,0,'Prof.',NULL,NULL),(258,93,1,'Mr.',NULL,NULL),(259,49,0,'Dr.',NULL,NULL),(260,58,1,'Prof.',NULL,NULL),(261,2,0,'Dr.',NULL,NULL),(262,80,0,'Prof.',NULL,NULL),(263,25,1,'Prof.',NULL,NULL),(264,47,0,'Dr.',NULL,NULL),(265,26,0,'Mr.',NULL,NULL),(266,56,0,'Dr.',NULL,NULL),(267,77,1,'Miss',NULL,NULL),(268,39,1,'Ms.',NULL,NULL),(269,96,0,'Dr.',NULL,NULL),(270,2,0,'Dr.',NULL,NULL),(271,18,0,'Prof.',NULL,NULL),(272,37,0,'Dr.',NULL,NULL),(273,93,0,'Prof.',NULL,NULL),(274,95,0,'Mr.',NULL,NULL),(275,67,0,'Prof.',NULL,NULL),(276,68,0,'Dr.',NULL,NULL),(277,62,1,'Dr.',NULL,NULL),(278,26,1,'Ms.',NULL,NULL),(279,57,0,'Ms.',NULL,NULL),(280,89,1,'Dr.',NULL,NULL),(281,12,1,'Ms.',NULL,NULL),(282,37,1,'Miss',NULL,NULL),(283,1,1,'Ms.',NULL,NULL),(284,32,0,'Dr.',NULL,NULL),(285,53,0,'Dr.',NULL,NULL),(286,73,0,'Mr.',NULL,NULL),(287,23,0,'Mr.',NULL,NULL),(288,22,0,'Dr.',NULL,NULL),(289,76,0,'Dr.',NULL,NULL),(290,78,1,'Mr.',NULL,NULL),(291,52,1,'Ms.',NULL,NULL),(292,54,1,'Prof.',NULL,NULL),(293,23,0,'Mr.',NULL,NULL),(294,70,0,'Prof.',NULL,NULL),(295,25,1,'Dr.',NULL,NULL),(296,5,1,'Prof.',NULL,NULL),(297,79,0,'Miss',NULL,NULL),(298,13,1,'Mr.',NULL,NULL),(299,95,0,'Miss',NULL,NULL),(300,50,1,'Dr.',NULL,NULL),(301,9,0,'Prof.',NULL,NULL),(302,30,0,'Prof.',NULL,NULL),(303,71,1,'Prof.',NULL,NULL),(304,95,1,'Prof.',NULL,NULL),(305,61,0,'Prof.',NULL,NULL),(306,72,0,'Ms.',NULL,NULL),(307,54,1,'Dr.',NULL,NULL),(308,7,1,'Dr.',NULL,NULL),(309,68,0,'Mrs.',NULL,NULL),(310,3,1,'Dr.',NULL,NULL),(311,97,0,'Dr.',NULL,NULL),(312,89,1,'Miss',NULL,NULL),(313,15,0,'Prof.',NULL,NULL),(314,25,0,'Prof.',NULL,NULL),(315,15,1,'Ms.',NULL,NULL),(316,61,0,'Miss',NULL,NULL),(317,74,0,'Miss',NULL,NULL),(318,81,1,'Dr.',NULL,NULL),(319,3,1,'Dr.',NULL,NULL),(320,62,1,'Mr.',NULL,NULL),(321,38,0,'Prof.',NULL,NULL),(322,89,0,'Mr.',NULL,NULL),(323,18,1,'Prof.',NULL,NULL),(324,80,0,'Dr.',NULL,NULL),(325,48,1,'Mrs.',NULL,NULL),(326,71,0,'Prof.',NULL,NULL),(327,9,1,'Dr.',NULL,NULL),(328,84,0,'Prof.',NULL,NULL),(329,32,0,'Mrs.',NULL,NULL),(330,37,1,'Ms.',NULL,NULL),(331,3,0,'Prof.',NULL,NULL),(332,49,0,'Dr.',NULL,NULL),(333,63,1,'Mr.',NULL,NULL),(334,40,0,'Miss',NULL,NULL),(335,46,0,'Dr.',NULL,NULL),(336,60,1,'Prof.',NULL,NULL),(337,79,0,'Dr.',NULL,NULL),(338,24,1,'Mr.',NULL,NULL),(339,83,0,'Dr.',NULL,NULL),(340,72,0,'Ms.',NULL,NULL),(341,39,0,'Mr.',NULL,NULL),(342,4,1,'Prof.',NULL,NULL),(343,47,0,'Prof.',NULL,NULL),(344,18,0,'Mrs.',NULL,NULL),(345,64,0,'Mr.',NULL,NULL),(346,3,0,'Mr.',NULL,NULL),(347,81,0,'Mr.',NULL,NULL),(348,28,0,'Mrs.',NULL,NULL),(349,9,0,'Mrs.',NULL,NULL),(350,8,0,'Dr.',NULL,NULL),(351,70,0,'Dr.',NULL,NULL),(352,26,0,'Dr.',NULL,NULL),(353,51,1,'Mr.',NULL,NULL),(354,87,0,'Mr.',NULL,NULL),(355,54,0,'Prof.',NULL,NULL),(356,3,1,'Mr.',NULL,NULL),(357,39,0,'Dr.',NULL,NULL),(358,56,1,'Dr.',NULL,NULL),(359,56,1,'Prof.',NULL,NULL),(360,62,1,'Prof.',NULL,NULL),(361,53,1,'Dr.',NULL,NULL),(362,74,1,'Dr.',NULL,NULL),(363,94,1,'Prof.',NULL,NULL),(364,33,0,'Prof.',NULL,NULL),(365,29,1,'Miss',NULL,NULL),(366,70,1,'Dr.',NULL,NULL),(367,32,0,'Miss',NULL,NULL),(368,49,1,'Mrs.',NULL,NULL),(369,43,0,'Prof.',NULL,NULL),(370,74,0,'Dr.',NULL,NULL),(371,35,1,'Mr.',NULL,NULL),(372,68,1,'Miss',NULL,NULL),(373,17,1,'Prof.',NULL,NULL),(374,73,1,'Mr.',NULL,NULL),(375,24,1,'Dr.',NULL,NULL),(376,46,1,'Mr.',NULL,NULL),(377,81,0,'Mr.',NULL,NULL),(378,78,0,'Prof.',NULL,NULL),(379,18,1,'Mr.',NULL,NULL),(380,21,1,'Mr.',NULL,NULL),(381,8,1,'Mr.',NULL,NULL),(382,55,0,'Ms.',NULL,NULL),(383,85,1,'Ms.',NULL,NULL),(384,56,0,'Mrs.',NULL,NULL),(385,99,0,'Mr.',NULL,NULL),(386,87,0,'Dr.',NULL,NULL),(387,50,0,'Ms.',NULL,NULL),(388,77,1,'Dr.',NULL,NULL),(389,15,1,'Miss',NULL,NULL),(390,13,1,'Mrs.',NULL,NULL),(391,46,0,'Mrs.',NULL,NULL),(392,62,0,'Ms.',NULL,NULL),(393,17,1,'Dr.',NULL,NULL),(394,55,1,'Mrs.',NULL,NULL),(395,24,0,'Dr.',NULL,NULL),(396,30,0,'Dr.',NULL,NULL),(397,90,1,'Mr.',NULL,NULL),(398,43,0,'Dr.',NULL,NULL),(399,70,0,'Mr.',NULL,NULL),(400,89,1,'Prof.',NULL,NULL),(401,94,0,'Prof.',NULL,NULL),(402,72,1,'Mr.',NULL,NULL),(403,56,0,'Dr.',NULL,NULL),(404,87,1,'Dr.',NULL,NULL),(405,5,0,'Dr.',NULL,NULL),(406,9,0,'Prof.',NULL,NULL),(407,57,1,'Dr.',NULL,NULL),(408,71,1,'Dr.',NULL,NULL),(409,29,1,'Dr.',NULL,NULL),(410,98,0,'Miss',NULL,NULL),(411,66,1,'Dr.',NULL,NULL),(412,21,1,'Dr.',NULL,NULL),(413,75,1,'Dr.',NULL,NULL),(414,94,1,'Prof.',NULL,NULL),(415,38,1,'Prof.',NULL,NULL),(416,11,1,'Miss',NULL,NULL),(417,85,0,'Mr.',NULL,NULL),(418,16,1,'Prof.',NULL,NULL),(419,51,0,'Dr.',NULL,NULL),(420,83,0,'Dr.',NULL,NULL),(421,21,1,'Mr.',NULL,NULL),(422,64,0,'Ms.',NULL,NULL),(423,76,1,'Dr.',NULL,NULL),(424,48,1,'Ms.',NULL,NULL),(425,84,1,'Prof.',NULL,NULL),(426,28,0,'Prof.',NULL,NULL),(427,6,0,'Mr.',NULL,NULL),(428,59,0,'Dr.',NULL,NULL),(429,44,0,'Dr.',NULL,NULL),(430,60,0,'Mr.',NULL,NULL),(431,37,0,'Mrs.',NULL,NULL),(432,48,1,'Mrs.',NULL,NULL),(433,16,0,'Mr.',NULL,NULL),(434,89,1,'Prof.',NULL,NULL),(435,45,1,'Ms.',NULL,NULL),(436,99,0,'Mrs.',NULL,NULL),(437,37,0,'Dr.',NULL,NULL),(438,40,1,'Mrs.',NULL,NULL),(439,39,0,'Dr.',NULL,NULL),(440,13,0,'Mr.',NULL,NULL),(441,88,0,'Prof.',NULL,NULL),(442,30,1,'Dr.',NULL,NULL),(443,78,1,'Dr.',NULL,NULL),(444,49,1,'Prof.',NULL,NULL),(445,70,0,'Dr.',NULL,NULL),(446,86,1,'Prof.',NULL,NULL),(447,51,1,'Ms.',NULL,NULL),(448,65,0,'Dr.',NULL,NULL),(449,5,0,'Mr.',NULL,NULL),(450,38,0,'Prof.',NULL,NULL),(451,12,1,'Prof.',NULL,NULL),(452,59,1,'Ms.',NULL,NULL),(453,32,0,'Prof.',NULL,NULL),(454,41,1,'Prof.',NULL,NULL),(455,70,1,'Dr.',NULL,NULL),(456,29,1,'Mrs.',NULL,NULL),(457,25,0,'Dr.',NULL,NULL),(458,71,1,'Dr.',NULL,NULL),(459,76,1,'Mr.',NULL,NULL),(460,16,1,'Dr.',NULL,NULL),(461,1,1,'Miss',NULL,NULL),(462,73,1,'Mr.',NULL,NULL),(463,75,1,'Prof.',NULL,NULL),(464,50,0,'Dr.',NULL,NULL),(465,43,0,'Dr.',NULL,NULL),(466,62,0,'Mr.',NULL,NULL),(467,61,1,'Ms.',NULL,NULL),(468,77,1,'Mr.',NULL,NULL),(469,52,1,'Ms.',NULL,NULL),(470,89,0,'Prof.',NULL,NULL),(471,67,1,'Prof.',NULL,NULL),(472,41,1,'Dr.',NULL,NULL),(473,61,0,'Prof.',NULL,NULL),(474,92,1,'Dr.',NULL,NULL),(475,76,0,'Mrs.',NULL,NULL),(476,51,1,'Prof.',NULL,NULL),(477,44,1,'Prof.',NULL,NULL),(478,4,0,'Ms.',NULL,NULL),(479,8,1,'Miss',NULL,NULL),(480,81,0,'Dr.',NULL,NULL),(481,16,0,'Dr.',NULL,NULL),(482,18,1,'Dr.',NULL,NULL),(483,53,1,'Dr.',NULL,NULL),(484,90,0,'Miss',NULL,NULL),(485,98,1,'Dr.',NULL,NULL),(486,70,0,'Dr.',NULL,NULL),(487,18,1,'Mr.',NULL,NULL),(488,26,0,'Dr.',NULL,NULL),(489,21,0,'Ms.',NULL,NULL),(490,19,0,'Dr.',NULL,NULL),(491,100,1,'Mr.',NULL,NULL),(492,2,1,'Ms.',NULL,NULL),(493,97,1,'Prof.',NULL,NULL),(494,36,1,'Dr.',NULL,NULL),(495,83,1,'Prof.',NULL,NULL),(496,59,0,'Ms.',NULL,NULL),(497,7,1,'Prof.',NULL,NULL),(498,71,1,'Miss',NULL,NULL),(499,26,1,'Mrs.',NULL,NULL),(500,73,1,'Miss',NULL,NULL),(501,16,1,'Dr.',NULL,NULL),(502,92,1,'Mrs.',NULL,NULL),(503,62,0,'Dr.',NULL,NULL),(504,48,0,'Ms.',NULL,NULL),(505,72,0,'Miss',NULL,NULL),(506,53,0,'Mrs.',NULL,NULL),(507,27,0,'Dr.',NULL,NULL),(508,42,0,'Prof.',NULL,NULL),(509,99,0,'Prof.',NULL,NULL),(510,23,0,'Dr.',NULL,NULL),(511,1,0,'Mrs.',NULL,NULL),(512,74,0,'Ms.',NULL,NULL),(513,83,1,'Prof.',NULL,NULL),(514,37,0,'Prof.',NULL,NULL),(515,35,1,'Prof.',NULL,NULL),(516,89,1,'Ms.',NULL,NULL),(517,65,0,'Prof.',NULL,NULL),(518,51,0,'Prof.',NULL,NULL),(519,41,1,'Prof.',NULL,NULL),(520,46,1,'Prof.',NULL,NULL),(521,64,0,'Ms.',NULL,NULL),(522,56,1,'Dr.',NULL,NULL),(523,34,1,'Mr.',NULL,NULL),(524,7,0,'Miss',NULL,NULL),(525,44,1,'Prof.',NULL,NULL),(526,66,1,'Mr.',NULL,NULL),(527,61,1,'Miss',NULL,NULL),(528,15,1,'Prof.',NULL,NULL),(529,23,0,'Miss',NULL,NULL),(530,15,1,'Dr.',NULL,NULL),(531,60,1,'Miss',NULL,NULL),(532,51,0,'Mr.',NULL,NULL),(533,16,0,'Dr.',NULL,NULL),(534,51,1,'Mrs.',NULL,NULL),(535,88,1,'Mr.',NULL,NULL),(536,85,1,'Mr.',NULL,NULL),(537,36,0,'Ms.',NULL,NULL),(538,23,1,'Dr.',NULL,NULL),(539,44,1,'Mr.',NULL,NULL),(540,31,0,'Prof.',NULL,NULL),(541,33,0,'Dr.',NULL,NULL),(542,21,0,'Mrs.',NULL,NULL),(543,33,0,'Dr.',NULL,NULL),(544,81,0,'Miss',NULL,NULL),(545,69,0,'Dr.',NULL,NULL),(546,67,0,'Dr.',NULL,NULL),(547,35,0,'Ms.',NULL,NULL),(548,97,0,'Prof.',NULL,NULL),(549,20,0,'Miss',NULL,NULL),(550,64,1,'Prof.',NULL,NULL),(551,75,0,'Miss',NULL,NULL),(552,47,0,'Prof.',NULL,NULL),(553,56,1,'Mr.',NULL,NULL),(554,68,0,'Mrs.',NULL,NULL),(555,10,1,'Prof.',NULL,NULL),(556,75,1,'Dr.',NULL,NULL),(557,97,0,'Mr.',NULL,NULL),(558,8,1,'Mr.',NULL,NULL),(559,7,0,'Ms.',NULL,NULL),(560,82,1,'Dr.',NULL,NULL),(561,29,1,'Miss',NULL,NULL),(562,37,0,'Miss',NULL,NULL),(563,29,1,'Prof.',NULL,NULL),(564,36,1,'Miss',NULL,NULL),(565,84,0,'Dr.',NULL,NULL),(566,28,1,'Mr.',NULL,NULL),(567,41,0,'Prof.',NULL,NULL),(568,34,0,'Prof.',NULL,NULL),(569,96,0,'Dr.',NULL,NULL),(570,24,1,'Mr.',NULL,NULL),(571,27,0,'Mr.',NULL,NULL),(572,21,0,'Prof.',NULL,NULL),(573,37,0,'Ms.',NULL,NULL),(574,93,0,'Ms.',NULL,NULL),(575,19,1,'Dr.',NULL,NULL),(576,25,0,'Dr.',NULL,NULL),(577,31,0,'Dr.',NULL,NULL),(578,32,0,'Mrs.',NULL,NULL),(579,67,1,'Prof.',NULL,NULL),(580,11,1,'Prof.',NULL,NULL),(581,40,0,'Prof.',NULL,NULL),(582,32,1,'Miss',NULL,NULL),(583,95,1,'Mrs.',NULL,NULL),(584,51,1,'Dr.',NULL,NULL),(585,69,1,'Prof.',NULL,NULL),(586,100,1,'Dr.',NULL,NULL),(587,7,1,'Prof.',NULL,NULL),(588,6,0,'Mr.',NULL,NULL),(589,38,0,'Mr.',NULL,NULL),(590,19,0,'Dr.',NULL,NULL),(591,69,1,'Dr.',NULL,NULL),(592,4,0,'Dr.',NULL,NULL),(593,99,0,'Mrs.',NULL,NULL),(594,40,0,'Mr.',NULL,NULL),(595,82,0,'Mrs.',NULL,NULL),(596,25,1,'Prof.',NULL,NULL),(597,68,1,'Miss',NULL,NULL),(598,59,1,'Ms.',NULL,NULL),(599,12,1,'Miss',NULL,NULL),(600,1,0,'Mr.',NULL,NULL),(601,75,1,'Prof.',NULL,NULL),(602,94,0,'Dr.',NULL,NULL),(603,80,0,'Prof.',NULL,NULL),(604,98,1,'Mrs.',NULL,NULL),(605,6,1,'Dr.',NULL,NULL),(606,62,1,'Mr.',NULL,NULL),(607,63,1,'Prof.',NULL,NULL),(608,65,1,'Ms.',NULL,NULL),(609,61,0,'Miss',NULL,NULL),(610,16,1,'Miss',NULL,NULL),(611,93,0,'Dr.',NULL,NULL),(612,54,0,'Miss',NULL,NULL),(613,50,0,'Prof.',NULL,NULL),(614,21,1,'Mr.',NULL,NULL),(615,95,1,'Ms.',NULL,NULL),(616,60,1,'Mrs.',NULL,NULL),(617,91,1,'Dr.',NULL,NULL),(618,9,0,'Dr.',NULL,NULL),(619,95,0,'Mr.',NULL,NULL),(620,1,1,'Dr.',NULL,NULL),(621,32,1,'Mrs.',NULL,NULL),(622,54,0,'Mr.',NULL,NULL),(623,27,1,'Prof.',NULL,NULL),(624,25,1,'Mr.',NULL,NULL),(625,74,0,'Prof.',NULL,NULL),(626,87,1,'Prof.',NULL,NULL),(627,94,1,'Mr.',NULL,NULL),(628,66,1,'Prof.',NULL,NULL),(629,68,1,'Prof.',NULL,NULL),(630,21,0,'Prof.',NULL,NULL),(631,9,0,'Prof.',NULL,NULL),(632,39,0,'Prof.',NULL,NULL),(633,51,0,'Dr.',NULL,NULL),(634,92,0,'Dr.',NULL,NULL),(635,26,1,'Prof.',NULL,NULL),(636,33,0,'Prof.',NULL,NULL),(637,66,0,'Mrs.',NULL,NULL),(638,93,0,'Prof.',NULL,NULL),(639,70,0,'Prof.',NULL,NULL),(640,23,0,'Ms.',NULL,NULL),(641,46,1,'Prof.',NULL,NULL),(642,76,0,'Mrs.',NULL,NULL),(643,11,1,'Mr.',NULL,NULL),(644,7,1,'Prof.',NULL,NULL),(645,72,0,'Dr.',NULL,NULL),(646,16,0,'Prof.',NULL,NULL),(647,28,1,'Prof.',NULL,NULL),(648,90,0,'Dr.',NULL,NULL),(649,1,0,'Mr.',NULL,NULL),(650,57,1,'Prof.',NULL,NULL),(651,94,1,'Ms.',NULL,NULL),(652,71,1,'Mrs.',NULL,NULL),(653,64,1,'Prof.',NULL,NULL),(654,82,1,'Dr.',NULL,NULL),(655,73,1,'Ms.',NULL,NULL),(656,63,0,'Miss',NULL,NULL),(657,87,0,'Dr.',NULL,NULL),(658,31,1,'Prof.',NULL,NULL),(659,83,0,'Miss',NULL,NULL),(660,67,1,'Prof.',NULL,NULL),(661,61,1,'Dr.',NULL,NULL),(662,22,0,'Ms.',NULL,NULL),(663,75,1,'Dr.',NULL,NULL),(664,1,0,'Dr.',NULL,NULL),(665,58,1,'Dr.',NULL,NULL),(666,8,0,'Ms.',NULL,NULL),(667,76,0,'Prof.',NULL,NULL),(668,71,1,'Mr.',NULL,NULL),(669,46,1,'Dr.',NULL,NULL),(670,33,1,'Mr.',NULL,NULL),(671,50,0,'Mr.',NULL,NULL),(672,84,1,'Dr.',NULL,NULL),(673,25,0,'Mrs.',NULL,NULL),(674,20,0,'Mr.',NULL,NULL),(675,26,1,'Prof.',NULL,NULL),(676,16,1,'Ms.',NULL,NULL),(677,5,1,'Prof.',NULL,NULL),(678,6,0,'Dr.',NULL,NULL),(679,68,1,'Mrs.',NULL,NULL),(680,94,1,'Mr.',NULL,NULL),(681,16,1,'Prof.',NULL,NULL),(682,69,1,'Dr.',NULL,NULL),(683,90,0,'Dr.',NULL,NULL),(684,100,0,'Dr.',NULL,NULL),(685,79,1,'Prof.',NULL,NULL),(686,50,0,'Mr.',NULL,NULL),(687,15,0,'Dr.',NULL,NULL),(688,94,1,'Miss',NULL,NULL),(689,57,1,'Mrs.',NULL,NULL),(690,66,1,'Dr.',NULL,NULL),(691,73,0,'Mr.',NULL,NULL),(692,38,1,'Prof.',NULL,NULL),(693,20,0,'Miss',NULL,NULL),(694,62,0,'Mrs.',NULL,NULL),(695,85,1,'Dr.',NULL,NULL),(696,25,1,'Prof.',NULL,NULL),(697,25,0,'Prof.',NULL,NULL),(698,63,1,'Dr.',NULL,NULL),(699,87,0,'Dr.',NULL,NULL),(700,81,1,'Mr.',NULL,NULL),(701,30,0,'Mr.',NULL,NULL),(702,18,0,'Mrs.',NULL,NULL),(703,31,1,'Ms.',NULL,NULL),(704,87,1,'Dr.',NULL,NULL),(705,24,0,'Prof.',NULL,NULL),(706,47,1,'Prof.',NULL,NULL),(707,96,1,'Ms.',NULL,NULL),(708,63,0,'Ms.',NULL,NULL),(709,27,0,'Dr.',NULL,NULL),(710,29,1,'Miss',NULL,NULL),(711,4,0,'Prof.',NULL,NULL),(712,8,0,'Prof.',NULL,NULL),(713,36,1,'Mr.',NULL,NULL),(714,63,0,'Dr.',NULL,NULL),(715,72,1,'Mrs.',NULL,NULL),(716,26,0,'Dr.',NULL,NULL),(717,19,1,'Dr.',NULL,NULL),(718,41,0,'Miss',NULL,NULL),(719,16,0,'Ms.',NULL,NULL),(720,58,1,'Mr.',NULL,NULL),(721,15,1,'Prof.',NULL,NULL),(722,61,0,'Prof.',NULL,NULL),(723,95,1,'Prof.',NULL,NULL),(724,15,1,'Miss',NULL,NULL),(725,28,0,'Mr.',NULL,NULL),(726,83,1,'Mrs.',NULL,NULL),(727,57,0,'Ms.',NULL,NULL),(728,100,0,'Mr.',NULL,NULL),(729,2,1,'Dr.',NULL,NULL),(730,62,1,'Prof.',NULL,NULL),(731,32,1,'Dr.',NULL,NULL),(732,7,0,'Prof.',NULL,NULL),(733,68,1,'Prof.',NULL,NULL),(734,45,1,'Mr.',NULL,NULL),(735,14,1,'Mr.',NULL,NULL),(736,40,0,'Prof.',NULL,NULL),(737,63,1,'Miss',NULL,NULL),(738,66,1,'Mr.',NULL,NULL),(739,21,0,'Mrs.',NULL,NULL),(740,60,0,'Dr.',NULL,NULL),(741,50,0,'Dr.',NULL,NULL),(742,78,0,'Dr.',NULL,NULL),(743,77,1,'Dr.',NULL,NULL),(744,86,0,'Miss',NULL,NULL),(745,87,1,'Prof.',NULL,NULL),(746,26,1,'Dr.',NULL,NULL),(747,1,1,'Miss',NULL,NULL),(748,89,1,'Mr.',NULL,NULL),(749,57,0,'Ms.',NULL,NULL),(750,91,1,'Prof.',NULL,NULL),(751,21,1,'Mrs.',NULL,NULL),(752,81,1,'Mr.',NULL,NULL),(753,85,1,'Miss',NULL,NULL),(754,26,0,'Mrs.',NULL,NULL),(755,58,0,'Mr.',NULL,NULL),(756,95,1,'Ms.',NULL,NULL),(757,8,0,'Prof.',NULL,NULL),(758,83,1,'Prof.',NULL,NULL),(759,29,1,'Ms.',NULL,NULL),(760,58,1,'Mrs.',NULL,NULL),(761,63,1,'Prof.',NULL,NULL),(762,89,1,'Dr.',NULL,NULL),(763,47,0,'Prof.',NULL,NULL),(764,45,0,'Prof.',NULL,NULL),(765,34,0,'Mrs.',NULL,NULL),(766,97,0,'Mrs.',NULL,NULL),(767,80,1,'Ms.',NULL,NULL),(768,23,1,'Mrs.',NULL,NULL),(769,24,1,'Ms.',NULL,NULL),(770,21,0,'Dr.',NULL,NULL),(771,86,0,'Mr.',NULL,NULL),(772,41,0,'Dr.',NULL,NULL),(773,29,0,'Prof.',NULL,NULL),(774,97,0,'Dr.',NULL,NULL),(775,65,1,'Prof.',NULL,NULL),(776,8,0,'Prof.',NULL,NULL),(777,2,1,'Miss',NULL,NULL),(778,57,0,'Mr.',NULL,NULL),(779,60,1,'Dr.',NULL,NULL),(780,88,1,'Mr.',NULL,NULL),(781,41,0,'Mrs.',NULL,NULL),(782,62,1,'Dr.',NULL,NULL),(783,73,1,'Dr.',NULL,NULL),(784,1,0,'Prof.',NULL,NULL),(785,31,0,'Dr.',NULL,NULL),(786,66,0,'Dr.',NULL,NULL),(787,41,1,'Mr.',NULL,NULL),(788,28,0,'Mr.',NULL,NULL),(789,15,0,'Dr.',NULL,NULL),(790,70,1,'Mrs.',NULL,NULL),(791,42,1,'Dr.',NULL,NULL),(792,82,0,'Ms.',NULL,NULL),(793,29,1,'Dr.',NULL,NULL),(794,15,1,'Prof.',NULL,NULL),(795,24,0,'Miss',NULL,NULL),(796,73,1,'Ms.',NULL,NULL),(797,76,0,'Dr.',NULL,NULL),(798,90,1,'Miss',NULL,NULL),(799,99,0,'Miss',NULL,NULL),(800,4,0,'Mrs.',NULL,NULL),(801,66,1,'Mr.',NULL,NULL),(802,66,0,'Ms.',NULL,NULL),(803,13,1,'Dr.',NULL,NULL),(804,97,1,'Dr.',NULL,NULL),(805,88,0,'Miss',NULL,NULL),(806,76,1,'Prof.',NULL,NULL),(807,40,1,'Dr.',NULL,NULL),(808,87,0,'Miss',NULL,NULL),(809,56,1,'Dr.',NULL,NULL),(810,14,1,'Mrs.',NULL,NULL),(811,21,0,'Prof.',NULL,NULL),(812,21,1,'Prof.',NULL,NULL),(813,93,0,'Mrs.',NULL,NULL),(814,59,0,'Prof.',NULL,NULL),(815,43,0,'Dr.',NULL,NULL),(816,92,1,'Prof.',NULL,NULL),(817,4,1,'Mr.',NULL,NULL),(818,97,0,'Dr.',NULL,NULL),(819,46,1,'Mrs.',NULL,NULL),(820,53,1,'Mr.',NULL,NULL),(821,27,0,'Dr.',NULL,NULL),(822,32,1,'Dr.',NULL,NULL),(823,6,0,'Miss',NULL,NULL),(824,98,1,'Mrs.',NULL,NULL),(825,66,0,'Dr.',NULL,NULL),(826,51,0,'Mr.',NULL,NULL),(827,15,1,'Ms.',NULL,NULL),(828,64,0,'Prof.',NULL,NULL),(829,80,0,'Dr.',NULL,NULL),(830,30,1,'Dr.',NULL,NULL),(831,57,1,'Dr.',NULL,NULL),(832,37,0,'Mrs.',NULL,NULL),(833,51,0,'Mr.',NULL,NULL),(834,34,0,'Prof.',NULL,NULL),(835,27,0,'Prof.',NULL,NULL),(836,54,0,'Prof.',NULL,NULL),(837,84,1,'Prof.',NULL,NULL),(838,53,1,'Dr.',NULL,NULL),(839,10,1,'Dr.',NULL,NULL),(840,49,1,'Mrs.',NULL,NULL),(841,53,0,'Prof.',NULL,NULL),(842,7,0,'Dr.',NULL,NULL),(843,28,1,'Dr.',NULL,NULL),(844,8,0,'Mrs.',NULL,NULL),(845,50,0,'Mr.',NULL,NULL),(846,24,1,'Prof.',NULL,NULL),(847,97,0,'Mr.',NULL,NULL),(848,91,1,'Dr.',NULL,NULL),(849,87,1,'Prof.',NULL,NULL),(850,51,0,'Dr.',NULL,NULL),(851,99,1,'Mr.',NULL,NULL),(852,78,1,'Prof.',NULL,NULL),(853,39,1,'Dr.',NULL,NULL),(854,57,1,'Prof.',NULL,NULL),(855,12,1,'Miss',NULL,NULL),(856,42,0,'Prof.',NULL,NULL),(857,72,0,'Prof.',NULL,NULL),(858,89,1,'Ms.',NULL,NULL),(859,25,0,'Mr.',NULL,NULL),(860,37,0,'Miss',NULL,NULL),(861,72,1,'Dr.',NULL,NULL),(862,60,0,'Ms.',NULL,NULL),(863,64,1,'Mr.',NULL,NULL),(864,1,0,'Mr.',NULL,NULL),(865,87,1,'Prof.',NULL,NULL),(866,23,0,'Mrs.',NULL,NULL),(867,51,1,'Mrs.',NULL,NULL),(868,86,1,'Ms.',NULL,NULL),(869,43,1,'Miss',NULL,NULL),(870,86,0,'Prof.',NULL,NULL),(871,9,0,'Prof.',NULL,NULL),(872,20,1,'Prof.',NULL,NULL),(873,10,1,'Prof.',NULL,NULL),(874,68,1,'Miss',NULL,NULL),(875,33,1,'Mrs.',NULL,NULL),(876,88,0,'Prof.',NULL,NULL),(877,35,1,'Prof.',NULL,NULL),(878,28,1,'Mr.',NULL,NULL),(879,88,0,'Dr.',NULL,NULL),(880,88,0,'Mr.',NULL,NULL),(881,23,1,'Dr.',NULL,NULL),(882,65,1,'Ms.',NULL,NULL),(883,88,0,'Mr.',NULL,NULL),(884,67,1,'Miss',NULL,NULL),(885,8,1,'Dr.',NULL,NULL),(886,42,0,'Mr.',NULL,NULL),(887,2,1,'Mrs.',NULL,NULL),(888,77,0,'Dr.',NULL,NULL),(889,40,0,'Prof.',NULL,NULL),(890,13,0,'Dr.',NULL,NULL),(891,95,0,'Dr.',NULL,NULL),(892,7,1,'Dr.',NULL,NULL),(893,98,1,'Mr.',NULL,NULL),(894,86,0,'Mr.',NULL,NULL),(895,20,0,'Dr.',NULL,NULL),(896,48,0,'Prof.',NULL,NULL),(897,54,0,'Prof.',NULL,NULL),(898,42,0,'Prof.',NULL,NULL),(899,26,0,'Prof.',NULL,NULL),(900,79,0,'Prof.',NULL,NULL),(901,90,0,'Prof.',NULL,NULL),(902,35,1,'Dr.',NULL,NULL),(903,11,1,'Dr.',NULL,NULL),(904,67,0,'Miss',NULL,NULL),(905,90,0,'Ms.',NULL,NULL),(906,43,0,'Miss',NULL,NULL),(907,74,1,'Prof.',NULL,NULL),(908,82,1,'Prof.',NULL,NULL),(909,4,1,'Dr.',NULL,NULL),(910,24,1,'Dr.',NULL,NULL),(911,36,0,'Mr.',NULL,NULL),(912,35,1,'Ms.',NULL,NULL),(913,41,0,'Prof.',NULL,NULL),(914,31,0,'Ms.',NULL,NULL),(915,15,1,'Dr.',NULL,NULL),(916,80,0,'Dr.',NULL,NULL),(917,91,1,'Dr.',NULL,NULL),(918,5,1,'Prof.',NULL,NULL),(919,91,0,'Mr.',NULL,NULL),(920,25,0,'Prof.',NULL,NULL),(921,4,0,'Dr.',NULL,NULL),(922,41,1,'Dr.',NULL,NULL),(923,36,0,'Dr.',NULL,NULL),(924,35,0,'Mr.',NULL,NULL),(925,82,0,'Miss',NULL,NULL),(926,46,0,'Mr.',NULL,NULL),(927,37,0,'Dr.',NULL,NULL),(928,85,1,'Mr.',NULL,NULL),(929,86,0,'Prof.',NULL,NULL),(930,82,0,'Prof.',NULL,NULL),(931,44,0,'Dr.',NULL,NULL),(932,38,0,'Miss',NULL,NULL),(933,66,1,'Prof.',NULL,NULL),(934,4,1,'Prof.',NULL,NULL),(935,59,0,'Ms.',NULL,NULL),(936,35,1,'Mrs.',NULL,NULL),(937,3,0,'Miss',NULL,NULL),(938,23,1,'Prof.',NULL,NULL),(939,75,1,'Mr.',NULL,NULL),(940,3,0,'Dr.',NULL,NULL),(941,15,1,'Dr.',NULL,NULL),(942,9,1,'Ms.',NULL,NULL),(943,31,0,'Dr.',NULL,NULL),(944,25,1,'Prof.',NULL,NULL),(945,50,0,'Dr.',NULL,NULL),(946,49,1,'Prof.',NULL,NULL),(947,92,0,'Prof.',NULL,NULL),(948,44,0,'Prof.',NULL,NULL),(949,88,0,'Prof.',NULL,NULL),(950,100,0,'Dr.',NULL,NULL),(951,95,1,'Mr.',NULL,NULL),(952,47,0,'Ms.',NULL,NULL),(953,37,1,'Prof.',NULL,NULL),(954,88,0,'Mr.',NULL,NULL),(955,17,1,'Prof.',NULL,NULL),(956,71,0,'Miss',NULL,NULL),(957,31,0,'Mrs.',NULL,NULL),(958,53,0,'Dr.',NULL,NULL),(959,40,0,'Dr.',NULL,NULL),(960,8,0,'Mrs.',NULL,NULL),(961,36,0,'Dr.',NULL,NULL),(962,17,1,'Miss',NULL,NULL),(963,33,0,'Prof.',NULL,NULL),(964,22,0,'Mrs.',NULL,NULL),(965,28,1,'Ms.',NULL,NULL),(966,39,0,'Dr.',NULL,NULL),(967,76,0,'Prof.',NULL,NULL),(968,27,0,'Mrs.',NULL,NULL),(969,27,1,'Miss',NULL,NULL),(970,57,1,'Dr.',NULL,NULL),(971,37,1,'Mrs.',NULL,NULL),(972,74,1,'Dr.',NULL,NULL),(973,96,0,'Ms.',NULL,NULL),(974,28,0,'Mr.',NULL,NULL),(975,90,0,'Miss',NULL,NULL),(976,63,0,'Dr.',NULL,NULL),(977,68,1,'Dr.',NULL,NULL),(978,14,1,'Prof.',NULL,NULL),(979,28,0,'Mr.',NULL,NULL),(980,30,0,'Mr.',NULL,NULL),(981,5,0,'Prof.',NULL,NULL),(982,70,1,'Dr.',NULL,NULL),(983,15,0,'Dr.',NULL,NULL),(984,85,1,'Ms.',NULL,NULL),(985,44,0,'Prof.',NULL,NULL),(986,99,1,'Prof.',NULL,NULL),(987,36,0,'Prof.',NULL,NULL),(988,21,0,'Ms.',NULL,NULL),(989,91,0,'Mr.',NULL,NULL),(990,79,1,'Mrs.',NULL,NULL),(991,40,1,'Dr.',NULL,NULL),(992,57,1,'Mrs.',NULL,NULL),(993,25,1,'Dr.',NULL,NULL),(994,88,1,'Mr.',NULL,NULL),(995,44,0,'Ms.',NULL,NULL),(996,15,0,'Prof.',NULL,NULL),(997,56,1,'Miss',NULL,NULL),(998,64,0,'Mrs.',NULL,NULL),(999,38,1,'Miss',NULL,NULL),(1000,10,1,'Dr.',NULL,NULL),(1001,19,0,'Dr.','2019-04-19 02:07:41',NULL),(1002,87,0,'Prof.','2019-04-19 02:07:41',NULL),(1003,60,0,'Prof.','2019-04-19 02:07:42',NULL),(1004,84,0,'Dr.','2019-04-19 02:07:42',NULL),(1005,22,1,'Dr.','2019-04-19 02:07:42',NULL),(1006,65,0,'Miss','2019-04-19 02:07:42',NULL),(1007,11,1,'Mr.','2019-04-19 02:07:42',NULL),(1008,22,0,'Mrs.','2019-04-19 02:07:42',NULL),(1009,75,0,'Mr.','2019-04-19 02:07:42',NULL),(1010,53,0,'Mrs.','2019-04-19 02:07:42',NULL),(1011,64,1,'Ms.','2019-04-19 02:07:42',NULL),(1012,56,1,'Miss','2019-04-19 02:07:43',NULL),(1013,70,1,'Prof.','2019-04-19 02:07:43',NULL),(1014,10,1,'Ms.','2019-04-19 02:07:43',NULL),(1015,64,1,'Miss','2019-04-19 02:07:43',NULL),(1016,30,1,'Ms.','2019-04-19 02:07:43',NULL),(1017,39,0,'Prof.','2019-04-19 02:07:43',NULL),(1018,100,0,'Prof.','2019-04-19 02:07:43',NULL),(1019,45,1,'Mr.','2019-04-19 02:07:43',NULL),(1020,52,1,'Dr.','2019-04-19 02:07:43',NULL),(1021,46,0,'Mr.','2019-04-19 02:07:44',NULL),(1022,2,1,'Prof.','2019-04-19 02:07:44',NULL),(1023,84,0,'Mr.','2019-04-19 02:07:44',NULL),(1024,89,0,'Prof.','2019-04-19 02:07:44',NULL),(1025,14,0,'Mr.','2019-04-19 02:07:44',NULL),(1026,47,1,'Prof.','2019-04-19 02:07:44',NULL),(1027,76,1,'Miss','2019-04-19 02:07:44',NULL),(1028,50,1,'Dr.','2019-04-19 02:07:44',NULL),(1029,54,1,'Prof.','2019-04-19 02:07:44',NULL),(1030,77,1,'Mr.','2019-04-19 02:07:45',NULL),(1031,50,0,'Mr.','2019-04-19 02:07:45',NULL),(1032,2,1,'Prof.','2019-04-19 02:07:45',NULL),(1033,10,1,'Mr.','2019-04-19 02:07:45',NULL),(1034,5,0,'Mr.','2019-04-19 02:07:45',NULL),(1035,99,1,'Miss','2019-04-19 02:07:45',NULL),(1036,92,0,'Ms.','2019-04-19 02:07:45',NULL),(1037,99,1,'Miss','2019-04-19 02:07:45',NULL),(1038,54,1,'Mr.','2019-04-19 02:07:45',NULL),(1039,8,1,'Prof.','2019-04-19 02:07:46',NULL),(1040,8,1,'Mrs.','2019-04-19 02:07:46',NULL),(1041,67,1,'Prof.','2019-04-19 02:07:46',NULL),(1042,69,1,'Prof.','2019-04-19 02:07:46',NULL),(1043,64,0,'Ms.','2019-04-19 02:07:46',NULL),(1044,44,0,'Ms.','2019-04-19 02:07:46',NULL),(1045,81,1,'Mr.','2019-04-19 02:07:46',NULL),(1046,98,0,'Mrs.','2019-04-19 02:07:46',NULL),(1047,81,0,'Dr.','2019-04-19 02:07:47',NULL),(1048,41,1,'Prof.','2019-04-19 02:07:47',NULL),(1049,73,0,'Mrs.','2019-04-19 02:07:47',NULL),(1050,8,1,'Dr.','2019-04-19 02:07:47',NULL),(1051,82,0,'Mr.','2019-04-19 02:07:47',NULL),(1052,5,1,'Prof.','2019-04-19 02:07:47',NULL),(1053,88,0,'Mrs.','2019-04-19 02:07:47',NULL),(1054,62,1,'Mr.','2019-04-19 02:07:47',NULL),(1055,23,0,'Mr.','2019-04-19 02:07:48',NULL),(1056,91,0,'Mrs.','2019-04-19 02:07:48',NULL),(1057,30,0,'Prof.','2019-04-19 02:07:48',NULL),(1058,98,1,'Mr.','2019-04-19 02:07:48',NULL),(1059,94,1,'Miss','2019-04-19 02:07:48',NULL),(1060,17,1,'Dr.','2019-04-19 02:07:48',NULL),(1061,42,0,'Dr.','2019-04-19 02:07:48',NULL),(1062,3,0,'Mrs.','2019-04-19 02:07:48',NULL),(1063,26,1,'Dr.','2019-04-19 02:07:48',NULL),(1064,29,1,'Prof.','2019-04-19 02:07:49',NULL),(1065,14,1,'Mrs.','2019-04-19 02:07:49',NULL),(1066,96,0,'Miss','2019-04-19 02:07:49',NULL),(1067,71,0,'Prof.','2019-04-19 02:07:49',NULL),(1068,20,1,'Dr.','2019-04-19 02:07:49',NULL),(1069,57,0,'Mr.','2019-04-19 02:07:49',NULL),(1070,63,1,'Prof.','2019-04-19 02:07:49',NULL),(1071,38,0,'Dr.','2019-04-19 02:07:49',NULL),(1072,31,0,'Miss','2019-04-19 02:07:50',NULL),(1073,64,0,'Ms.','2019-04-19 02:07:50',NULL),(1074,74,0,'Dr.','2019-04-19 02:07:50',NULL),(1075,89,0,'Ms.','2019-04-19 02:07:50',NULL),(1076,74,1,'Mrs.','2019-04-19 02:07:50',NULL),(1077,31,1,'Dr.','2019-04-19 02:07:50',NULL),(1078,96,1,'Dr.','2019-04-19 02:07:50',NULL),(1079,38,0,'Dr.','2019-04-19 02:07:50',NULL),(1080,55,1,'Prof.','2019-04-19 02:07:50',NULL),(1081,58,1,'Ms.','2019-04-19 02:07:50',NULL),(1082,75,0,'Ms.','2019-04-19 02:07:50',NULL),(1083,5,1,'Prof.','2019-04-19 02:07:51',NULL),(1084,7,1,'Mrs.','2019-04-19 02:07:51',NULL),(1085,94,0,'Mr.','2019-04-19 02:07:51',NULL),(1086,94,0,'Dr.','2019-04-19 02:07:51',NULL),(1087,52,0,'Mr.','2019-04-19 02:07:51',NULL),(1088,26,1,'Miss','2019-04-19 02:07:51',NULL),(1089,83,1,'Miss','2019-04-19 02:07:51',NULL),(1090,31,1,'Ms.','2019-04-19 02:07:52',NULL),(1091,5,0,'Mr.','2019-04-19 02:07:52',NULL),(1092,52,1,'Mr.','2019-04-19 02:07:52',NULL),(1093,8,1,'Mr.','2019-04-19 02:07:52',NULL),(1094,59,1,'Ms.','2019-04-19 02:07:53',NULL),(1095,20,1,'Miss','2019-04-19 02:07:53',NULL),(1096,17,0,'Mr.','2019-04-19 02:07:53',NULL),(1097,72,0,'Miss','2019-04-19 02:07:53',NULL),(1098,27,0,'Dr.','2019-04-19 02:07:53',NULL),(1099,89,1,'Dr.','2019-04-19 02:07:53',NULL),(1100,26,1,'Dr.','2019-04-19 02:07:53',NULL),(1101,82,1,'Prof.','2019-04-19 02:07:53',NULL),(1102,5,1,'Dr.','2019-04-19 02:07:53',NULL),(1103,21,1,'Ms.','2019-04-19 02:07:54',NULL),(1104,88,1,'Dr.','2019-04-19 02:07:54',NULL),(1105,94,0,'Ms.','2019-04-19 02:07:54',NULL),(1106,1,1,'Miss','2019-04-19 02:07:54',NULL),(1107,86,0,'Prof.','2019-04-19 02:07:54',NULL),(1108,13,0,'Dr.','2019-04-19 02:07:54',NULL),(1109,18,0,'Dr.','2019-04-19 02:07:54',NULL),(1110,47,1,'Prof.','2019-04-19 02:07:54',NULL),(1111,98,1,'Prof.','2019-04-19 02:07:54',NULL),(1112,1,1,'Prof.','2019-04-19 02:07:55',NULL),(1113,96,1,'Prof.','2019-04-19 02:07:55',NULL),(1114,48,0,'Prof.','2019-04-19 02:07:55',NULL),(1115,26,1,'Dr.','2019-04-19 02:07:55',NULL),(1116,73,0,'Dr.','2019-04-19 02:07:55',NULL),(1117,38,1,'Dr.','2019-04-19 02:07:55',NULL),(1118,44,0,'Miss','2019-04-19 02:07:55',NULL),(1119,30,1,'Mrs.','2019-04-19 02:07:55',NULL),(1120,41,0,'Prof.','2019-04-19 02:07:55',NULL),(1121,8,0,'Dr.','2019-04-19 02:07:55',NULL),(1122,46,0,'Miss','2019-04-19 02:07:56',NULL),(1123,18,1,'Prof.','2019-04-19 02:07:56',NULL),(1124,67,0,'Prof.','2019-04-19 02:07:56',NULL),(1125,40,1,'Mrs.','2019-04-19 02:07:56',NULL),(1126,77,1,'Dr.','2019-04-19 02:07:56',NULL),(1127,24,1,'Prof.','2019-04-19 02:07:56',NULL),(1128,52,1,'Mrs.','2019-04-19 02:07:56',NULL),(1129,90,1,'Mrs.','2019-04-19 02:07:57',NULL),(1130,81,1,'Dr.','2019-04-19 02:07:57',NULL),(1131,97,1,'Dr.','2019-04-19 02:07:57',NULL),(1132,68,1,'Dr.','2019-04-19 02:07:57',NULL),(1133,2,1,'Miss','2019-04-19 02:07:57',NULL),(1134,97,0,'Prof.','2019-04-19 02:07:57',NULL),(1135,41,1,'Dr.','2019-04-19 02:07:57',NULL),(1136,22,1,'Mr.','2019-04-19 02:07:57',NULL),(1137,96,1,'Mrs.','2019-04-19 02:07:57',NULL),(1138,21,1,'Mr.','2019-04-19 02:07:58',NULL),(1139,41,1,'Prof.','2019-04-19 02:07:58',NULL),(1140,46,1,'Ms.','2019-04-19 02:07:58',NULL),(1141,29,1,'Miss','2019-04-19 02:07:58',NULL),(1142,50,0,'Mr.','2019-04-19 02:07:58',NULL),(1143,87,0,'Prof.','2019-04-19 02:07:58',NULL),(1144,27,0,'Mrs.','2019-04-19 02:07:58',NULL),(1145,55,0,'Dr.','2019-04-19 02:07:58',NULL),(1146,10,1,'Dr.','2019-04-19 02:07:58',NULL),(1147,16,1,'Prof.','2019-04-19 02:07:58',NULL),(1148,90,0,'Mr.','2019-04-19 02:07:59',NULL),(1149,91,0,'Mr.','2019-04-19 02:07:59',NULL),(1150,94,1,'Dr.','2019-04-19 02:07:59',NULL),(1151,22,0,'Miss','2019-04-19 02:07:59',NULL),(1152,51,1,'Prof.','2019-04-19 02:07:59',NULL),(1153,70,1,'Ms.','2019-04-19 02:07:59',NULL),(1154,83,0,'Mr.','2019-04-19 02:07:59',NULL),(1155,93,0,'Prof.','2019-04-19 02:07:59',NULL),(1156,31,0,'Mr.','2019-04-19 02:07:59',NULL),(1157,91,0,'Prof.','2019-04-19 02:08:00',NULL),(1158,69,0,'Dr.','2019-04-19 02:08:00',NULL),(1159,74,1,'Mr.','2019-04-19 02:08:00',NULL),(1160,79,1,'Dr.','2019-04-19 02:08:00',NULL),(1161,6,0,'Miss','2019-04-19 02:08:00',NULL),(1162,14,1,'Ms.','2019-04-19 02:08:00',NULL),(1163,5,0,'Dr.','2019-04-19 02:08:00',NULL),(1164,59,1,'Ms.','2019-04-19 02:08:00',NULL),(1165,58,0,'Dr.','2019-04-19 02:08:00',NULL),(1166,47,1,'Dr.','2019-04-19 02:08:00',NULL),(1167,22,0,'Ms.','2019-04-19 02:08:01',NULL),(1168,98,1,'Mr.','2019-04-19 02:08:01',NULL),(1169,26,0,'Dr.','2019-04-19 02:08:01',NULL),(1170,1,0,'Miss','2019-04-19 02:08:01',NULL),(1171,89,0,'Miss','2019-04-19 02:08:01',NULL),(1172,37,1,'Mrs.','2019-04-19 02:08:01',NULL),(1173,79,0,'Mrs.','2019-04-19 02:08:01',NULL),(1174,55,0,'Prof.','2019-04-19 02:08:01',NULL),(1175,23,0,'Ms.','2019-04-19 02:08:01',NULL),(1176,82,1,'Mr.','2019-04-19 02:08:01',NULL),(1177,66,0,'Dr.','2019-04-19 02:08:01',NULL),(1178,58,0,'Prof.','2019-04-19 02:08:02',NULL),(1179,61,1,'Ms.','2019-04-19 02:08:02',NULL),(1180,90,1,'Prof.','2019-04-19 02:08:02',NULL),(1181,56,1,'Dr.','2019-04-19 02:08:02',NULL),(1182,40,1,'Dr.','2019-04-19 02:08:02',NULL),(1183,66,1,'Dr.','2019-04-19 02:08:02',NULL),(1184,49,1,'Mrs.','2019-04-19 02:08:02',NULL),(1185,24,0,'Prof.','2019-04-19 02:08:02',NULL),(1186,18,0,'Dr.','2019-04-19 02:08:03',NULL),(1187,57,0,'Dr.','2019-04-19 02:08:03',NULL),(1188,11,0,'Dr.','2019-04-19 02:08:03',NULL),(1189,10,1,'Prof.','2019-04-19 02:08:03',NULL),(1190,11,0,'Miss','2019-04-19 02:08:03',NULL),(1191,41,1,'Mr.','2019-04-19 02:08:03',NULL),(1192,82,1,'Prof.','2019-04-19 02:08:03',NULL),(1193,37,1,'Prof.','2019-04-19 02:08:03',NULL),(1194,95,0,'Mr.','2019-04-19 02:08:04',NULL),(1195,16,1,'Dr.','2019-04-19 02:08:04',NULL),(1196,14,0,'Prof.','2019-04-19 02:08:04',NULL),(1197,61,1,'Dr.','2019-04-19 02:08:04',NULL),(1198,16,0,'Mr.','2019-04-19 02:08:04',NULL),(1199,30,1,'Mr.','2019-04-19 02:08:04',NULL),(1200,89,1,'Mr.','2019-04-19 02:08:04',NULL),(1201,82,1,'Mr.','2019-04-19 02:08:04',NULL),(1202,22,0,'Mr.','2019-04-19 02:08:04',NULL),(1203,30,1,'Miss','2019-04-19 02:08:04',NULL),(1204,44,1,'Prof.','2019-04-19 02:08:05',NULL),(1205,54,1,'Mrs.','2019-04-19 02:08:05',NULL),(1206,62,0,'Dr.','2019-04-19 02:08:05',NULL),(1207,56,0,'Prof.','2019-04-19 02:08:05',NULL),(1208,47,0,'Mrs.','2019-04-19 02:08:05',NULL),(1209,98,0,'Prof.','2019-04-19 02:08:05',NULL),(1210,3,1,'Dr.','2019-04-19 02:08:05',NULL),(1211,43,0,'Miss','2019-04-19 02:08:05',NULL),(1212,68,1,'Dr.','2019-04-19 02:08:06',NULL),(1213,70,1,'Dr.','2019-04-19 02:08:06',NULL),(1214,62,1,'Dr.','2019-04-19 02:08:06',NULL),(1215,68,1,'Dr.','2019-04-19 02:08:06',NULL),(1216,8,0,'Mr.','2019-04-19 02:08:06',NULL),(1217,62,1,'Prof.','2019-04-19 02:08:06',NULL),(1218,11,0,'Prof.','2019-04-19 02:08:06',NULL),(1219,46,0,'Mr.','2019-04-19 02:08:06',NULL),(1220,35,1,'Ms.','2019-04-19 02:08:07',NULL),(1221,96,1,'Dr.','2019-04-19 02:08:07',NULL),(1222,76,1,'Dr.','2019-04-19 02:08:07',NULL),(1223,58,0,'Dr.','2019-04-19 02:08:07',NULL),(1224,22,1,'Prof.','2019-04-19 02:08:07',NULL),(1225,76,0,'Prof.','2019-04-19 02:08:07',NULL),(1226,50,0,'Mr.','2019-04-19 02:08:08',NULL),(1227,67,0,'Mr.','2019-04-19 02:08:08',NULL),(1228,24,0,'Dr.','2019-04-19 02:08:08',NULL),(1229,31,1,'Miss','2019-04-19 02:08:08',NULL),(1230,27,0,'Prof.','2019-04-19 02:08:08',NULL),(1231,50,0,'Ms.','2019-04-19 02:08:08',NULL),(1232,12,1,'Ms.','2019-04-19 02:08:08',NULL),(1233,56,1,'Mrs.','2019-04-19 02:08:08',NULL),(1234,51,1,'Dr.','2019-04-19 02:08:08',NULL),(1235,53,1,'Dr.','2019-04-19 02:08:09',NULL),(1236,80,0,'Prof.','2019-04-19 02:08:09',NULL),(1237,59,0,'Dr.','2019-04-19 02:08:09',NULL),(1238,55,0,'Miss','2019-04-19 02:08:09',NULL),(1239,69,0,'Dr.','2019-04-19 02:08:09',NULL),(1240,36,0,'Mr.','2019-04-19 02:08:09',NULL),(1241,35,0,'Miss','2019-04-19 02:08:09',NULL),(1242,88,0,'Prof.','2019-04-19 02:08:09',NULL),(1243,10,0,'Mrs.','2019-04-19 02:08:09',NULL),(1244,37,1,'Prof.','2019-04-19 02:08:10',NULL),(1245,73,1,'Miss','2019-04-19 02:08:10',NULL),(1246,54,1,'Prof.','2019-04-19 02:08:10',NULL),(1247,95,1,'Dr.','2019-04-19 02:08:10',NULL),(1248,47,0,'Dr.','2019-04-19 02:08:10',NULL),(1249,15,0,'Dr.','2019-04-19 02:08:10',NULL),(1250,24,0,'Prof.','2019-04-19 02:08:10',NULL),(1251,27,0,'Mrs.','2019-04-19 02:08:10',NULL),(1252,100,1,'Mr.','2019-04-19 02:08:10',NULL),(1253,34,1,'Prof.','2019-04-19 02:08:11',NULL),(1254,11,0,'Prof.','2019-04-19 02:08:11',NULL),(1255,15,1,'Miss','2019-04-19 02:08:11',NULL),(1256,28,1,'Prof.','2019-04-19 02:08:11',NULL),(1257,36,1,'Prof.','2019-04-19 02:08:11',NULL),(1258,33,1,'Dr.','2019-04-19 02:08:11',NULL),(1259,55,0,'Mr.','2019-04-19 02:08:11',NULL),(1260,65,0,'Prof.','2019-04-19 02:08:11',NULL),(1261,39,0,'Dr.','2019-04-19 02:08:11',NULL),(1262,54,0,'Miss','2019-04-19 02:08:11',NULL),(1263,50,0,'Mrs.','2019-04-19 02:08:12',NULL),(1264,63,0,'Dr.','2019-04-19 02:08:12',NULL),(1265,37,0,'Mr.','2019-04-19 02:08:12',NULL),(1266,82,0,'Ms.','2019-04-19 02:08:12',NULL),(1267,64,1,'Mrs.','2019-04-19 02:08:12',NULL),(1268,30,1,'Ms.','2019-04-19 02:08:12',NULL),(1269,55,1,'Prof.','2019-04-19 02:08:12',NULL),(1270,88,1,'Miss','2019-04-19 02:08:12',NULL),(1271,40,0,'Prof.','2019-04-19 02:08:13',NULL),(1272,77,0,'Prof.','2019-04-19 02:08:13',NULL),(1273,28,1,'Prof.','2019-04-19 02:08:13',NULL),(1274,47,1,'Prof.','2019-04-19 02:08:13',NULL),(1275,22,0,'Prof.','2019-04-19 02:08:13',NULL),(1276,96,1,'Prof.','2019-04-19 02:08:13',NULL),(1277,7,0,'Prof.','2019-04-19 02:08:14',NULL),(1278,63,0,'Dr.','2019-04-19 02:08:14',NULL),(1279,89,1,'Miss','2019-04-19 02:08:14',NULL),(1280,41,1,'Miss','2019-04-19 02:08:14',NULL),(1281,45,1,'Prof.','2019-04-19 02:08:14',NULL),(1282,96,0,'Ms.','2019-04-19 02:08:14',NULL),(1283,42,1,'Mrs.','2019-04-19 02:08:14',NULL),(1284,17,1,'Miss','2019-04-19 02:08:15',NULL),(1285,95,1,'Miss','2019-04-19 02:08:15',NULL),(1286,80,0,'Dr.','2019-04-19 02:08:15',NULL),(1287,8,0,'Mr.','2019-04-19 02:08:15',NULL),(1288,69,1,'Prof.','2019-04-19 02:08:15',NULL),(1289,44,1,'Mrs.','2019-04-19 02:08:15',NULL),(1290,1,0,'Dr.','2019-04-19 02:08:15',NULL),(1291,79,0,'Mrs.','2019-04-19 02:08:15',NULL),(1292,24,0,'Dr.','2019-04-19 02:08:15',NULL),(1293,12,0,'Mr.','2019-04-19 02:08:15',NULL),(1294,37,0,'Prof.','2019-04-19 02:08:15',NULL),(1295,59,1,'Miss','2019-04-19 02:08:16',NULL),(1296,91,1,'Ms.','2019-04-19 02:08:16',NULL),(1297,3,0,'Miss','2019-04-19 02:08:16',NULL),(1298,93,0,'Dr.','2019-04-19 02:08:16',NULL),(1299,41,0,'Mrs.','2019-04-19 02:08:16',NULL),(1300,26,1,'Dr.','2019-04-19 02:08:16',NULL),(1301,92,0,'Ms.','2019-04-19 02:08:16',NULL),(1302,55,1,'Prof.','2019-04-19 02:08:16',NULL),(1303,89,0,'Ms.','2019-04-19 02:08:16',NULL),(1304,68,1,'Ms.','2019-04-19 02:08:16',NULL),(1305,96,0,'Mr.','2019-04-19 02:08:17',NULL),(1306,34,1,'Prof.','2019-04-19 02:08:17',NULL),(1307,71,1,'Prof.','2019-04-19 02:08:17',NULL),(1308,34,0,'Prof.','2019-04-19 02:08:17',NULL),(1309,9,1,'Ms.','2019-04-19 02:08:17',NULL),(1310,82,1,'Prof.','2019-04-19 02:08:17',NULL),(1311,11,0,'Mr.','2019-04-19 02:08:17',NULL),(1312,32,0,'Prof.','2019-04-19 02:08:17',NULL),(1313,29,1,'Prof.','2019-04-19 02:08:17',NULL),(1314,8,0,'Prof.','2019-04-19 02:08:17',NULL),(1315,44,1,'Prof.','2019-04-19 02:08:18',NULL),(1316,30,0,'Dr.','2019-04-19 02:08:18',NULL),(1317,21,0,'Prof.','2019-04-19 02:08:18',NULL),(1318,3,0,'Dr.','2019-04-19 02:08:18',NULL),(1319,70,1,'Mr.','2019-04-19 02:08:18',NULL),(1320,59,1,'Dr.','2019-04-19 02:08:18',NULL),(1321,12,1,'Mr.','2019-04-19 02:08:18',NULL),(1322,67,0,'Dr.','2019-04-19 02:08:18',NULL),(1323,75,0,'Prof.','2019-04-19 02:08:18',NULL),(1324,26,1,'Prof.','2019-04-19 02:08:18',NULL),(1325,17,0,'Mr.','2019-04-19 02:08:19',NULL),(1326,32,0,'Miss','2019-04-19 02:08:19',NULL),(1327,99,0,'Ms.','2019-04-19 02:08:19',NULL),(1328,65,1,'Dr.','2019-04-19 02:08:19',NULL),(1329,50,0,'Prof.','2019-04-19 02:08:19',NULL),(1330,17,1,'Miss','2019-04-19 02:08:19',NULL),(1331,63,0,'Prof.','2019-04-19 02:08:19',NULL),(1332,11,1,'Mr.','2019-04-19 02:08:19',NULL),(1333,66,0,'Prof.','2019-04-19 02:08:19',NULL),(1334,62,0,'Ms.','2019-04-19 02:08:19',NULL),(1335,6,0,'Dr.','2019-04-19 02:08:20',NULL),(1336,52,0,'Prof.','2019-04-19 02:08:20',NULL),(1337,26,0,'Prof.','2019-04-19 02:08:20',NULL),(1338,40,1,'Prof.','2019-04-19 02:08:20',NULL),(1339,68,1,'Miss','2019-04-19 02:08:20',NULL),(1340,36,0,'Prof.','2019-04-19 02:08:20',NULL),(1341,30,1,'Prof.','2019-04-19 02:08:20',NULL),(1342,35,1,'Miss','2019-04-19 02:08:20',NULL),(1343,98,0,'Mrs.','2019-04-19 02:08:20',NULL),(1344,18,1,'Miss','2019-04-19 02:08:20',NULL),(1345,15,0,'Mrs.','2019-04-19 02:08:21',NULL),(1346,50,0,'Mrs.','2019-04-19 02:08:21',NULL),(1347,62,0,'Miss','2019-04-19 02:08:21',NULL),(1348,68,0,'Mr.','2019-04-19 02:08:21',NULL),(1349,39,0,'Prof.','2019-04-19 02:08:21',NULL),(1350,30,0,'Ms.','2019-04-19 02:08:22',NULL),(1351,3,0,'Dr.','2019-04-19 02:08:22',NULL),(1352,15,1,'Mr.','2019-04-19 02:08:22',NULL),(1353,18,0,'Mr.','2019-04-19 02:08:22',NULL),(1354,39,1,'Prof.','2019-04-19 02:08:22',NULL),(1355,78,1,'Prof.','2019-04-19 02:08:22',NULL),(1356,89,0,'Prof.','2019-04-19 02:08:22',NULL),(1357,11,1,'Dr.','2019-04-19 02:08:23',NULL),(1358,14,0,'Mrs.','2019-04-19 02:08:23',NULL),(1359,4,1,'Ms.','2019-04-19 02:08:23',NULL),(1360,37,0,'Mr.','2019-04-19 02:08:23',NULL),(1361,12,0,'Prof.','2019-04-19 02:08:23',NULL),(1362,86,1,'Prof.','2019-04-19 02:08:23',NULL),(1363,68,0,'Mr.','2019-04-19 02:08:23',NULL),(1364,81,0,'Mrs.','2019-04-19 02:08:23',NULL),(1365,81,0,'Ms.','2019-04-19 02:08:23',NULL),(1366,56,1,'Ms.','2019-04-19 02:08:23',NULL),(1367,85,1,'Mrs.','2019-04-19 02:08:24',NULL),(1368,82,0,'Dr.','2019-04-19 02:08:24',NULL),(1369,18,0,'Mr.','2019-04-19 02:08:24',NULL),(1370,28,1,'Prof.','2019-04-19 02:08:24',NULL),(1371,91,1,'Dr.','2019-04-19 02:08:24',NULL),(1372,64,1,'Prof.','2019-04-19 02:08:24',NULL),(1373,65,1,'Dr.','2019-04-19 02:08:24',NULL),(1374,64,1,'Prof.','2019-04-19 02:08:24',NULL),(1375,18,0,'Dr.','2019-04-19 02:08:24',NULL),(1376,7,0,'Dr.','2019-04-19 02:08:24',NULL),(1377,18,0,'Mrs.','2019-04-19 02:08:25',NULL),(1378,98,1,'Prof.','2019-04-19 02:08:25',NULL),(1379,86,1,'Prof.','2019-04-19 02:08:25',NULL),(1380,27,1,'Dr.','2019-04-19 02:08:25',NULL),(1381,13,1,'Miss','2019-04-19 02:08:25',NULL),(1382,54,1,'Prof.','2019-04-19 02:08:25',NULL),(1383,24,0,'Ms.','2019-04-19 02:08:25',NULL),(1384,92,0,'Mrs.','2019-04-19 02:08:25',NULL),(1385,42,1,'Dr.','2019-04-19 02:08:25',NULL),(1386,82,0,'Mr.','2019-04-19 02:08:26',NULL),(1387,10,0,'Mr.','2019-04-19 02:08:26',NULL),(1388,74,1,'Ms.','2019-04-19 02:08:26',NULL),(1389,17,0,'Prof.','2019-04-19 02:08:26',NULL),(1390,1,1,'Mrs.','2019-04-19 02:08:26',NULL),(1391,94,1,'Ms.','2019-04-19 02:08:26',NULL),(1392,22,1,'Mr.','2019-04-19 02:08:26',NULL),(1393,10,0,'Mr.','2019-04-19 02:08:26',NULL),(1394,49,1,'Mrs.','2019-04-19 02:08:26',NULL),(1395,60,1,'Mr.','2019-04-19 02:08:26',NULL),(1396,15,1,'Mrs.','2019-04-19 02:08:27',NULL),(1397,3,1,'Mr.','2019-04-19 02:08:27',NULL),(1398,54,1,'Ms.','2019-04-19 02:08:27',NULL),(1399,16,0,'Dr.','2019-04-19 02:08:27',NULL),(1400,13,1,'Dr.','2019-04-19 02:08:27',NULL),(1401,86,1,'Dr.','2019-04-19 02:08:27',NULL),(1402,34,0,'Miss','2019-04-19 02:08:27',NULL),(1403,98,0,'Mr.','2019-04-19 02:08:27',NULL),(1404,94,0,'Dr.','2019-04-19 02:08:27',NULL),(1405,51,0,'Dr.','2019-04-19 02:08:27',NULL),(1406,9,1,'Dr.','2019-04-19 02:08:27',NULL),(1407,8,0,'Ms.','2019-04-19 02:08:28',NULL),(1408,43,0,'Prof.','2019-04-19 02:08:28',NULL),(1409,79,1,'Mr.','2019-04-19 02:08:28',NULL),(1410,2,1,'Mr.','2019-04-19 02:08:28',NULL),(1411,2,0,'Dr.','2019-04-19 02:08:28',NULL),(1412,34,1,'Miss','2019-04-19 02:08:28',NULL),(1413,67,1,'Mr.','2019-04-19 02:08:28',NULL),(1414,12,1,'Prof.','2019-04-19 02:08:28',NULL),(1415,44,1,'Ms.','2019-04-19 02:08:28',NULL),(1416,89,1,'Dr.','2019-04-19 02:08:29',NULL),(1417,45,0,'Miss','2019-04-19 02:08:29',NULL),(1418,26,1,'Miss','2019-04-19 02:08:29',NULL),(1419,83,1,'Prof.','2019-04-19 02:08:29',NULL),(1420,53,1,'Prof.','2019-04-19 02:08:29',NULL),(1421,72,0,'Ms.','2019-04-19 02:08:29',NULL),(1422,34,0,'Ms.','2019-04-19 02:08:30',NULL),(1423,43,0,'Ms.','2019-04-19 02:08:30',NULL),(1424,77,1,'Miss','2019-04-19 02:08:30',NULL),(1425,56,0,'Prof.','2019-04-19 02:08:30',NULL),(1426,16,0,'Dr.','2019-04-19 02:08:30',NULL),(1427,62,0,'Prof.','2019-04-19 02:08:30',NULL),(1428,56,0,'Miss','2019-04-19 02:08:30',NULL),(1429,67,0,'Miss','2019-04-19 02:08:30',NULL),(1430,71,0,'Miss','2019-04-19 02:08:30',NULL),(1431,70,1,'Prof.','2019-04-19 02:08:30',NULL),(1432,94,1,'Dr.','2019-04-19 02:08:31',NULL),(1433,51,1,'Ms.','2019-04-19 02:08:31',NULL),(1434,46,0,'Mr.','2019-04-19 02:08:31',NULL),(1435,81,1,'Prof.','2019-04-19 02:08:31',NULL),(1436,35,1,'Prof.','2019-04-19 02:08:31',NULL),(1437,98,1,'Dr.','2019-04-19 02:08:31',NULL),(1438,68,1,'Mr.','2019-04-19 02:08:31',NULL),(1439,73,0,'Prof.','2019-04-19 02:08:31',NULL),(1440,93,1,'Miss','2019-04-19 02:08:31',NULL),(1441,57,1,'Prof.','2019-04-19 02:08:32',NULL),(1442,68,1,'Dr.','2019-04-19 02:08:32',NULL),(1443,95,1,'Miss','2019-04-19 02:08:32',NULL),(1444,91,1,'Mrs.','2019-04-19 02:08:32',NULL),(1445,55,0,'Dr.','2019-04-19 02:08:32',NULL),(1446,86,1,'Prof.','2019-04-19 02:08:32',NULL),(1447,74,1,'Ms.','2019-04-19 02:08:32',NULL),(1448,76,1,'Dr.','2019-04-19 02:08:32',NULL),(1449,21,0,'Prof.','2019-04-19 02:08:32',NULL),(1450,33,1,'Dr.','2019-04-19 02:08:32',NULL),(1451,47,0,'Mrs.','2019-04-19 02:08:32',NULL),(1452,21,1,'Ms.','2019-04-19 02:08:33',NULL),(1453,57,0,'Ms.','2019-04-19 02:08:33',NULL),(1454,53,1,'Miss','2019-04-19 02:08:33',NULL),(1455,42,1,'Dr.','2019-04-19 02:08:33',NULL),(1456,37,0,'Mrs.','2019-04-19 02:08:33',NULL),(1457,94,0,'Miss','2019-04-19 02:08:33',NULL),(1458,2,1,'Miss','2019-04-19 02:08:33',NULL),(1459,9,1,'Mr.','2019-04-19 02:08:33',NULL),(1460,3,1,'Mrs.','2019-04-19 02:08:34',NULL),(1461,56,0,'Prof.','2019-04-19 02:08:34',NULL),(1462,59,1,'Ms.','2019-04-19 02:08:34',NULL),(1463,1,0,'Prof.','2019-04-19 02:08:34',NULL),(1464,76,0,'Prof.','2019-04-19 02:08:34',NULL),(1465,86,1,'Dr.','2019-04-19 02:08:34',NULL),(1466,2,0,'Prof.','2019-04-19 02:08:34',NULL),(1467,9,1,'Mr.','2019-04-19 02:08:34',NULL),(1468,9,0,'Dr.','2019-04-19 02:08:34',NULL),(1469,19,0,'Mr.','2019-04-19 02:08:34',NULL),(1470,96,0,'Dr.','2019-04-19 02:08:34',NULL),(1471,55,0,'Prof.','2019-04-19 02:08:35',NULL),(1472,96,1,'Ms.','2019-04-19 02:08:35',NULL),(1473,74,0,'Mr.','2019-04-19 02:08:35',NULL),(1474,88,0,'Dr.','2019-04-19 02:08:35',NULL),(1475,15,1,'Miss','2019-04-19 02:08:35',NULL),(1476,69,1,'Mrs.','2019-04-19 02:08:35',NULL),(1477,72,0,'Dr.','2019-04-19 02:08:35',NULL),(1478,68,1,'Ms.','2019-04-19 02:08:36',NULL),(1479,77,1,'Mr.','2019-04-19 02:08:36',NULL),(1480,40,0,'Prof.','2019-04-19 02:08:36',NULL),(1481,63,1,'Prof.','2019-04-19 02:08:36',NULL),(1482,76,0,'Ms.','2019-04-19 02:08:36',NULL),(1483,20,0,'Prof.','2019-04-19 02:08:36',NULL),(1484,76,1,'Prof.','2019-04-19 02:08:36',NULL),(1485,4,0,'Mr.','2019-04-19 02:08:37',NULL),(1486,81,1,'Dr.','2019-04-19 02:08:37',NULL),(1487,46,0,'Mrs.','2019-04-19 02:08:37',NULL),(1488,12,1,'Dr.','2019-04-19 02:08:37',NULL),(1489,48,0,'Ms.','2019-04-19 02:08:37',NULL),(1490,10,0,'Ms.','2019-04-19 02:08:37',NULL),(1491,23,1,'Dr.','2019-04-19 02:08:37',NULL),(1492,58,1,'Dr.','2019-04-19 02:08:37',NULL),(1493,31,0,'Dr.','2019-04-19 02:08:37',NULL),(1494,62,0,'Mr.','2019-04-19 02:08:37',NULL),(1495,79,0,'Ms.','2019-04-19 02:08:38',NULL),(1496,21,1,'Prof.','2019-04-19 02:08:38',NULL),(1497,96,1,'Prof.','2019-04-19 02:08:38',NULL),(1498,49,1,'Dr.','2019-04-19 02:08:38',NULL),(1499,96,1,'Prof.','2019-04-19 02:08:38',NULL),(1500,91,1,'Mr.','2019-04-19 02:08:38',NULL),(1501,36,0,'Miss','2019-04-19 02:08:38',NULL),(1502,18,0,'Dr.','2019-04-19 02:08:38',NULL),(1503,32,0,'Dr.','2019-04-19 02:08:39',NULL),(1504,43,1,'Mr.','2019-04-19 02:08:39',NULL),(1505,76,0,'Dr.','2019-04-19 02:08:39',NULL),(1506,93,1,'Dr.','2019-04-19 02:08:39',NULL),(1507,29,1,'Dr.','2019-04-19 02:08:39',NULL),(1508,37,1,'Dr.','2019-04-19 02:08:40',NULL),(1509,60,1,'Mr.','2019-04-19 02:08:40',NULL),(1510,78,0,'Prof.','2019-04-19 02:08:40',NULL),(1511,65,0,'Mrs.','2019-04-19 02:08:40',NULL),(1512,31,1,'Dr.','2019-04-19 02:08:40',NULL),(1513,3,0,'Dr.','2019-04-19 02:08:40',NULL),(1514,41,1,'Mrs.','2019-04-19 02:08:40',NULL),(1515,5,1,'Miss','2019-04-19 02:08:40',NULL),(1516,3,1,'Prof.','2019-04-19 02:08:40',NULL),(1517,83,1,'Prof.','2019-04-19 02:08:40',NULL),(1518,43,1,'Ms.','2019-04-19 02:08:41',NULL),(1519,47,1,'Dr.','2019-04-19 02:08:41',NULL),(1520,32,0,'Mr.','2019-04-19 02:08:41',NULL),(1521,70,1,'Mr.','2019-04-19 02:08:41',NULL),(1522,34,0,'Prof.','2019-04-19 02:08:41',NULL),(1523,83,1,'Mrs.','2019-04-19 02:08:41',NULL),(1524,20,1,'Dr.','2019-04-19 02:08:41',NULL),(1525,3,0,'Dr.','2019-04-19 02:08:41',NULL),(1526,74,0,'Dr.','2019-04-19 02:08:41',NULL),(1527,73,1,'Miss','2019-04-19 02:08:41',NULL),(1528,45,0,'Dr.','2019-04-19 02:08:42',NULL),(1529,63,1,'Mr.','2019-04-19 02:08:42',NULL),(1530,47,1,'Dr.','2019-04-19 02:08:42',NULL),(1531,6,0,'Mr.','2019-04-19 02:08:42',NULL),(1532,70,0,'Mrs.','2019-04-19 02:08:42',NULL),(1533,17,0,'Prof.','2019-04-19 02:08:42',NULL),(1534,77,0,'Dr.','2019-04-19 02:08:42',NULL),(1535,19,1,'Prof.','2019-04-19 02:08:42',NULL),(1536,82,1,'Dr.','2019-04-19 02:08:42',NULL),(1537,46,0,'Prof.','2019-04-19 02:08:42',NULL),(1538,25,1,'Dr.','2019-04-19 02:08:42',NULL),(1539,11,1,'Ms.','2019-04-19 02:08:43',NULL),(1540,61,1,'Prof.','2019-04-19 02:08:43',NULL),(1541,44,1,'Mr.','2019-04-19 02:08:43',NULL),(1542,70,0,'Ms.','2019-04-19 02:08:43',NULL),(1543,92,1,'Mr.','2019-04-19 02:08:44',NULL),(1544,47,1,'Prof.','2019-04-19 02:08:44',NULL),(1545,37,1,'Prof.','2019-04-19 02:08:44',NULL),(1546,37,0,'Miss','2019-04-19 02:08:44',NULL),(1547,10,0,'Prof.','2019-04-19 02:08:44',NULL),(1548,85,1,'Mr.','2019-04-19 02:08:44',NULL),(1549,48,1,'Prof.','2019-04-19 02:08:44',NULL),(1550,45,1,'Ms.','2019-04-19 02:08:44',NULL),(1551,40,0,'Miss','2019-04-19 02:08:45',NULL),(1552,78,0,'Prof.','2019-04-19 02:08:45',NULL),(1553,100,1,'Ms.','2019-04-19 02:08:45',NULL),(1554,63,0,'Ms.','2019-04-19 02:08:45',NULL),(1555,21,1,'Dr.','2019-04-19 02:08:45',NULL),(1556,75,0,'Miss','2019-04-19 02:08:45',NULL),(1557,4,0,'Dr.','2019-04-19 02:08:45',NULL),(1558,21,1,'Prof.','2019-04-19 02:08:45',NULL),(1559,30,0,'Mr.','2019-04-19 02:08:46',NULL),(1560,12,0,'Mrs.','2019-04-19 02:08:46',NULL),(1561,8,0,'Dr.','2019-04-19 02:08:46',NULL),(1562,28,0,'Ms.','2019-04-19 02:08:46',NULL),(1563,63,0,'Mrs.','2019-04-19 02:08:46',NULL),(1564,67,0,'Mr.','2019-04-19 02:08:46',NULL),(1565,8,1,'Ms.','2019-04-19 02:08:46',NULL),(1566,1,0,'Prof.','2019-04-19 02:08:46',NULL),(1567,3,0,'Mrs.','2019-04-19 02:08:46',NULL),(1568,87,1,'Prof.','2019-04-19 02:08:47',NULL),(1569,21,1,'Mr.','2019-04-19 02:08:47',NULL),(1570,78,1,'Miss','2019-04-19 02:08:47',NULL),(1571,38,1,'Mrs.','2019-04-19 02:08:47',NULL),(1572,17,1,'Mr.','2019-04-19 02:08:47',NULL),(1573,13,0,'Ms.','2019-04-19 02:08:47',NULL),(1574,78,0,'Ms.','2019-04-19 02:08:48',NULL),(1575,23,1,'Mr.','2019-04-19 02:08:48',NULL),(1576,92,0,'Dr.','2019-04-19 02:08:48',NULL),(1577,24,1,'Prof.','2019-04-19 02:08:48',NULL),(1578,10,0,'Mr.','2019-04-19 02:08:48',NULL),(1579,57,0,'Miss','2019-04-19 02:08:48',NULL),(1580,87,1,'Miss','2019-04-19 02:08:48',NULL),(1581,93,1,'Miss','2019-04-19 02:08:48',NULL),(1582,58,1,'Dr.','2019-04-19 02:08:49',NULL),(1583,82,1,'Prof.','2019-04-19 02:08:49',NULL),(1584,70,1,'Prof.','2019-04-19 02:08:49',NULL),(1585,19,1,'Dr.','2019-04-19 02:08:49',NULL),(1586,74,1,'Dr.','2019-04-19 02:08:49',NULL),(1587,44,0,'Prof.','2019-04-19 02:08:49',NULL),(1588,85,0,'Prof.','2019-04-19 02:08:49',NULL),(1589,72,1,'Mrs.','2019-04-19 02:08:49',NULL),(1590,18,1,'Prof.','2019-04-19 02:08:49',NULL),(1591,91,1,'Miss','2019-04-19 02:08:50',NULL),(1592,35,0,'Prof.','2019-04-19 02:08:50',NULL),(1593,44,0,'Miss','2019-04-19 02:08:50',NULL),(1594,31,0,'Dr.','2019-04-19 02:08:50',NULL),(1595,14,0,'Miss','2019-04-19 02:08:50',NULL),(1596,43,0,'Dr.','2019-04-19 02:08:50',NULL),(1597,91,0,'Ms.','2019-04-19 02:08:50',NULL),(1598,38,0,'Dr.','2019-04-19 02:08:50',NULL),(1599,38,0,'Prof.','2019-04-19 02:08:50',NULL),(1600,68,0,'Miss','2019-04-19 02:08:50',NULL),(1601,75,0,'Prof.','2019-04-19 02:08:51',NULL),(1602,83,0,'Prof.','2019-04-19 02:08:51',NULL),(1603,38,1,'Miss','2019-04-19 02:08:51',NULL),(1604,95,1,'Mr.','2019-04-19 02:08:51',NULL),(1605,87,1,'Prof.','2019-04-19 02:08:51',NULL),(1606,30,1,'Dr.','2019-04-19 02:08:52',NULL),(1607,25,1,'Dr.','2019-04-19 02:08:52',NULL),(1608,36,1,'Mrs.','2019-04-19 02:08:52',NULL),(1609,87,1,'Dr.','2019-04-19 02:08:52',NULL),(1610,93,1,'Prof.','2019-04-19 02:08:52',NULL),(1611,11,0,'Mr.','2019-04-19 02:08:52',NULL),(1612,27,1,'Prof.','2019-04-19 02:08:52',NULL),(1613,46,0,'Mr.','2019-04-19 02:08:53',NULL),(1614,59,1,'Ms.','2019-04-19 02:08:53',NULL),(1615,35,0,'Mr.','2019-04-19 02:08:53',NULL),(1616,31,0,'Ms.','2019-04-19 02:08:53',NULL),(1617,3,0,'Dr.','2019-04-19 02:08:53',NULL),(1618,76,1,'Mr.','2019-04-19 02:08:53',NULL),(1619,80,0,'Miss','2019-04-19 02:08:53',NULL),(1620,1,0,'Prof.','2019-04-19 02:08:53',NULL),(1621,59,0,'Mr.','2019-04-19 02:08:54',NULL),(1622,92,1,'Mrs.','2019-04-19 02:08:54',NULL),(1623,87,0,'Mrs.','2019-04-19 02:08:54',NULL),(1624,98,1,'Mr.','2019-04-19 02:08:54',NULL),(1625,92,1,'Mr.','2019-04-19 02:08:54',NULL),(1626,14,1,'Dr.','2019-04-19 02:08:54',NULL),(1627,14,0,'Dr.','2019-04-19 02:08:54',NULL),(1628,60,0,'Miss','2019-04-19 02:08:54',NULL),(1629,48,1,'Mr.','2019-04-19 02:08:54',NULL),(1630,40,1,'Prof.','2019-04-19 02:08:55',NULL),(1631,85,0,'Mrs.','2019-04-19 02:08:55',NULL),(1632,91,1,'Dr.','2019-04-19 02:08:55',NULL),(1633,75,0,'Prof.','2019-04-19 02:08:55',NULL),(1634,6,0,'Ms.','2019-04-19 02:08:55',NULL),(1635,68,1,'Prof.','2019-04-19 02:08:55',NULL),(1636,88,1,'Prof.','2019-04-19 02:08:55',NULL),(1637,94,0,'Prof.','2019-04-19 02:08:56',NULL),(1638,37,0,'Prof.','2019-04-19 02:08:56',NULL),(1639,61,0,'Mr.','2019-04-19 02:08:56',NULL),(1640,44,0,'Ms.','2019-04-19 02:08:56',NULL),(1641,14,0,'Mr.','2019-04-19 02:08:56',NULL),(1642,9,0,'Dr.','2019-04-19 02:08:56',NULL),(1643,20,1,'Prof.','2019-04-19 02:08:56',NULL),(1644,80,0,'Prof.','2019-04-19 02:08:56',NULL),(1645,15,1,'Mr.','2019-04-19 02:08:56',NULL),(1646,57,1,'Dr.','2019-04-19 02:08:56',NULL),(1647,32,1,'Dr.','2019-04-19 02:08:57',NULL),(1648,57,1,'Mr.','2019-04-19 02:08:57',NULL),(1649,45,1,'Prof.','2019-04-19 02:08:57',NULL),(1650,8,0,'Miss','2019-04-19 02:08:57',NULL),(1651,90,0,'Prof.','2019-04-19 02:08:57',NULL),(1652,64,1,'Mr.','2019-04-19 02:08:57',NULL),(1653,81,0,'Mr.','2019-04-19 02:08:57',NULL),(1654,44,1,'Dr.','2019-04-19 02:08:57',NULL),(1655,10,0,'Mrs.','2019-04-19 02:08:57',NULL),(1656,92,0,'Miss','2019-04-19 02:08:57',NULL),(1657,41,1,'Prof.','2019-04-19 02:08:58',NULL),(1658,29,0,'Mrs.','2019-04-19 02:08:58',NULL),(1659,75,0,'Dr.','2019-04-19 02:08:58',NULL),(1660,65,1,'Dr.','2019-04-19 02:08:58',NULL),(1661,98,0,'Miss','2019-04-19 02:08:58',NULL),(1662,12,1,'Dr.','2019-04-19 02:08:58',NULL),(1663,39,1,'Prof.','2019-04-19 02:08:58',NULL),(1664,60,0,'Ms.','2019-04-19 02:08:58',NULL),(1665,23,1,'Dr.','2019-04-19 02:08:59',NULL),(1666,58,1,'Prof.','2019-04-19 02:08:59',NULL),(1667,16,0,'Dr.','2019-04-19 02:08:59',NULL),(1668,36,1,'Miss','2019-04-19 02:08:59',NULL),(1669,63,0,'Miss','2019-04-19 02:08:59',NULL),(1670,81,1,'Dr.','2019-04-19 02:08:59',NULL),(1671,30,1,'Prof.','2019-04-19 02:08:59',NULL),(1672,15,1,'Dr.','2019-04-19 02:09:00',NULL),(1673,14,1,'Dr.','2019-04-19 02:09:00',NULL),(1674,4,0,'Mrs.','2019-04-19 02:09:00',NULL),(1675,66,0,'Dr.','2019-04-19 02:09:00',NULL),(1676,57,1,'Ms.','2019-04-19 02:09:00',NULL),(1677,58,1,'Miss','2019-04-19 02:09:00',NULL),(1678,84,1,'Prof.','2019-04-19 02:09:00',NULL),(1679,22,0,'Mrs.','2019-04-19 02:09:00',NULL),(1680,91,1,'Miss','2019-04-19 02:09:00',NULL),(1681,46,0,'Dr.','2019-04-19 02:09:00',NULL),(1682,50,1,'Prof.','2019-04-19 02:09:01',NULL),(1683,13,1,'Mr.','2019-04-19 02:09:01',NULL),(1684,10,1,'Dr.','2019-04-19 02:09:01',NULL),(1685,73,1,'Prof.','2019-04-19 02:09:01',NULL),(1686,42,0,'Mr.','2019-04-19 02:09:01',NULL),(1687,8,1,'Dr.','2019-04-19 02:09:01',NULL),(1688,24,0,'Prof.','2019-04-19 02:09:01',NULL),(1689,1,0,'Ms.','2019-04-19 02:09:01',NULL),(1690,50,0,'Mr.','2019-04-19 02:09:01',NULL),(1691,48,0,'Dr.','2019-04-19 02:09:01',NULL),(1692,13,0,'Prof.','2019-04-19 02:09:02',NULL),(1693,29,1,'Prof.','2019-04-19 02:09:02',NULL),(1694,66,1,'Miss','2019-04-19 02:09:02',NULL),(1695,33,0,'Prof.','2019-04-19 02:09:02',NULL),(1696,74,1,'Prof.','2019-04-19 02:09:02',NULL),(1697,69,1,'Prof.','2019-04-19 02:09:02',NULL),(1698,97,1,'Miss','2019-04-19 02:09:02',NULL),(1699,99,0,'Dr.','2019-04-19 02:09:02',NULL),(1700,89,0,'Dr.','2019-04-19 02:09:02',NULL),(1701,56,1,'Mrs.','2019-04-19 02:09:03',NULL),(1702,74,0,'Prof.','2019-04-19 02:09:03',NULL),(1703,95,0,'Mr.','2019-04-19 02:09:03',NULL),(1704,60,1,'Miss','2019-04-19 02:09:03',NULL),(1705,53,0,'Mr.','2019-04-19 02:09:03',NULL),(1706,19,1,'Miss','2019-04-19 02:09:03',NULL),(1707,94,0,'Mr.','2019-04-19 02:09:03',NULL),(1708,91,1,'Dr.','2019-04-19 02:09:03',NULL),(1709,88,0,'Dr.','2019-04-19 02:09:04',NULL),(1710,12,1,'Ms.','2019-04-19 02:09:04',NULL),(1711,64,0,'Prof.','2019-04-19 02:09:04',NULL),(1712,32,0,'Mr.','2019-04-19 02:09:04',NULL),(1713,92,1,'Dr.','2019-04-19 02:09:04',NULL),(1714,23,1,'Dr.','2019-04-19 02:09:04',NULL),(1715,84,0,'Mrs.','2019-04-19 02:09:04',NULL),(1716,25,0,'Prof.','2019-04-19 02:09:05',NULL),(1717,37,1,'Mrs.','2019-04-19 02:09:05',NULL),(1718,96,0,'Ms.','2019-04-19 02:09:05',NULL),(1719,35,1,'Mr.','2019-04-19 02:09:05',NULL),(1720,93,1,'Dr.','2019-04-19 02:09:05',NULL),(1721,90,1,'Mr.','2019-04-19 02:09:05',NULL),(1722,100,0,'Prof.','2019-04-19 02:09:05',NULL),(1723,69,0,'Dr.','2019-04-19 02:09:05',NULL),(1724,67,1,'Prof.','2019-04-19 02:09:05',NULL),(1725,89,0,'Ms.','2019-04-19 02:09:06',NULL),(1726,41,1,'Dr.','2019-04-19 02:09:06',NULL),(1727,24,0,'Prof.','2019-04-19 02:09:06',NULL),(1728,52,1,'Dr.','2019-04-19 02:09:06',NULL),(1729,45,0,'Dr.','2019-04-19 02:09:06',NULL),(1730,41,0,'Mr.','2019-04-19 02:09:06',NULL),(1731,80,1,'Miss','2019-04-19 02:09:06',NULL),(1732,55,1,'Prof.','2019-04-19 02:09:06',NULL),(1733,69,0,'Ms.','2019-04-19 02:09:06',NULL),(1734,12,1,'Miss','2019-04-19 02:09:07',NULL),(1735,31,0,'Prof.','2019-04-19 02:09:07',NULL),(1736,59,1,'Mrs.','2019-04-19 02:09:07',NULL),(1737,63,0,'Dr.','2019-04-19 02:09:07',NULL),(1738,94,0,'Dr.','2019-04-19 02:09:07',NULL),(1739,81,0,'Prof.','2019-04-19 02:09:08',NULL),(1740,79,1,'Prof.','2019-04-19 02:09:08',NULL),(1741,37,0,'Prof.','2019-04-19 02:09:08',NULL),(1742,69,0,'Prof.','2019-04-19 02:09:08',NULL),(1743,24,1,'Dr.','2019-04-19 02:09:08',NULL),(1744,82,0,'Prof.','2019-04-19 02:09:08',NULL),(1745,31,1,'Dr.','2019-04-19 02:09:08',NULL),(1746,66,1,'Mr.','2019-04-19 02:09:08',NULL),(1747,84,1,'Ms.','2019-04-19 02:09:08',NULL),(1748,75,1,'Prof.','2019-04-19 02:09:08',NULL),(1749,34,0,'Prof.','2019-04-19 02:09:09',NULL),(1750,50,1,'Mr.','2019-04-19 02:09:09',NULL),(1751,46,1,'Dr.','2019-04-19 02:09:09',NULL),(1752,6,0,'Dr.','2019-04-19 02:09:09',NULL),(1753,40,1,'Ms.','2019-04-19 02:09:09',NULL),(1754,44,1,'Mr.','2019-04-19 02:09:09',NULL),(1755,46,0,'Miss','2019-04-19 02:09:09',NULL),(1756,45,0,'Mr.','2019-04-19 02:09:09',NULL),(1757,78,0,'Prof.','2019-04-19 02:09:09',NULL),(1758,7,1,'Dr.','2019-04-19 02:09:10',NULL),(1759,61,1,'Prof.','2019-04-19 02:09:10',NULL),(1760,81,0,'Mr.','2019-04-19 02:09:10',NULL),(1761,56,0,'Prof.','2019-04-19 02:09:10',NULL),(1762,53,0,'Prof.','2019-04-19 02:09:10',NULL),(1763,10,0,'Dr.','2019-04-19 02:09:10',NULL),(1764,73,1,'Dr.','2019-04-19 02:09:10',NULL),(1765,74,1,'Mrs.','2019-04-19 02:09:10',NULL),(1766,16,0,'Ms.','2019-04-19 02:09:10',NULL),(1767,35,1,'Mrs.','2019-04-19 02:09:10',NULL),(1768,27,0,'Mrs.','2019-04-19 02:09:11',NULL),(1769,39,1,'Dr.','2019-04-19 02:09:11',NULL),(1770,22,0,'Prof.','2019-04-19 02:09:11',NULL),(1771,73,0,'Prof.','2019-04-19 02:09:11',NULL),(1772,84,1,'Prof.','2019-04-19 02:09:11',NULL),(1773,25,0,'Mr.','2019-04-19 02:09:11',NULL),(1774,36,0,'Prof.','2019-04-19 02:09:11',NULL),(1775,84,0,'Prof.','2019-04-19 02:09:11',NULL),(1776,2,1,'Dr.','2019-04-19 02:09:11',NULL),(1777,98,1,'Mr.','2019-04-19 02:09:11',NULL),(1778,13,0,'Prof.','2019-04-19 02:09:11',NULL),(1779,60,0,'Dr.','2019-04-19 02:09:12',NULL),(1780,23,1,'Ms.','2019-04-19 02:09:12',NULL),(1781,39,0,'Mr.','2019-04-19 02:09:12',NULL),(1782,35,0,'Mrs.','2019-04-19 02:09:12',NULL),(1783,62,1,'Dr.','2019-04-19 02:09:12',NULL),(1784,32,1,'Dr.','2019-04-19 02:09:12',NULL),(1785,97,1,'Prof.','2019-04-19 02:09:12',NULL),(1786,97,1,'Miss','2019-04-19 02:09:12',NULL),(1787,33,1,'Prof.','2019-04-19 02:09:12',NULL),(1788,56,0,'Dr.','2019-04-19 02:09:13',NULL),(1789,78,0,'Miss','2019-04-19 02:09:13',NULL),(1790,77,1,'Dr.','2019-04-19 02:09:13',NULL),(1791,40,1,'Miss','2019-04-19 02:09:13',NULL),(1792,90,1,'Dr.','2019-04-19 02:09:13',NULL),(1793,44,1,'Dr.','2019-04-19 02:09:13',NULL),(1794,33,1,'Mr.','2019-04-19 02:09:13',NULL),(1795,82,0,'Dr.','2019-04-19 02:09:13',NULL),(1796,37,1,'Prof.','2019-04-19 02:09:13',NULL),(1797,50,1,'Prof.','2019-04-19 02:09:13',NULL),(1798,45,0,'Prof.','2019-04-19 02:09:14',NULL),(1799,97,0,'Prof.','2019-04-19 02:09:14',NULL),(1800,41,0,'Prof.','2019-04-19 02:09:14',NULL),(1801,73,0,'Dr.','2019-04-19 02:09:14',NULL),(1802,3,1,'Dr.','2019-04-19 02:09:14',NULL),(1803,92,1,'Prof.','2019-04-19 02:09:14',NULL),(1804,83,1,'Mrs.','2019-04-19 02:09:14',NULL),(1805,97,0,'Dr.','2019-04-19 02:09:15',NULL),(1806,18,1,'Mr.','2019-04-19 02:09:15',NULL),(1807,54,1,'Ms.','2019-04-19 02:09:15',NULL),(1808,20,1,'Ms.','2019-04-19 02:09:15',NULL),(1809,64,0,'Mr.','2019-04-19 02:09:15',NULL),(1810,39,0,'Mrs.','2019-04-19 02:09:15',NULL),(1811,66,0,'Miss','2019-04-19 02:09:15',NULL),(1812,44,1,'Prof.','2019-04-19 02:09:15',NULL),(1813,41,0,'Mr.','2019-04-19 02:09:16',NULL),(1814,19,1,'Ms.','2019-04-19 02:09:16',NULL),(1815,82,0,'Mrs.','2019-04-19 02:09:16',NULL),(1816,65,0,'Ms.','2019-04-19 02:09:16',NULL),(1817,57,1,'Ms.','2019-04-19 02:09:16',NULL),(1818,70,0,'Dr.','2019-04-19 02:09:16',NULL),(1819,25,1,'Mr.','2019-04-19 02:09:16',NULL),(1820,95,0,'Miss','2019-04-19 02:09:16',NULL),(1821,60,1,'Prof.','2019-04-19 02:09:16',NULL),(1822,29,1,'Prof.','2019-04-19 02:09:16',NULL),(1823,46,0,'Dr.','2019-04-19 02:09:17',NULL),(1824,92,1,'Mrs.','2019-04-19 02:09:17',NULL),(1825,11,0,'Dr.','2019-04-19 02:09:17',NULL),(1826,76,0,'Dr.','2019-04-19 02:09:17',NULL),(1827,14,0,'Mr.','2019-04-19 02:09:17',NULL),(1828,71,0,'Mr.','2019-04-19 02:09:17',NULL),(1829,31,0,'Prof.','2019-04-19 02:09:17',NULL),(1830,16,0,'Mrs.','2019-04-19 02:09:17',NULL),(1831,73,1,'Prof.','2019-04-19 02:09:17',NULL),(1832,10,1,'Mr.','2019-04-19 02:09:18',NULL),(1833,46,1,'Ms.','2019-04-19 02:09:18',NULL),(1834,59,0,'Ms.','2019-04-19 02:09:18',NULL),(1835,20,1,'Dr.','2019-04-19 02:09:18',NULL),(1836,43,1,'Mr.','2019-04-19 02:09:18',NULL),(1837,95,1,'Prof.','2019-04-19 02:09:18',NULL),(1838,62,1,'Ms.','2019-04-19 02:09:18',NULL),(1839,65,0,'Mr.','2019-04-19 02:09:18',NULL),(1840,96,0,'Prof.','2019-04-19 02:09:18',NULL),(1841,64,1,'Prof.','2019-04-19 02:09:19',NULL),(1842,69,1,'Dr.','2019-04-19 02:09:19',NULL),(1843,62,0,'Mr.','2019-04-19 02:09:19',NULL),(1844,80,0,'Prof.','2019-04-19 02:09:19',NULL),(1845,59,1,'Dr.','2019-04-19 02:09:19',NULL),(1846,81,0,'Prof.','2019-04-19 02:09:19',NULL),(1847,100,0,'Miss','2019-04-19 02:09:19',NULL),(1848,14,1,'Mr.','2019-04-19 02:09:19',NULL),(1849,81,1,'Dr.','2019-04-19 02:09:19',NULL),(1850,88,1,'Prof.','2019-04-19 02:09:20',NULL),(1851,93,1,'Ms.','2019-04-19 02:09:20',NULL),(1852,40,1,'Ms.','2019-04-19 02:09:20',NULL),(1853,58,0,'Mrs.','2019-04-19 02:09:20',NULL),(1854,1,0,'Mr.','2019-04-19 02:09:20',NULL),(1855,50,0,'Dr.','2019-04-19 02:09:20',NULL),(1856,91,1,'Prof.','2019-04-19 02:09:20',NULL),(1857,22,0,'Dr.','2019-04-19 02:09:20',NULL),(1858,31,1,'Prof.','2019-04-19 02:09:20',NULL),(1859,50,1,'Mr.','2019-04-19 02:09:21',NULL),(1860,9,0,'Mrs.','2019-04-19 02:09:21',NULL),(1861,20,0,'Ms.','2019-04-19 02:09:21',NULL),(1862,27,1,'Prof.','2019-04-19 02:09:22',NULL),(1863,32,1,'Miss','2019-04-19 02:09:22',NULL),(1864,85,0,'Prof.','2019-04-19 02:09:22',NULL),(1865,60,0,'Dr.','2019-04-19 02:09:22',NULL),(1866,80,1,'Mrs.','2019-04-19 02:09:22',NULL),(1867,28,1,'Dr.','2019-04-19 02:09:23',NULL),(1868,97,1,'Prof.','2019-04-19 02:09:23',NULL),(1869,97,1,'Mrs.','2019-04-19 02:09:23',NULL),(1870,6,0,'Mr.','2019-04-19 02:09:23',NULL),(1871,64,1,'Dr.','2019-04-19 02:09:23',NULL),(1872,1,0,'Dr.','2019-04-19 02:09:23',NULL),(1873,88,1,'Dr.','2019-04-19 02:09:23',NULL),(1874,63,1,'Prof.','2019-04-19 02:09:23',NULL),(1875,73,0,'Mr.','2019-04-19 02:09:23',NULL),(1876,42,0,'Mr.','2019-04-19 02:09:24',NULL),(1877,25,1,'Miss','2019-04-19 02:09:24',NULL),(1878,88,0,'Miss','2019-04-19 02:09:24',NULL),(1879,53,1,'Mrs.','2019-04-19 02:09:24',NULL),(1880,31,0,'Mrs.','2019-04-19 02:09:24',NULL),(1881,22,0,'Miss','2019-04-19 02:09:24',NULL),(1882,79,1,'Dr.','2019-04-19 02:09:24',NULL),(1883,32,1,'Mr.','2019-04-19 02:09:24',NULL),(1884,8,1,'Dr.','2019-04-19 02:09:24',NULL),(1885,29,1,'Prof.','2019-04-19 02:09:25',NULL),(1886,68,1,'Prof.','2019-04-19 02:09:25',NULL),(1887,99,1,'Mrs.','2019-04-19 02:09:25',NULL),(1888,7,1,'Prof.','2019-04-19 02:09:25',NULL),(1889,55,0,'Ms.','2019-04-19 02:09:25',NULL),(1890,24,1,'Dr.','2019-04-19 02:09:25',NULL),(1891,60,1,'Prof.','2019-04-19 02:09:25',NULL),(1892,37,0,'Mr.','2019-04-19 02:09:25',NULL),(1893,62,0,'Prof.','2019-04-19 02:09:26',NULL),(1894,79,1,'Dr.','2019-04-19 02:09:26',NULL),(1895,19,1,'Miss','2019-04-19 02:09:26',NULL),(1896,2,0,'Prof.','2019-04-19 02:09:26',NULL),(1897,38,1,'Dr.','2019-04-19 02:09:26',NULL),(1898,85,0,'Mr.','2019-04-19 02:09:26',NULL),(1899,66,0,'Mrs.','2019-04-19 02:09:26',NULL),(1900,56,1,'Mr.','2019-04-19 02:09:26',NULL),(1901,45,0,'Dr.','2019-04-19 02:09:26',NULL),(1902,58,1,'Dr.','2019-04-19 02:09:27',NULL),(1903,64,1,'Mr.','2019-04-19 02:09:27',NULL),(1904,60,0,'Dr.','2019-04-19 02:09:27',NULL),(1905,92,1,'Mrs.','2019-04-19 02:09:27',NULL),(1906,17,1,'Mr.','2019-04-19 02:09:27',NULL),(1907,44,1,'Mr.','2019-04-19 02:09:27',NULL),(1908,57,0,'Mrs.','2019-04-19 02:09:27',NULL),(1909,45,0,'Dr.','2019-04-19 02:09:27',NULL),(1910,23,0,'Prof.','2019-04-19 02:09:27',NULL),(1911,46,1,'Dr.','2019-04-19 02:09:28',NULL),(1912,51,1,'Dr.','2019-04-19 02:09:28',NULL),(1913,31,0,'Prof.','2019-04-19 02:09:28',NULL),(1914,44,0,'Dr.','2019-04-19 02:09:28',NULL),(1915,12,1,'Ms.','2019-04-19 02:09:28',NULL),(1916,78,0,'Prof.','2019-04-19 02:09:28',NULL),(1917,50,0,'Dr.','2019-04-19 02:09:28',NULL),(1918,81,1,'Mr.','2019-04-19 02:09:28',NULL),(1919,71,0,'Dr.','2019-04-19 02:09:28',NULL),(1920,49,0,'Prof.','2019-04-19 02:09:29',NULL),(1921,53,1,'Miss','2019-04-19 02:09:29',NULL),(1922,76,0,'Mr.','2019-04-19 02:09:29',NULL),(1923,60,0,'Dr.','2019-04-19 02:09:29',NULL),(1924,18,0,'Dr.','2019-04-19 02:09:29',NULL),(1925,59,0,'Mr.','2019-04-19 02:09:29',NULL),(1926,8,0,'Ms.','2019-04-19 02:09:29',NULL),(1927,46,0,'Prof.','2019-04-19 02:09:29',NULL),(1928,2,0,'Prof.','2019-04-19 02:09:30',NULL),(1929,79,0,'Ms.','2019-04-19 02:09:30',NULL),(1930,48,1,'Prof.','2019-04-19 02:09:30',NULL),(1931,97,1,'Ms.','2019-04-19 02:09:30',NULL),(1932,25,1,'Mrs.','2019-04-19 02:09:30',NULL),(1933,26,0,'Dr.','2019-04-19 02:09:30',NULL),(1934,26,0,'Dr.','2019-04-19 02:09:30',NULL),(1935,89,1,'Miss','2019-04-19 02:09:30',NULL),(1936,27,1,'Mrs.','2019-04-19 02:09:31',NULL),(1937,49,0,'Mr.','2019-04-19 02:09:31',NULL),(1938,28,0,'Prof.','2019-04-19 02:09:31',NULL),(1939,70,0,'Dr.','2019-04-19 02:09:31',NULL),(1940,76,1,'Prof.','2019-04-19 02:09:31',NULL),(1941,82,1,'Dr.','2019-04-19 02:09:32',NULL),(1942,84,1,'Mr.','2019-04-19 02:09:32',NULL),(1943,66,0,'Dr.','2019-04-19 02:09:32',NULL),(1944,22,0,'Ms.','2019-04-19 02:09:32',NULL),(1945,81,1,'Prof.','2019-04-19 02:09:32',NULL),(1946,89,0,'Dr.','2019-04-19 02:09:32',NULL),(1947,70,1,'Prof.','2019-04-19 02:09:32',NULL),(1948,99,0,'Mr.','2019-04-19 02:09:33',NULL),(1949,1,0,'Prof.','2019-04-19 02:09:33',NULL),(1950,84,0,'Dr.','2019-04-19 02:09:33',NULL),(1951,94,0,'Prof.','2019-04-19 02:09:33',NULL),(1952,45,0,'Mr.','2019-04-19 02:09:33',NULL),(1953,16,0,'Dr.','2019-04-19 02:09:33',NULL),(1954,23,0,'Dr.','2019-04-19 02:09:33',NULL),(1955,33,1,'Mr.','2019-04-19 02:09:33',NULL),(1956,55,0,'Mrs.','2019-04-19 02:09:34',NULL),(1957,63,0,'Dr.','2019-04-19 02:09:34',NULL),(1958,39,1,'Dr.','2019-04-19 02:09:34',NULL),(1959,54,0,'Mrs.','2019-04-19 02:09:34',NULL),(1960,37,0,'Prof.','2019-04-19 02:09:34',NULL),(1961,94,0,'Prof.','2019-04-19 02:09:34',NULL),(1962,40,0,'Dr.','2019-04-19 02:09:34',NULL),(1963,92,0,'Prof.','2019-04-19 02:09:35',NULL),(1964,68,1,'Mr.','2019-04-19 02:09:35',NULL),(1965,96,0,'Dr.','2019-04-19 02:09:35',NULL),(1966,19,0,'Mr.','2019-04-19 02:09:35',NULL),(1967,41,1,'Prof.','2019-04-19 02:09:35',NULL),(1968,49,0,'Prof.','2019-04-19 02:09:35',NULL),(1969,8,1,'Mr.','2019-04-19 02:09:35',NULL),(1970,49,1,'Mr.','2019-04-19 02:09:35',NULL),(1971,43,0,'Prof.','2019-04-19 02:09:35',NULL),(1972,61,1,'Mr.','2019-04-19 02:09:36',NULL),(1973,63,0,'Mrs.','2019-04-19 02:09:36',NULL),(1974,23,1,'Ms.','2019-04-19 02:09:36',NULL),(1975,42,1,'Prof.','2019-04-19 02:09:36',NULL),(1976,53,0,'Mrs.','2019-04-19 02:09:36',NULL),(1977,77,0,'Dr.','2019-04-19 02:09:36',NULL),(1978,41,0,'Mrs.','2019-04-19 02:09:36',NULL),(1979,77,0,'Prof.','2019-04-19 02:09:36',NULL),(1980,89,1,'Ms.','2019-04-19 02:09:36',NULL),(1981,52,1,'Dr.','2019-04-19 02:09:37',NULL),(1982,48,0,'Ms.','2019-04-19 02:09:37',NULL),(1983,73,1,'Dr.','2019-04-19 02:09:37',NULL),(1984,54,0,'Mrs.','2019-04-19 02:09:37',NULL),(1985,72,0,'Miss','2019-04-19 02:09:37',NULL),(1986,88,0,'Prof.','2019-04-19 02:09:37',NULL),(1987,24,0,'Mr.','2019-04-19 02:09:37',NULL),(1988,33,1,'Miss','2019-04-19 02:09:37',NULL),(1989,27,1,'Dr.','2019-04-19 02:09:37',NULL),(1990,50,0,'Dr.','2019-04-19 02:09:38',NULL),(1991,8,1,'Dr.','2019-04-19 02:09:38',NULL),(1992,69,1,'Prof.','2019-04-19 02:09:38',NULL),(1993,3,1,'Mrs.','2019-04-19 02:09:38',NULL),(1994,74,1,'Dr.','2019-04-19 02:09:39',NULL),(1995,63,0,'Mr.','2019-04-19 02:09:39',NULL),(1996,76,1,'Dr.','2019-04-19 02:09:39',NULL),(1997,81,0,'Ms.','2019-04-19 02:09:39',NULL),(1998,27,0,'Miss','2019-04-19 02:09:39',NULL),(1999,4,1,'Mrs.','2019-04-19 02:09:39',NULL),(2000,49,0,'Miss','2019-04-19 02:09:39',NULL);
/*!40000 ALTER TABLE `pergunta` ENABLE KEYS */;
UNLOCK TABLES;

--
-- Table structure for table `perguntas`
--

DROP TABLE IF EXISTS `perguntas`;
/*!40101 SET @saved_cs_client     = @@character_set_client */;
/*!40101 SET character_set_client = utf8 */;
CREATE TABLE `perguntas` (
  `id` int(10) unsigned NOT NULL AUTO_INCREMENT,
  `created_at` timestamp NULL DEFAULT NULL,
  `updated_at` timestamp NULL DEFAULT NULL,
  `first_name` varchar(255) COLLATE utf8mb4_unicode_ci NOT NULL,
  `last_name` varchar(255) COLLATE utf8mb4_unicode_ci NOT NULL,
  `email` varchar(255) COLLATE utf8mb4_unicode_ci NOT NULL,
  `job_title` varchar(255) COLLATE utf8mb4_unicode_ci NOT NULL,
  `city` varchar(255) COLLATE utf8mb4_unicode_ci NOT NULL,
  `country` varchar(255) COLLATE utf8mb4_unicode_ci NOT NULL,
  PRIMARY KEY (`id`)
) ENGINE=InnoDB DEFAULT CHARSET=utf8mb4 COLLATE=utf8mb4_unicode_ci;
/*!40101 SET character_set_client = @saved_cs_client */;

--
-- Dumping data for table `perguntas`
--

LOCK TABLES `perguntas` WRITE;
/*!40000 ALTER TABLE `perguntas` DISABLE KEYS */;
/*!40000 ALTER TABLE `perguntas` ENABLE KEYS */;
UNLOCK TABLES;

--
-- Table structure for table `questionario`
--

DROP TABLE IF EXISTS `questionario`;
/*!40101 SET @saved_cs_client     = @@character_set_client */;
/*!40101 SET character_set_client = utf8 */;
CREATE TABLE `questionario` (
  `ID_QUESTIONARIO` int(11) NOT NULL AUTO_INCREMENT,
  `TIPO_USUARIO` char(1) NOT NULL,
  `TITULO_QUESTIONARIO` varchar(50) DEFAULT NULL,
  `DATA_INCLUSAO` datetime DEFAULT NULL,
  `DATA_EXCLUSAO` datetime DEFAULT NULL,
  `DATA_INICIO` varchar(100) DEFAULT NULL,
  `DATA_FIM` varchar(100) DEFAULT NULL,
  PRIMARY KEY (`ID_QUESTIONARIO`),
  KEY `FK_USER_TIPO_USER` (`TIPO_USUARIO`),
  KEY `PERG_ID_QUESTIONARIO` (`ID_QUESTIONARIO`),
  CONSTRAINT `FK_USER_TIPO_USER` FOREIGN KEY (`TIPO_USUARIO`) REFERENCES `usuario` (`TIPO_USUARIO`)
) ENGINE=InnoDB AUTO_INCREMENT=101 DEFAULT CHARSET=utf8;
/*!40101 SET character_set_client = @saved_cs_client */;

--
-- Dumping data for table `questionario`
--

LOCK TABLES `questionario` WRITE;
/*!40000 ALTER TABLE `questionario` DISABLE KEYS */;
INSERT INTO `questionario` VALUES (1,'P','Miss','2019-04-19 01:39:39',NULL,NULL,NULL),(2,'A','Mrs.','2019-04-19 01:39:39',NULL,NULL,NULL),(3,'P','Ms.','2019-04-19 01:39:39',NULL,NULL,NULL),(4,'F','Mrs.','2019-04-19 01:39:39',NULL,NULL,NULL),(5,'P','Prof.','2019-04-19 01:39:40',NULL,NULL,NULL),(6,'A','Ms.','2019-04-19 01:39:40',NULL,NULL,NULL),(7,'P','Dr.','2019-04-19 01:39:40',NULL,NULL,NULL),(8,'F','Dr.','2019-04-19 01:39:40',NULL,NULL,NULL),(9,'F','Dr.','2019-04-19 01:39:40',NULL,NULL,NULL),(10,'A','Prof.','2019-04-19 01:39:40',NULL,NULL,NULL),(11,'F','Miss','2019-04-19 01:39:40',NULL,NULL,NULL),(12,'A','Mrs.','2019-04-19 01:39:40',NULL,NULL,NULL),(13,'P','Prof.','2019-04-19 01:39:40',NULL,NULL,NULL),(14,'F','Dr.','2019-04-19 01:39:40',NULL,NULL,NULL),(15,'A','Miss','2019-04-19 01:39:41',NULL,NULL,NULL),(16,'A','Mr.','2019-04-19 01:39:41',NULL,NULL,NULL),(17,'P','Miss','2019-04-19 01:39:41',NULL,NULL,NULL),(18,'F','Dr.','2019-04-19 01:39:41',NULL,NULL,NULL),(19,'P','Miss','2019-04-19 01:39:41',NULL,NULL,NULL),(20,'F','Prof.','2019-04-19 01:39:41',NULL,NULL,NULL),(21,'P','Prof.','2019-04-19 01:39:41',NULL,NULL,NULL),(22,'P','Mrs.','2019-04-19 01:39:41',NULL,NULL,NULL),(23,'A','Prof.','2019-04-19 01:39:42',NULL,NULL,NULL),(24,'A','Dr.','2019-04-19 01:39:42',NULL,NULL,NULL),(25,'P','Miss','2019-04-19 01:39:42',NULL,NULL,NULL),(26,'P','Mr.','2019-04-19 01:39:42',NULL,NULL,NULL),(27,'P','Mr.','2019-04-19 01:39:42',NULL,NULL,NULL),(28,'F','Prof.','2019-04-19 01:39:42',NULL,NULL,NULL),(29,'P','Mrs.','2019-04-19 01:39:42',NULL,NULL,NULL),(30,'P','Dr.','2019-04-19 01:39:42',NULL,NULL,NULL),(31,'P','Mrs.','2019-04-19 01:39:42',NULL,NULL,NULL),(32,'F','Ms.','2019-04-19 01:39:42',NULL,NULL,NULL),(33,'F','Ms.','2019-04-19 01:39:43',NULL,NULL,NULL),(34,'A','Dr.','2019-04-19 01:39:43',NULL,NULL,NULL),(35,'P','Prof.','2019-04-19 01:39:43',NULL,NULL,NULL),(36,'F','Prof.','2019-04-19 01:39:43',NULL,NULL,NULL),(37,'A','Ms.','2019-04-19 01:39:43',NULL,NULL,NULL),(38,'A','Ms.','2019-04-19 01:39:43',NULL,NULL,NULL),(39,'F','Dr.','2019-04-19 01:39:43',NULL,NULL,NULL),(40,'F','Mrs.','2019-04-19 01:39:43',NULL,NULL,NULL),(41,'F','Prof.','2019-04-19 01:39:43',NULL,NULL,NULL),(42,'A','Prof.','2019-04-19 01:39:44',NULL,NULL,NULL),(43,'F','Ms.','2019-04-19 01:39:44',NULL,NULL,NULL),(44,'A','Dr.','2019-04-19 01:39:44',NULL,NULL,NULL),(45,'A','Prof.','2019-04-19 01:39:44',NULL,NULL,NULL),(46,'A','Dr.','2019-04-19 01:39:44',NULL,NULL,NULL),(47,'P','Dr.','2019-04-19 01:39:44',NULL,NULL,NULL),(48,'A','Mrs.','2019-04-19 01:39:44',NULL,NULL,NULL),(49,'P','Prof.','2019-04-19 01:39:45',NULL,NULL,NULL),(50,'A','Mr.','2019-04-19 01:39:45',NULL,NULL,NULL),(51,'F','Dr.','2019-04-19 01:39:45',NULL,NULL,NULL),(52,'A','Prof.','2019-04-19 01:39:45',NULL,NULL,NULL),(53,'F','Dr.','2019-04-19 01:39:45',NULL,NULL,NULL),(54,'F','Prof.','2019-04-19 01:39:46',NULL,NULL,NULL),(55,'P','Ms.','2019-04-19 01:39:46',NULL,NULL,NULL),(56,'P','Mr.','2019-04-19 01:39:46',NULL,NULL,NULL),(57,'A','Dr.','2019-04-19 01:39:46',NULL,NULL,NULL),(58,'P','Dr.','2019-04-19 01:39:46',NULL,NULL,NULL),(59,'P','Ms.','2019-04-19 01:39:46',NULL,NULL,NULL),(60,'P','Miss','2019-04-19 01:39:46',NULL,NULL,NULL),(61,'F','Mr.','2019-04-19 01:39:46',NULL,NULL,NULL),(62,'F','Dr.','2019-04-19 01:39:47',NULL,NULL,NULL),(63,'P','Dr.','2019-04-19 01:39:47',NULL,NULL,NULL),(64,'A','Miss','2019-04-19 01:39:47',NULL,NULL,NULL),(65,'P','Dr.','2019-04-19 01:39:47',NULL,NULL,NULL),(66,'A','Dr.','2019-04-19 01:39:47',NULL,NULL,NULL),(67,'F','Prof.','2019-04-19 01:39:48',NULL,NULL,NULL),(68,'A','Mrs.','2019-04-19 01:39:48',NULL,NULL,NULL),(69,'P','Dr.','2019-04-19 01:39:48',NULL,NULL,NULL),(70,'P','Dr.','2019-04-19 01:39:48',NULL,NULL,NULL),(71,'A','Prof.','2019-04-19 01:39:48',NULL,NULL,NULL),(72,'A','Mr.','2019-04-19 01:39:48',NULL,NULL,NULL),(73,'F','Prof.','2019-04-19 01:39:48',NULL,NULL,NULL),(74,'P','Ms.','2019-04-19 01:39:48',NULL,NULL,NULL),(75,'F','Mr.','2019-04-19 01:39:49',NULL,NULL,NULL),(76,'F','Ms.','2019-04-19 01:39:49',NULL,NULL,NULL),(77,'A','Prof.','2019-04-19 01:39:49',NULL,NULL,NULL),(78,'P','Prof.','2019-04-19 01:39:49',NULL,NULL,NULL),(79,'P','Miss','2019-04-19 01:39:49',NULL,NULL,NULL),(80,'A','Miss','2019-04-19 01:39:49',NULL,NULL,NULL),(81,'P','Mrs.','2019-04-19 01:39:49',NULL,NULL,NULL),(82,'A','Ms.','2019-04-19 01:39:49',NULL,NULL,NULL),(83,'A','Dr.','2019-04-19 01:39:49',NULL,NULL,NULL),(84,'A','Mr.','2019-04-19 01:39:50',NULL,NULL,NULL),(85,'F','Mr.','2019-04-19 01:39:50',NULL,NULL,NULL),(86,'A','Mr.','2019-04-19 01:39:50',NULL,NULL,NULL),(87,'A','Mr.','2019-04-19 01:39:50',NULL,NULL,NULL),(88,'A','Dr.','2019-04-19 01:39:50',NULL,NULL,NULL),(89,'A','Ms.','2019-04-19 01:39:50',NULL,NULL,NULL),(90,'P','Dr.','2019-04-19 01:39:50',NULL,NULL,NULL),(91,'F','Miss','2019-04-19 01:39:51',NULL,NULL,NULL),(92,'P','Dr.','2019-04-19 01:39:51',NULL,NULL,NULL),(93,'A','Dr.','2019-04-19 01:39:51',NULL,NULL,NULL),(94,'A','Mrs.','2019-04-19 01:39:51',NULL,NULL,NULL),(95,'F','Ms.','2019-04-19 01:39:52',NULL,NULL,NULL),(96,'P','Ms.','2019-04-19 01:39:52',NULL,NULL,NULL),(97,'F','Dr.','2019-04-19 01:39:52',NULL,NULL,NULL),(98,'A','Dr.','2019-04-19 01:39:52',NULL,NULL,NULL),(99,'A','Mrs.','2019-04-19 01:39:52',NULL,NULL,NULL),(100,'F','Dr.','2019-04-19 01:39:53',NULL,NULL,NULL);
/*!40000 ALTER TABLE `questionario` ENABLE KEYS */;
UNLOCK TABLES;

--
-- Table structure for table `questionarios`
--

DROP TABLE IF EXISTS `questionarios`;
/*!40101 SET @saved_cs_client     = @@character_set_client */;
/*!40101 SET character_set_client = utf8 */;
CREATE TABLE `questionarios` (
  `id` int(10) unsigned NOT NULL AUTO_INCREMENT,
  `titulo_questionario` varchar(100) COLLATE utf8mb4_unicode_ci NOT NULL,
  `tipo_questionario` int(11) NOT NULL,
  `data_inicio` date DEFAULT NULL,
  `data_fim` date DEFAULT NULL,
  `created_at` timestamp NULL DEFAULT NULL,
  `updated_at` timestamp NULL DEFAULT NULL,
  PRIMARY KEY (`id`)
) ENGINE=InnoDB DEFAULT CHARSET=utf8mb4 COLLATE=utf8mb4_unicode_ci;
/*!40101 SET character_set_client = @saved_cs_client */;

--
-- Dumping data for table `questionarios`
--

LOCK TABLES `questionarios` WRITE;
/*!40000 ALTER TABLE `questionarios` DISABLE KEYS */;
/*!40000 ALTER TABLE `questionarios` ENABLE KEYS */;
UNLOCK TABLES;

--
-- Table structure for table `resposta`
--

DROP TABLE IF EXISTS `resposta`;
/*!40101 SET @saved_cs_client     = @@character_set_client */;
/*!40101 SET character_set_client = utf8 */;
CREATE TABLE `resposta` (
  `ID_RESPOSTA` int(11) NOT NULL AUTO_INCREMENT,
  `ID_USUARIO` int(11) NOT NULL,
  `ID_PERGUNTA` int(11) NOT NULL,
  `DESCRICAO_RESPOSTA` varchar(120) NOT NULL,
  `DATA_INCLUSAO` datetime DEFAULT NULL,
  PRIMARY KEY (`ID_RESPOSTA`),
  KEY `FK_RESP_ID_USUARIO` (`ID_USUARIO`),
  KEY `FK_RESP_ID_RESPOSTA` (`ID_RESPOSTA`),
  CONSTRAINT `FK_RESP_ID_USUARIO` FOREIGN KEY (`ID_USUARIO`) REFERENCES `usuario` (`ID_USUARIO`)
) ENGINE=InnoDB AUTO_INCREMENT=4001 DEFAULT CHARSET=utf8;
/*!40101 SET character_set_client = @saved_cs_client */;

--
-- Dumping data for table `resposta`
--

LOCK TABLES `resposta` WRITE;
/*!40000 ALTER TABLE `resposta` DISABLE KEYS */;
INSERT INTO `resposta` VALUES (1,18,782,'Dr. Rhea Halvorson II','2019-04-19 02:38:41'),(2,47,86,'Mandy Daniel','2019-04-19 02:38:41'),(3,28,777,'Aliya Buckridge','2019-04-19 02:38:41'),(4,14,1573,'Mrs. Anahi King','2019-04-19 02:38:41'),(5,9,283,'Ms. Mayra Runolfsson MD','2019-04-19 02:38:41'),(6,64,1131,'Grayson Monahan Sr.','2019-04-19 02:38:42'),(7,83,1038,'Mr. Colby Hansen DDS','2019-04-19 02:38:42'),(8,102,1772,'Riley Considine','2019-04-19 02:38:42'),(9,96,703,'Bryana Collins','2019-04-19 02:38:42'),(10,8,576,'Prof. Lucious Auer','2019-04-19 02:38:42'),(11,21,94,'Haskell Kuvalis','2019-04-19 02:38:42'),(12,41,734,'Heaven Carter','2019-04-19 02:38:42'),(13,25,698,'Chaz Mraz','2019-04-19 02:38:42'),(14,61,1288,'Dr. Danika Green','2019-04-19 02:38:42'),(15,21,861,'Flossie Runte','2019-04-19 02:38:43'),(16,45,1007,'Erin Bergstrom V','2019-04-19 02:38:43'),(17,61,1443,'Elliot Swaniawski','2019-04-19 02:38:43'),(18,96,646,'Gretchen Baumbach I','2019-04-19 02:38:43'),(19,4,805,'Elaina Stamm','2019-04-19 02:38:43'),(20,64,1202,'Frederik Brakus','2019-04-19 02:38:43'),(21,18,1711,'Sheridan Oberbrunner','2019-04-19 02:38:43'),(22,28,1021,'Jaiden Hodkiewicz II','2019-04-19 02:38:43'),(23,85,282,'Keeley Schaden','2019-04-19 02:38:44'),(24,87,152,'Ms. Lillian Zemlak I','2019-04-19 02:38:44'),(25,57,853,'Otha Hirthe DDS','2019-04-19 02:38:44'),(26,92,510,'Jaycee Kuphal','2019-04-19 02:38:44'),(27,19,208,'Prof. Amira Friesen','2019-04-19 02:38:44'),(28,60,171,'Isidro Satterfield','2019-04-19 02:38:44'),(29,78,416,'Torrey Schmidt','2019-04-19 02:38:44'),(30,70,200,'Miss Maud Wunsch','2019-04-19 02:38:44'),(31,35,993,'Henderson Koch PhD','2019-04-19 02:38:44'),(32,61,23,'Mrs. Elvera Nitzsche IV','2019-04-19 02:38:44'),(33,57,1095,'Jonathan Sawayn','2019-04-19 02:38:44'),(34,86,1076,'Viva Lueilwitz','2019-04-19 02:38:45'),(35,51,1695,'Clarabelle Smitham','2019-04-19 02:38:45'),(36,28,1230,'Ms. Aniya Gutmann MD','2019-04-19 02:38:45'),(37,30,1925,'Lucy Kuhn','2019-04-19 02:38:45'),(38,70,1937,'Howell D\'Amore','2019-04-19 02:38:45'),(39,8,198,'Prof. Dorian Hills IV','2019-04-19 02:38:45'),(40,65,895,'Prof. Patricia Lesch','2019-04-19 02:38:45'),(41,35,344,'Larue Hoeger','2019-04-19 02:38:45'),(42,29,1009,'Carmela Hahn','2019-04-19 02:38:45'),(43,82,713,'Angelo Gleason','2019-04-19 02:38:46'),(44,8,1531,'Virginia Gerhold DVM','2019-04-19 02:38:46'),(45,59,320,'Nya Dibbert','2019-04-19 02:38:46'),(46,20,1631,'Amir Bechtelar','2019-04-19 02:38:46'),(47,29,1043,'Jovan Baumbach','2019-04-19 02:38:46'),(48,85,345,'Flossie Gottlieb','2019-04-19 02:38:46'),(49,101,822,'Ms. Kailey Cruickshank','2019-04-19 02:38:46'),(50,52,93,'Alba Batz','2019-04-19 02:38:46'),(51,89,1648,'Dayana Schultz','2019-04-19 02:38:47'),(52,60,1722,'Prof. Anibal Hills IV','2019-04-19 02:38:47'),(53,13,287,'Ms. Francesca Halvorson I','2019-04-19 02:38:47'),(54,102,761,'Herbert Spinka','2019-04-19 02:38:47'),(55,68,1522,'Yvette Schmitt','2019-04-19 02:38:47'),(56,43,1594,'Mrs. Amelie Swaniawski','2019-04-19 02:38:47'),(57,67,927,'Ambrose Romaguera','2019-04-19 02:38:47'),(58,84,600,'Prof. Green Pouros','2019-04-19 02:38:47'),(59,47,1130,'Mohammad Gaylord','2019-04-19 02:38:47'),(60,19,652,'Prof. Zoie Rodriguez IV','2019-04-19 02:38:48'),(61,13,509,'Dulce Rolfson','2019-04-19 02:38:48'),(62,79,143,'Ettie Medhurst','2019-04-19 02:38:48'),(63,66,733,'Carson Glover','2019-04-19 02:38:48'),(64,29,398,'Elvera Grant','2019-04-19 02:38:48'),(65,75,55,'Ms. Ruth Powlowski III','2019-04-19 02:38:48'),(66,38,255,'Ayla Steuber','2019-04-19 02:38:48'),(67,48,336,'Theodore Bosco Jr.','2019-04-19 02:38:48'),(68,85,137,'Jules Dare','2019-04-19 02:38:49'),(69,8,1647,'Mr. Sammie Kessler','2019-04-19 02:38:49'),(70,67,477,'Thea Schimmel','2019-04-19 02:38:49'),(71,67,415,'Rosanna Conroy','2019-04-19 02:38:49'),(72,102,1369,'Ms. Leora Wuckert MD','2019-04-19 02:38:50'),(73,45,1733,'Marguerite Pagac V','2019-04-19 02:38:50'),(74,61,1866,'Emily Lemke','2019-04-19 02:38:50'),(75,19,1241,'Dr. Brett Ferry V','2019-04-19 02:38:50'),(76,85,1948,'Mr. Greyson Veum','2019-04-19 02:38:50'),(77,27,850,'Mrs. Evalyn Macejkovic Sr.','2019-04-19 02:38:50'),(78,30,1645,'Daphnee Wintheiser','2019-04-19 02:38:50'),(79,95,531,'Sherwood Homenick','2019-04-19 02:38:50'),(80,86,1902,'Dr. Kevon Sawayn','2019-04-19 02:38:50'),(81,88,109,'Alexzander Barton','2019-04-19 02:38:51'),(82,73,1373,'Prof. Daisy Mueller IV','2019-04-19 02:38:51'),(83,54,1163,'Delaney Sporer','2019-04-19 02:38:51'),(84,102,1480,'Amber Conn DVM','2019-04-19 02:38:51'),(85,21,1818,'Jaeden Morissette','2019-04-19 02:38:51'),(86,54,119,'Lula Reynolds PhD','2019-04-19 02:38:51'),(87,97,808,'Justus Hegmann','2019-04-19 02:38:52'),(88,38,1393,'Heidi Hodkiewicz','2019-04-19 02:38:52'),(89,90,1100,'Prof. Tyrell Kessler II','2019-04-19 02:38:52'),(90,22,58,'Prof. Herman Runolfsson','2019-04-19 02:38:52'),(91,75,1705,'Mrs. Mallie Bode','2019-04-19 02:38:52'),(92,54,1656,'Kristian Nolan III','2019-04-19 02:38:52'),(93,47,95,'Prof. Avis Hill','2019-04-19 02:38:52'),(94,87,486,'Genevieve Crona','2019-04-19 02:38:52'),(95,96,1332,'Shanon Carroll','2019-04-19 02:38:53'),(96,42,841,'Miss Adella Gaylord','2019-04-19 02:38:53'),(97,7,911,'Roderick Hansen','2019-04-19 02:38:53'),(98,9,1242,'Prof. Jessika Collier IV','2019-04-19 02:38:53'),(99,12,415,'Ethelyn Conroy Jr.','2019-04-19 02:38:53'),(100,18,256,'Nakia Smith Jr.','2019-04-19 02:38:53'),(101,8,1637,'Dr. Stuart Fritsch','2019-04-19 02:38:53'),(102,66,1728,'Kamren Kunde','2019-04-19 02:38:54'),(103,34,1346,'Osborne Huels','2019-04-19 02:38:54'),(104,46,346,'Judy Schinner DDS','2019-04-19 02:38:54'),(105,34,367,'Ed Ullrich','2019-04-19 02:38:54'),(106,5,1515,'Garry Mraz','2019-04-19 02:38:54'),(107,52,709,'Miss Letha Jerde DDS','2019-04-19 02:38:54'),(108,92,303,'Hulda Kulas','2019-04-19 02:38:54'),(109,91,486,'Gabrielle Runolfsson I','2019-04-19 02:38:55'),(110,32,985,'Xzavier D\'Amore','2019-04-19 02:38:55'),(111,89,521,'Audreanne Jast','2019-04-19 02:38:55'),(112,4,926,'Rosario Rempel DVM','2019-04-19 02:38:55'),(113,38,1495,'Brant Goyette DDS','2019-04-19 02:38:55'),(114,32,444,'Chaya Abbott DDS','2019-04-19 02:38:55'),(115,69,192,'Miles Rolfson','2019-04-19 02:38:55'),(116,62,144,'Dr. Carolyn Kling III','2019-04-19 02:38:55'),(117,57,1884,'Mara Sporer','2019-04-19 02:38:55'),(118,80,318,'Eryn Rice','2019-04-19 02:38:55'),(119,11,175,'Felipa Rosenbaum','2019-04-19 02:38:56'),(120,87,1609,'Jayson Shields','2019-04-19 02:38:56'),(121,103,1882,'Miss Magnolia Feil Jr.','2019-04-19 02:38:56'),(122,75,661,'Ruthe Hane','2019-04-19 02:38:56'),(123,66,678,'Aurelie Roberts','2019-04-19 02:38:56'),(124,20,1224,'Ms. Janie Schuster','2019-04-19 02:38:56'),(125,9,1772,'Miss Mayra Gaylord','2019-04-19 02:38:56'),(126,6,1634,'Clifford Erdman','2019-04-19 02:38:56'),(127,62,1892,'Arnold Waelchi II','2019-04-19 02:38:56'),(128,75,537,'Kristin Vandervort','2019-04-19 02:38:56'),(129,47,797,'Miss Felicity Steuber','2019-04-19 02:38:57'),(130,16,1401,'Mike Grant','2019-04-19 02:38:57'),(131,46,1592,'Miss Carmen Pagac MD','2019-04-19 02:38:57'),(132,16,1377,'Sydnie Bednar','2019-04-19 02:38:57'),(133,27,1877,'Sabina Kilback III','2019-04-19 02:38:57'),(134,6,1090,'Nyah O\'Reilly','2019-04-19 02:38:57'),(135,64,942,'Fay Aufderhar','2019-04-19 02:38:57'),(136,11,1889,'Vladimir Yundt III','2019-04-19 02:38:57'),(137,29,294,'Florence Cronin MD','2019-04-19 02:38:57'),(138,23,1137,'Alysha Langworth PhD','2019-04-19 02:38:57'),(139,99,1807,'Dixie Lesch','2019-04-19 02:38:58'),(140,48,789,'Prof. Austyn Fay II','2019-04-19 02:38:58'),(141,8,134,'Vivianne Considine','2019-04-19 02:38:58'),(142,92,1218,'Adriana Kuhlman','2019-04-19 02:38:58'),(143,78,576,'Frederic Robel IV','2019-04-19 02:38:58'),(144,90,1784,'Marshall O\'Reilly','2019-04-19 02:38:58'),(145,23,1488,'Kenneth Gottlieb III','2019-04-19 02:38:58'),(146,45,906,'Thea Simonis PhD','2019-04-19 02:38:58'),(147,27,1263,'Jamal Huels V','2019-04-19 02:38:58'),(148,80,1198,'Hilma Wintheiser','2019-04-19 02:38:59'),(149,7,1839,'Mrs. Carlie West','2019-04-19 02:38:59'),(150,56,1958,'Dr. Mathilde White','2019-04-19 02:38:59'),(151,15,1097,'Miss Ila Haag','2019-04-19 02:38:59'),(152,95,1246,'Miracle Marquardt I','2019-04-19 02:38:59'),(153,16,1074,'Sigrid Bradtke','2019-04-19 02:38:59'),(154,11,1716,'Marjory Herman','2019-04-19 02:38:59'),(155,17,1079,'Burley Zemlak','2019-04-19 02:38:59'),(156,17,633,'Linnie Grady','2019-04-19 02:39:00'),(157,18,1980,'Florida Kilback','2019-04-19 02:39:00'),(158,69,319,'Miss Jacynthe Von II','2019-04-19 02:39:00'),(159,100,1322,'Francis Hudson','2019-04-19 02:39:00'),(160,73,731,'Katelynn Heidenreich','2019-04-19 02:39:00'),(161,103,180,'Brenna Daniel','2019-04-19 02:39:00'),(162,73,1969,'Prudence McCullough Jr.','2019-04-19 02:39:00'),(163,85,1699,'Antonetta Haley','2019-04-19 02:39:00'),(164,19,1253,'Miss Julianne Gutkowski I','2019-04-19 02:39:00'),(165,43,486,'Mr. Glen Pouros','2019-04-19 02:39:01'),(166,103,446,'Jermain Schultz','2019-04-19 02:39:01'),(167,41,222,'Martine Batz','2019-04-19 02:39:01'),(168,20,1943,'Isom Olson','2019-04-19 02:39:01'),(169,54,1655,'Mabel Braun','2019-04-19 02:39:01'),(170,93,972,'Zackary Johnson IV','2019-04-19 02:39:01'),(171,81,932,'Lavina Schmitt','2019-04-19 02:39:01'),(172,103,1174,'Autumn Crooks','2019-04-19 02:39:01'),(173,5,1789,'Jess Reilly','2019-04-19 02:39:01'),(174,50,1581,'Irving Lakin','2019-04-19 02:39:02'),(175,34,1877,'Adelia Barrows','2019-04-19 02:39:02'),(176,32,480,'Jeanie Turner','2019-04-19 02:39:02'),(177,9,187,'Miss Leda Johnson','2019-04-19 02:39:02'),(178,94,1131,'Magali Heathcote','2019-04-19 02:39:02'),(179,72,1492,'Mr. Murray Boyer MD','2019-04-19 02:39:02'),(180,49,1701,'Ms. Rosetta O\'Hara PhD','2019-04-19 02:39:02'),(181,56,811,'Jan Boyer','2019-04-19 02:39:03'),(182,70,717,'Miss Kaci Stoltenberg III','2019-04-19 02:39:03'),(183,67,314,'Amir Carter DDS','2019-04-19 02:39:03'),(184,45,155,'Adelle Daniel','2019-04-19 02:39:03'),(185,26,877,'Dr. Felicia VonRueden DDS','2019-04-19 02:39:03'),(186,93,1655,'Grady Leuschke','2019-04-19 02:39:03'),(187,15,1370,'Rubie Considine','2019-04-19 02:39:03'),(188,74,365,'Mr. Sidney Grimes I','2019-04-19 02:39:03'),(189,87,820,'Rickey Carroll','2019-04-19 02:39:03'),(190,9,715,'Dimitri Hayes','2019-04-19 02:39:03'),(191,71,818,'Mr. Antwan Cummerata','2019-04-19 02:39:04'),(192,67,301,'Prof. Jamal Rohan','2019-04-19 02:39:04'),(193,18,29,'Luigi Cremin','2019-04-19 02:39:04'),(194,62,1921,'Haylie O\'Kon Sr.','2019-04-19 02:39:04'),(195,47,1986,'Erna Goyette','2019-04-19 02:39:04'),(196,51,1656,'Dana Klocko','2019-04-19 02:39:04'),(197,37,1208,'Whitney Mante','2019-04-19 02:39:04'),(198,72,621,'Kaley Will','2019-04-19 02:39:04'),(199,41,1338,'Dr. Horace Schuppe','2019-04-19 02:39:05'),(200,84,1055,'Ms. Jeanie Schumm','2019-04-19 02:39:05'),(201,53,1984,'Tracey Gusikowski','2019-04-19 02:39:05'),(202,58,1171,'Emiliano Jaskolski','2019-04-19 02:39:05'),(203,69,258,'Prof. Camron McGlynn','2019-04-19 02:39:05'),(204,22,1229,'Prof. Edwardo Runolfsdottir II','2019-04-19 02:39:05'),(205,34,1021,'Dr. Jordi Stanton I','2019-04-19 02:39:06'),(206,67,935,'Marjorie Cremin PhD','2019-04-19 02:39:06'),(207,88,1658,'Maximillia Heidenreich','2019-04-19 02:39:06'),(208,32,306,'Evalyn Ortiz','2019-04-19 02:39:06'),(209,54,61,'Gage Schneider','2019-04-19 02:39:06'),(210,82,1217,'Mr. Bryce Jast','2019-04-19 02:39:06'),(211,88,160,'Prof. Einar Hirthe','2019-04-19 02:39:06'),(212,59,1661,'Hester Mitchell','2019-04-19 02:39:06'),(213,5,333,'Prof. Felicia Leannon Sr.','2019-04-19 02:39:06'),(214,92,1094,'Maryam Beahan DVM','2019-04-19 02:39:07'),(215,15,795,'Jewel Ferry','2019-04-19 02:39:07'),(216,56,603,'Vivianne Koepp','2019-04-19 02:39:07'),(217,42,1314,'Karley Morar','2019-04-19 02:39:07'),(218,87,720,'Prof. Rocky Jacobs','2019-04-19 02:39:07'),(219,46,192,'Jayden Ruecker','2019-04-19 02:39:07'),(220,42,1884,'Dr. Bernice Jaskolski','2019-04-19 02:39:07'),(221,32,1855,'Prof. Marion West','2019-04-19 02:39:07'),(222,5,1312,'Dr. Davonte Hermiston V','2019-04-19 02:39:07'),(223,91,674,'Ruben Auer','2019-04-19 02:39:08'),(224,48,1334,'Noble Emard','2019-04-19 02:39:08'),(225,33,821,'Demetrius Parker','2019-04-19 02:39:08'),(226,16,1803,'Willy Labadie','2019-04-19 02:39:08'),(227,45,622,'Prof. Mafalda Bogan III','2019-04-19 02:39:08'),(228,18,1407,'Catherine Cormier','2019-04-19 02:39:08'),(229,21,1707,'Elenora Baumbach','2019-04-19 02:39:08'),(230,38,796,'Miss Beaulah O\'Kon V','2019-04-19 02:39:08'),(231,26,1048,'Stan Watsica V','2019-04-19 02:39:08'),(232,63,141,'Noemi Beier','2019-04-19 02:39:09'),(233,22,1531,'Mr. Deondre Koelpin','2019-04-19 02:39:09'),(234,25,565,'Reece Kirlin','2019-04-19 02:39:09'),(235,71,1645,'Mr. Lenny Fadel','2019-04-19 02:39:09'),(236,42,148,'Elza Murphy','2019-04-19 02:39:09'),(237,99,1508,'Parker Zboncak DDS','2019-04-19 02:39:09'),(238,20,1161,'Rosamond Gleichner','2019-04-19 02:39:09'),(239,38,46,'Nico Langworth','2019-04-19 02:39:09'),(240,80,1102,'Leonel Bailey','2019-04-19 02:39:09'),(241,22,1511,'Connor Gerhold','2019-04-19 02:39:10'),(242,44,223,'Hollie Champlin MD','2019-04-19 02:39:10'),(243,61,1587,'Trystan Lemke','2019-04-19 02:39:10'),(244,30,957,'Miss Abigayle Ferry','2019-04-19 02:39:10'),(245,28,830,'Arnulfo Mitchell','2019-04-19 02:39:10'),(246,78,1188,'Ms. Cassandra Kirlin IV','2019-04-19 02:39:10'),(247,21,438,'Elouise Feil','2019-04-19 02:39:10'),(248,35,812,'Clementine Stokes','2019-04-19 02:39:10'),(249,64,477,'Mrs. Dolly Harber I','2019-04-19 02:39:11'),(250,44,1562,'Miss Julia Raynor PhD','2019-04-19 02:39:11'),(251,61,1799,'Stewart Hilpert','2019-04-19 02:39:11'),(252,35,1704,'Dr. Emmie Schulist V','2019-04-19 02:39:11'),(253,17,1231,'Louie Pfeffer','2019-04-19 02:39:11'),(254,43,1064,'Nick Gottlieb II','2019-04-19 02:39:12'),(255,19,589,'Joe Keeling MD','2019-04-19 02:39:12'),(256,38,624,'Cecilia Wunsch','2019-04-19 02:39:12'),(257,20,1504,'Brock Erdman','2019-04-19 02:39:12'),(258,54,1010,'Isaiah Daugherty','2019-04-19 02:39:12'),(259,24,360,'Nathaniel Effertz I','2019-04-19 02:39:12'),(260,15,1004,'Grayson Kuhlman','2019-04-19 02:39:12'),(261,17,825,'Dane Fritsch','2019-04-19 02:39:12'),(262,103,1604,'Perry Gutkowski','2019-04-19 02:39:12'),(263,79,167,'Maiya Williamson','2019-04-19 02:39:13'),(264,13,1086,'Ms. Burdette Kuhn','2019-04-19 02:39:13'),(265,13,1070,'Lela Hettinger','2019-04-19 02:39:13'),(266,103,805,'Miss Queenie Jast Sr.','2019-04-19 02:39:13'),(267,62,1781,'Bonnie Donnelly','2019-04-19 02:39:13'),(268,12,505,'Roslyn McCullough','2019-04-19 02:39:14'),(269,67,371,'Mr. Dallas Pfannerstill','2019-04-19 02:39:14'),(270,8,1187,'Florence Muller','2019-04-19 02:39:14'),(271,54,1688,'Prof. Gerry Boehm DDS','2019-04-19 02:39:14'),(272,90,757,'Nicholaus Daniel','2019-04-19 02:39:14'),(273,101,1736,'Clemens Wunsch','2019-04-19 02:39:14'),(274,35,481,'Tom Blick','2019-04-19 02:39:14'),(275,67,951,'Florian Rohan','2019-04-19 02:39:14'),(276,53,57,'Rebeca Armstrong III','2019-04-19 02:39:14'),(277,74,1358,'Elouise Eichmann','2019-04-19 02:39:15'),(278,24,688,'Aileen Wisozk III','2019-04-19 02:39:15'),(279,36,727,'Lauretta Rempel','2019-04-19 02:39:15'),(280,76,602,'Prof. Everett Carroll PhD','2019-04-19 02:39:15'),(281,81,1892,'Craig Franecki Sr.','2019-04-19 02:39:15'),(282,72,1492,'Karina Dach Sr.','2019-04-19 02:39:15'),(283,97,1384,'Jo Cartwright','2019-04-19 02:39:15'),(284,101,170,'Dr. Myles Schmitt PhD','2019-04-19 02:39:15'),(285,52,1565,'Teagan Grady','2019-04-19 02:39:15'),(286,52,813,'Bertha Prosacco','2019-04-19 02:39:16'),(287,95,974,'Miss Elnora Ondricka','2019-04-19 02:39:16'),(288,10,1185,'Nicolette Bruen','2019-04-19 02:39:16'),(289,31,1136,'Tyrell Treutel','2019-04-19 02:39:16'),(290,52,42,'Ms. Jana Collins Sr.','2019-04-19 02:39:16'),(291,9,853,'Prof. Damien Runolfsdottir','2019-04-19 02:39:16'),(292,85,396,'Miss Ozella Cronin Sr.','2019-04-19 02:39:16'),(293,21,1305,'Mr. Hyman Kilback IV','2019-04-19 02:39:17'),(294,25,1037,'Mason Kiehn','2019-04-19 02:39:17'),(295,46,633,'Rubie Wisozk','2019-04-19 02:39:17'),(296,55,1420,'Ena Roob','2019-04-19 02:39:17'),(297,101,1315,'Ofelia Skiles','2019-04-19 02:39:17'),(298,25,117,'Ewald Herzog','2019-04-19 02:39:17'),(299,59,1763,'Adolf Lehner I','2019-04-19 02:39:17'),(300,101,642,'Angelica Rempel','2019-04-19 02:39:17'),(301,44,1069,'Joan Bergstrom','2019-04-19 02:39:17'),(302,95,1358,'Lenore Nolan','2019-04-19 02:39:18'),(303,55,214,'Prof. Estrella Goodwin III','2019-04-19 02:39:18'),(304,88,1709,'Jennings Luettgen','2019-04-19 02:39:18'),(305,76,711,'Natalia Becker','2019-04-19 02:39:18'),(306,26,1420,'Prof. Alexandre Schaden','2019-04-19 02:39:18'),(307,4,698,'Avis Connelly','2019-04-19 02:39:18'),(308,99,1641,'Mallory Will','2019-04-19 02:39:18'),(309,73,1077,'Floy Armstrong','2019-04-19 02:39:18'),(310,4,1420,'Julio Sanford','2019-04-19 02:39:18'),(311,84,1734,'Haleigh Cormier','2019-04-19 02:39:19'),(312,21,697,'Raul Towne','2019-04-19 02:39:19'),(313,50,965,'Carissa Boyle','2019-04-19 02:39:19'),(314,21,1187,'Eugene West','2019-04-19 02:39:19'),(315,61,815,'Prof. Joshua Kirlin DVM','2019-04-19 02:39:19'),(316,58,488,'Duncan Schuster','2019-04-19 02:39:19'),(317,42,1589,'Michel Feeney','2019-04-19 02:39:19'),(318,47,1318,'Broderick Bode PhD','2019-04-19 02:39:20'),(319,80,924,'Dalton McClure','2019-04-19 02:39:20'),(320,8,1707,'Miss Elody Funk','2019-04-19 02:39:20'),(321,5,1146,'Billie Block','2019-04-19 02:39:20'),(322,16,981,'Ms. Tia Morar IV','2019-04-19 02:39:20'),(323,29,1441,'Dr. Hilton Jakubowski III','2019-04-19 02:39:20'),(324,11,201,'Prof. Jasen Hermann PhD','2019-04-19 02:39:20'),(325,31,694,'Jaiden O\'Conner','2019-04-19 02:39:21'),(326,65,1482,'Tressa Howell','2019-04-19 02:39:21'),(327,42,636,'Leonie Littel','2019-04-19 02:39:21'),(328,31,533,'Luisa Haley','2019-04-19 02:39:21'),(329,56,365,'Mrs. Rachelle Bernhard','2019-04-19 02:39:21'),(330,99,1740,'Dominique McLaughlin','2019-04-19 02:39:22'),(331,33,509,'Raquel Breitenberg','2019-04-19 02:39:22'),(332,88,298,'Kailyn Schowalter','2019-04-19 02:39:22'),(333,77,385,'Prof. Arlie Kassulke','2019-04-19 02:39:23'),(334,98,966,'Mrs. Fay Abbott DDS','2019-04-19 02:39:23'),(335,39,1631,'Dr. Bradford Nader','2019-04-19 02:39:23'),(336,74,1113,'Malika Stark','2019-04-19 02:39:23'),(337,76,1145,'Lela Pollich','2019-04-19 02:39:23'),(338,66,1540,'Rashad Altenwerth','2019-04-19 02:39:23'),(339,73,1879,'Lucinda Heidenreich','2019-04-19 02:39:23'),(340,49,1851,'Baby Kihn','2019-04-19 02:39:23'),(341,53,267,'Miss Bette Koelpin','2019-04-19 02:39:23'),(342,58,1710,'Anastacio Bartoletti','2019-04-19 02:39:24'),(343,65,296,'Emmalee Davis MD','2019-04-19 02:39:24'),(344,35,1425,'Prof. Alden Gaylord','2019-04-19 02:39:24'),(345,14,20,'Kaelyn Abbott','2019-04-19 02:39:24'),(346,7,1779,'Juston Franecki','2019-04-19 02:39:24'),(347,87,1564,'Daphnee Bode','2019-04-19 02:39:24'),(348,43,1433,'Anahi Bartell II','2019-04-19 02:39:24'),(349,60,1969,'Aidan Kshlerin','2019-04-19 02:39:24'),(350,30,1140,'Flavie Lindgren','2019-04-19 02:39:25'),(351,34,1741,'Stuart Leuschke','2019-04-19 02:39:25'),(352,64,1237,'Mrs. Eve Lehner','2019-04-19 02:39:25'),(353,41,1641,'Ms. Shana Hahn I','2019-04-19 02:39:25'),(354,6,1756,'Horace Denesik','2019-04-19 02:39:25'),(355,25,918,'Michael Lemke','2019-04-19 02:39:25'),(356,53,411,'Mr. Rylan Borer','2019-04-19 02:39:25'),(357,37,925,'Marshall Price III','2019-04-19 02:39:25'),(358,29,1713,'Karlee Rogahn','2019-04-19 02:39:25'),(359,11,480,'Mrs. Rosalinda Boyer','2019-04-19 02:39:26'),(360,31,684,'Juliana Brekke DDS','2019-04-19 02:39:26'),(361,71,1119,'Guy Waters','2019-04-19 02:39:26'),(362,55,549,'Jada Kozey','2019-04-19 02:39:26'),(363,84,594,'Miss Ruth Streich IV','2019-04-19 02:39:26'),(364,65,676,'Susana Roberts','2019-04-19 02:39:26'),(365,78,1549,'Dr. Corrine Skiles IV','2019-04-19 02:39:26'),(366,25,956,'Cornell Dare','2019-04-19 02:39:26'),(367,46,1968,'Prof. Daniela Jerde','2019-04-19 02:39:26'),(368,35,1178,'Opal Kemmer','2019-04-19 02:39:27'),(369,87,903,'Danny Rowe','2019-04-19 02:39:27'),(370,91,826,'Andreanne Pfannerstill','2019-04-19 02:39:27'),(371,87,1689,'Autumn Kuvalis','2019-04-19 02:39:27'),(372,39,214,'Daniela Runolfsson','2019-04-19 02:39:27'),(373,43,31,'Foster Kuhic','2019-04-19 02:39:27'),(374,12,1983,'Thurman Block','2019-04-19 02:39:27'),(375,101,1110,'Alva Bergnaum I','2019-04-19 02:39:28'),(376,57,1612,'Gerhard Kohler','2019-04-19 02:39:28'),(377,8,481,'Prof. Lavina Homenick','2019-04-19 02:39:28'),(378,42,1195,'Constantin Heidenreich','2019-04-19 02:39:28'),(379,41,321,'Miss Lucienne Wolff Sr.','2019-04-19 02:39:28'),(380,62,1303,'Ciara Erdman','2019-04-19 02:39:28'),(381,59,1446,'Jazmyne Macejkovic','2019-04-19 02:39:28'),(382,28,330,'Stephon Dach','2019-04-19 02:39:29'),(383,16,1330,'Ramona Corkery','2019-04-19 02:39:29'),(384,28,1750,'Marielle Swift','2019-04-19 02:39:29'),(385,17,111,'Devyn Schimmel','2019-04-19 02:39:29'),(386,84,1988,'Donald Schmeler','2019-04-19 02:39:29'),(387,6,1406,'Dr. Clifford Daugherty II','2019-04-19 02:39:29'),(388,11,155,'Rosalinda Fahey','2019-04-19 02:39:29'),(389,13,1522,'Axel Hudson DVM','2019-04-19 02:39:30'),(390,52,1802,'Dr. Sandy Torphy II','2019-04-19 02:39:30'),(391,5,1038,'Mariano Bode','2019-04-19 02:39:30'),(392,19,1325,'Dr. Michale Lindgren DVM','2019-04-19 02:39:30'),(393,28,476,'Santa Beatty','2019-04-19 02:39:30'),(394,61,1002,'Hollie Mann','2019-04-19 02:39:30'),(395,51,168,'Lisette Shanahan','2019-04-19 02:39:31'),(396,10,1162,'Brett Satterfield','2019-04-19 02:39:31'),(397,67,431,'Andre Kunde','2019-04-19 02:39:31'),(398,26,1554,'Gail Ferry','2019-04-19 02:39:31'),(399,102,1139,'Toy Williamson','2019-04-19 02:39:31'),(400,83,353,'Dr. Ruthie Trantow','2019-04-19 02:39:31'),(401,53,833,'Constance Heathcote','2019-04-19 02:39:31'),(402,73,722,'Prof. Mack Koelpin PhD','2019-04-19 02:39:31'),(403,64,489,'Sibyl Eichmann I','2019-04-19 02:39:32'),(404,23,83,'Dr. Edwin Rath','2019-04-19 02:39:32'),(405,62,170,'Mr. Rickey Ebert Jr.','2019-04-19 02:39:32'),(406,5,495,'Rebeca Quigley','2019-04-19 02:39:32'),(407,45,1880,'Prof. Krista Kessler','2019-04-19 02:39:32'),(408,32,1336,'Elmo McGlynn','2019-04-19 02:39:32'),(409,96,1571,'Johathan Schaden','2019-04-19 02:39:33'),(410,33,1156,'Cecilia Corwin','2019-04-19 02:39:33'),(411,90,1363,'Lilliana Kling','2019-04-19 02:39:33'),(412,100,1398,'Hector Lang','2019-04-19 02:39:33'),(413,40,1305,'Elenora Kozey','2019-04-19 02:39:33'),(414,5,1552,'Dagmar Kiehn','2019-04-19 02:39:33'),(415,80,49,'Dayton Ferry','2019-04-19 02:39:33'),(416,62,365,'Amelie Witting IV','2019-04-19 02:39:33'),(417,46,713,'Mr. Samir Dooley II','2019-04-19 02:39:33'),(418,101,778,'Kiana Kreiger','2019-04-19 02:39:33'),(419,23,535,'Miss Aleen Kulas MD','2019-04-19 02:39:34'),(420,27,151,'Dr. Ursula Brakus DVM','2019-04-19 02:39:34'),(421,77,953,'Genoveva Walker','2019-04-19 02:39:34'),(422,44,1943,'Jefferey Deckow Jr.','2019-04-19 02:39:34'),(423,103,1061,'Robyn Kub','2019-04-19 02:39:34'),(424,65,823,'Sabryna Kozey','2019-04-19 02:39:34'),(425,76,1394,'Lillian Buckridge','2019-04-19 02:39:34'),(426,82,1238,'Margarita Lubowitz','2019-04-19 02:39:34'),(427,14,1582,'Wilfred Predovic','2019-04-19 02:39:35'),(428,44,1229,'Ms. Sharon Rath','2019-04-19 02:39:35'),(429,67,1351,'Henriette Turner','2019-04-19 02:39:35'),(430,29,206,'Henri Carroll','2019-04-19 02:39:35'),(431,45,936,'Julie Walsh Sr.','2019-04-19 02:39:35'),(432,21,1809,'Dr. Lawson Hyatt Jr.','2019-04-19 02:39:35'),(433,32,1110,'Donna Connelly','2019-04-19 02:39:35'),(434,69,1170,'Laura Feil IV','2019-04-19 02:39:36'),(435,52,418,'Jaquan Volkman','2019-04-19 02:39:36'),(436,60,1745,'Xzavier Sawayn','2019-04-19 02:39:36'),(437,93,1263,'Leora Rath','2019-04-19 02:39:36'),(438,40,1898,'Dr. Aileen Larson','2019-04-19 02:39:36'),(439,48,4,'Kaden Bergstrom','2019-04-19 02:39:36'),(440,60,1159,'Ferne Wilderman','2019-04-19 02:39:36'),(441,74,181,'Fidel Balistreri','2019-04-19 02:39:36'),(442,52,114,'Mrs. Alverta Kovacek DVM','2019-04-19 02:39:37'),(443,22,1566,'Declan Jenkins','2019-04-19 02:39:37'),(444,89,666,'Dana Macejkovic','2019-04-19 02:39:37'),(445,7,693,'Angelica Pacocha','2019-04-19 02:39:37'),(446,30,319,'Ms. Verona Miller','2019-04-19 02:39:37'),(447,90,694,'Prof. Jaime Beer I','2019-04-19 02:39:37'),(448,43,591,'Joshua Mraz','2019-04-19 02:39:37'),(449,83,200,'Trey Kuhic','2019-04-19 02:39:37'),(450,72,673,'Dr. Desmond Doyle','2019-04-19 02:39:37'),(451,59,1072,'Assunta Huels II','2019-04-19 02:39:38'),(452,54,303,'Dr. Christa Jast Jr.','2019-04-19 02:39:38'),(453,34,1373,'Octavia Kris','2019-04-19 02:39:38'),(454,101,1504,'Mr. Louisa Jakubowski I','2019-04-19 02:39:38'),(455,101,1304,'Mrs. Carissa Miller','2019-04-19 02:39:38'),(456,25,1310,'Declan Morar','2019-04-19 02:39:38'),(457,6,818,'Hobart Cruickshank DVM','2019-04-19 02:39:38'),(458,63,1396,'Anais Hill','2019-04-19 02:39:38'),(459,57,1697,'Mrs. Ada Jacobs','2019-04-19 02:39:38'),(460,55,98,'Bryon Romaguera','2019-04-19 02:39:39'),(461,99,34,'Mrs. Lavina Reynolds Jr.','2019-04-19 02:39:39'),(462,10,226,'Alysha Swift','2019-04-19 02:39:39'),(463,33,729,'Nikolas Schmeler','2019-04-19 02:39:39'),(464,12,733,'Michael Gutmann','2019-04-19 02:39:39'),(465,95,760,'Arden Ankunding','2019-04-19 02:39:39'),(466,5,1000,'Prof. Hilda Hamill PhD','2019-04-19 02:39:39'),(467,13,53,'Iliana Torp','2019-04-19 02:39:39'),(468,65,1918,'Providenci Conn','2019-04-19 02:39:39'),(469,61,626,'Dr. Enrique Johns','2019-04-19 02:39:39'),(470,14,1440,'Kiel Will','2019-04-19 02:39:40'),(471,71,204,'Mr. Kayley Kozey I','2019-04-19 02:39:40'),(472,75,1563,'Prof. Wilhelmine Schultz','2019-04-19 02:39:40'),(473,74,1329,'Victor Deckow I','2019-04-19 02:39:40'),(474,58,225,'Miss Beatrice Feeney PhD','2019-04-19 02:39:40'),(475,99,186,'Brooks Rosenbaum','2019-04-19 02:39:40'),(476,12,660,'Antwan Weimann','2019-04-19 02:39:40'),(477,87,492,'Prof. Elfrieda Stark IV','2019-04-19 02:39:40'),(478,91,1677,'Monique Hoppe','2019-04-19 02:39:41'),(479,32,1535,'Lawrence Schmitt','2019-04-19 02:39:41'),(480,34,749,'Lamar Kulas','2019-04-19 02:39:41'),(481,5,1147,'Prof. Rowena Huel I','2019-04-19 02:39:41'),(482,49,218,'Mac Torp DVM','2019-04-19 02:39:41'),(483,8,276,'Asa Nicolas','2019-04-19 02:39:41'),(484,75,904,'Dr. Jaron Waelchi DVM','2019-04-19 02:39:41'),(485,45,1684,'Jackeline Veum','2019-04-19 02:39:41'),(486,20,1743,'Ms. Gisselle Funk','2019-04-19 02:39:41'),(487,88,1210,'Leopold Grady','2019-04-19 02:39:42'),(488,47,941,'Maurine Hirthe','2019-04-19 02:39:42'),(489,29,828,'Emmalee Morar V','2019-04-19 02:39:42'),(490,41,1013,'Mrs. Rebecca Bahringer','2019-04-19 02:39:42'),(491,72,1726,'Mr. Mustafa Kuhn','2019-04-19 02:39:42'),(492,23,1602,'Fredy Batz DDS','2019-04-19 02:39:42'),(493,82,557,'Cory Harris','2019-04-19 02:39:42'),(494,36,843,'Assunta Parisian','2019-04-19 02:39:42'),(495,12,1095,'Delphia Pfannerstill V','2019-04-19 02:39:43'),(496,62,742,'Adrien McDermott','2019-04-19 02:39:43'),(497,85,382,'Prof. Edwardo Mertz','2019-04-19 02:39:43'),(498,10,26,'Rickie Nader PhD','2019-04-19 02:39:43'),(499,7,1456,'Mr. Chase Tillman','2019-04-19 02:39:43'),(500,49,740,'Pasquale Renner','2019-04-19 02:39:44'),(501,19,1433,'Dr. Jerome Volkman','2019-04-19 02:39:44'),(502,17,100,'Alana Huel','2019-04-19 02:39:44'),(503,83,1568,'Jaclyn Kiehn','2019-04-19 02:39:44'),(504,56,59,'Loyal Kuhlman','2019-04-19 02:39:44'),(505,46,1997,'Damian Wyman Sr.','2019-04-19 02:39:44'),(506,98,1894,'Mckenzie Conn','2019-04-19 02:39:44'),(507,48,308,'Dr. Berenice Emard','2019-04-19 02:39:45'),(508,27,568,'Franz Hirthe','2019-04-19 02:39:45'),(509,65,1245,'Mrs. Kari Cronin','2019-04-19 02:39:45'),(510,61,925,'Mrs. Glenda Parisian MD','2019-04-19 02:39:45'),(511,63,222,'Lia Kassulke','2019-04-19 02:39:45'),(512,75,1695,'Thad Gerhold','2019-04-19 02:39:45'),(513,13,1241,'Selena Rogahn','2019-04-19 02:39:46'),(514,50,777,'Aliya Durgan','2019-04-19 02:39:46'),(515,47,974,'Mrs. Aniyah Witting Sr.','2019-04-19 02:39:46'),(516,84,1951,'Aryanna DuBuque Sr.','2019-04-19 02:39:46'),(517,63,1056,'Nyasia Stanton','2019-04-19 02:39:46'),(518,79,945,'Harry Mante','2019-04-19 02:39:46'),(519,71,1433,'Eugenia Hayes','2019-04-19 02:39:46'),(520,89,120,'Prof. Timothy Breitenberg III','2019-04-19 02:39:46'),(521,81,1831,'Milan Goldner','2019-04-19 02:39:47'),(522,12,1712,'Prof. Frederic McLaughlin DVM','2019-04-19 02:39:47'),(523,67,734,'Jeffery Strosin','2019-04-19 02:39:47'),(524,26,306,'Prof. Matt Dickinson','2019-04-19 02:39:47'),(525,102,493,'Ansley Turner','2019-04-19 02:39:47'),(526,92,1420,'Miss Camilla Feil','2019-04-19 02:39:47'),(527,62,373,'Marilyne Welch','2019-04-19 02:39:47'),(528,22,744,'Ashlee Dietrich','2019-04-19 02:39:47'),(529,12,906,'Griffin Deckow III','2019-04-19 02:39:47'),(530,63,1562,'Vergie Dach','2019-04-19 02:39:47'),(531,24,596,'Dr. Joshua Dietrich','2019-04-19 02:39:48'),(532,39,1606,'Mr. Alford Lubowitz DVM','2019-04-19 02:39:48'),(533,74,396,'Shanel Runte','2019-04-19 02:39:48'),(534,80,322,'Dr. Orville Gutkowski DDS','2019-04-19 02:39:48'),(535,90,1282,'Prof. Tressie Haag III','2019-04-19 02:39:48'),(536,57,51,'Ursula Ebert PhD','2019-04-19 02:39:48'),(537,103,1599,'Miss Zoe Stanton','2019-04-19 02:39:49'),(538,20,857,'Abdul Klein DVM','2019-04-19 02:39:49'),(539,51,1615,'Joanne Mayert','2019-04-19 02:39:49'),(540,95,1494,'Ms. Penelope Bogisich V','2019-04-19 02:39:49'),(541,47,200,'Charlene Becker','2019-04-19 02:39:49'),(542,9,1781,'Laney Skiles DVM','2019-04-19 02:39:49'),(543,45,1661,'Miss Eloisa Kiehn PhD','2019-04-19 02:39:49'),(544,17,1985,'Kenna Durgan','2019-04-19 02:39:49'),(545,98,324,'Audrey Connelly','2019-04-19 02:39:49'),(546,86,64,'Henderson Boehm','2019-04-19 02:39:50'),(547,84,929,'Dr. Camryn Lowe III','2019-04-19 02:39:50'),(548,83,748,'Granville Bruen','2019-04-19 02:39:50'),(549,75,1011,'Prof. Norwood Stehr DDS','2019-04-19 02:39:50'),(550,73,100,'Stuart Pfannerstill','2019-04-19 02:39:50'),(551,67,60,'Donny Ritchie','2019-04-19 02:39:50'),(552,101,218,'Delores Bernhard','2019-04-19 02:39:50'),(553,15,1790,'Olaf Muller','2019-04-19 02:39:50'),(554,45,1384,'Mae White','2019-04-19 02:39:50'),(555,29,1203,'Osvaldo Dach','2019-04-19 02:39:50'),(556,17,552,'Mr. Salvador Auer III','2019-04-19 02:39:51'),(557,63,1233,'Vaughn Weissnat Sr.','2019-04-19 02:39:51'),(558,8,654,'Sim Grant','2019-04-19 02:39:51'),(559,98,1148,'Jarrett Reinger','2019-04-19 02:39:51'),(560,15,963,'Isaiah Littel','2019-04-19 02:39:51'),(561,16,1216,'Jett Daniel','2019-04-19 02:39:51'),(562,85,859,'Ms. Destinee Bergstrom PhD','2019-04-19 02:39:51'),(563,8,683,'Melany West','2019-04-19 02:39:51'),(564,80,1470,'Juanita Roberts','2019-04-19 02:39:52'),(565,7,1502,'Dr. Annette Lueilwitz','2019-04-19 02:39:52'),(566,51,1833,'Fritz Rowe DDS','2019-04-19 02:39:52'),(567,27,1234,'Vella Skiles','2019-04-19 02:39:52'),(568,69,264,'Taya Bauch','2019-04-19 02:39:52'),(569,72,973,'Destiny Kub','2019-04-19 02:39:52'),(570,97,73,'Josephine Hayes','2019-04-19 02:39:52'),(571,102,1249,'Clementina Schamberger','2019-04-19 02:39:52'),(572,10,1313,'Willow Bins Sr.','2019-04-19 02:39:53'),(573,70,818,'Yasmine Corwin','2019-04-19 02:39:53'),(574,20,1352,'Mrs. Brandy Krajcik II','2019-04-19 02:39:53'),(575,7,197,'Martine Wolff','2019-04-19 02:39:53'),(576,28,1260,'Prof. Karley Kunze','2019-04-19 02:39:53'),(577,102,1685,'Prof. Lincoln Denesik','2019-04-19 02:39:53'),(578,81,180,'Dr. Liam Volkman','2019-04-19 02:39:53'),(579,31,281,'Ms. Naomie Stroman','2019-04-19 02:39:53'),(580,32,1193,'Miss Virginia Cartwright Jr.','2019-04-19 02:39:53'),(581,86,620,'Tess Volkman MD','2019-04-19 02:39:53'),(582,46,1080,'Prof. Maxime Streich','2019-04-19 02:39:54'),(583,56,249,'Raheem Predovic','2019-04-19 02:39:54'),(584,81,1169,'Ursula Marvin','2019-04-19 02:39:54'),(585,93,939,'Royal Steuber','2019-04-19 02:39:54'),(586,16,1100,'Miss Zella Turcotte DVM','2019-04-19 02:39:54'),(587,71,1271,'Vicente D\'Amore','2019-04-19 02:39:54'),(588,29,539,'Alex Kreiger I','2019-04-19 02:39:54'),(589,33,1850,'Miss Maggie Ondricka','2019-04-19 02:39:54'),(590,27,1500,'David Johnson','2019-04-19 02:39:54'),(591,14,432,'Erika Hessel','2019-04-19 02:39:54'),(592,21,1272,'Idell Lind','2019-04-19 02:39:55'),(593,89,212,'Reese Huel','2019-04-19 02:39:55'),(594,84,1720,'Johnathan Treutel','2019-04-19 02:39:55'),(595,72,240,'Ms. Adelle Konopelski III','2019-04-19 02:39:55'),(596,4,489,'Raymond Dooley PhD','2019-04-19 02:39:55'),(597,23,1723,'Carmel Hickle','2019-04-19 02:39:55'),(598,39,804,'Alysa Trantow IV','2019-04-19 02:39:55'),(599,85,522,'Hoyt Murray','2019-04-19 02:39:55'),(600,34,959,'Ms. Krystel Yost V','2019-04-19 02:39:55'),(601,29,1671,'Mr. Dell Gaylord','2019-04-19 02:39:56'),(602,48,577,'Dimitri Dach','2019-04-19 02:39:56'),(603,8,1181,'Dr. Emmalee Medhurst','2019-04-19 02:39:56'),(604,6,570,'Berta Marvin IV','2019-04-19 02:39:56'),(605,44,117,'Prof. Kellie Treutel','2019-04-19 02:39:56'),(606,46,951,'Alexzander Tillman','2019-04-19 02:39:56'),(607,102,335,'Ibrahim Carroll IV','2019-04-19 02:39:56'),(608,88,622,'Edward Hammes','2019-04-19 02:39:56'),(609,99,1939,'Prof. Valerie Shanahan V','2019-04-19 02:39:56'),(610,80,103,'Aidan Macejkovic','2019-04-19 02:39:56'),(611,101,619,'Dimitri Mayert','2019-04-19 02:39:57'),(612,82,610,'Randal Blick Jr.','2019-04-19 02:39:57'),(613,54,623,'Izaiah McDermott','2019-04-19 02:39:57'),(614,5,1778,'Corrine Tillman','2019-04-19 02:39:57'),(615,21,152,'Magnus Lesch','2019-04-19 02:39:57'),(616,36,1155,'Destini Rice II','2019-04-19 02:39:57'),(617,67,1646,'Rico Schroeder','2019-04-19 02:39:57'),(618,17,1699,'Bailey Roberts','2019-04-19 02:39:57'),(619,24,1322,'Ruthie Howe Jr.','2019-04-19 02:39:58'),(620,67,1204,'Ambrose Kuvalis','2019-04-19 02:39:58'),(621,29,252,'Mr. Felix Schinner','2019-04-19 02:39:58'),(622,13,824,'Cullen Murray','2019-04-19 02:39:58'),(623,81,1052,'Georgianna Langworth III','2019-04-19 02:39:58'),(624,30,937,'Alvena Spinka','2019-04-19 02:39:58'),(625,24,1055,'Keyshawn Bailey','2019-04-19 02:39:58'),(626,15,1853,'Chester Gislason V','2019-04-19 02:39:58'),(627,46,1938,'Adriana Dickinson','2019-04-19 02:39:59'),(628,84,1194,'Kadin Wiegand','2019-04-19 02:39:59'),(629,73,551,'Orin Jacobs','2019-04-19 02:39:59'),(630,51,1182,'Norris Olson','2019-04-19 02:39:59'),(631,8,1629,'Zelma West','2019-04-19 02:39:59'),(632,43,1726,'Miss Bernice Treutel Jr.','2019-04-19 02:40:00'),(633,66,1559,'Omari Brown','2019-04-19 02:40:00'),(634,14,1752,'Chesley Schowalter','2019-04-19 02:40:00'),(635,48,1700,'Otis Emmerich','2019-04-19 02:40:00'),(636,41,1031,'Miss Rosalind Gorczany','2019-04-19 02:40:00'),(637,46,1303,'Thora Predovic','2019-04-19 02:40:00'),(638,46,1390,'Prof. Christian Willms MD','2019-04-19 02:40:00'),(639,56,1760,'Dr. Easter Kovacek','2019-04-19 02:40:00'),(640,71,888,'Hannah Hudson','2019-04-19 02:40:00'),(641,73,1075,'Virgil Moore','2019-04-19 02:40:01'),(642,69,1577,'Dr. Marcelino Waelchi PhD','2019-04-19 02:40:01'),(643,43,1042,'Margarett Kulas','2019-04-19 02:40:01'),(644,101,1052,'Rebekah Mayert','2019-04-19 02:40:01'),(645,94,338,'Dr. Armando Yost DDS','2019-04-19 02:40:01'),(646,66,426,'Mr. Raymond Lockman','2019-04-19 02:40:01'),(647,84,1383,'Catharine Wyman','2019-04-19 02:40:01'),(648,73,1754,'Dustin Jaskolski','2019-04-19 02:40:01'),(649,21,1844,'Dr. Kailey Weissnat I','2019-04-19 02:40:02'),(650,12,1664,'Miss Rosa Brown Jr.','2019-04-19 02:40:02'),(651,77,1703,'Prof. Camden Haag MD','2019-04-19 02:40:02'),(652,58,1948,'Kathlyn Altenwerth','2019-04-19 02:40:02'),(653,53,515,'Valentina Witting','2019-04-19 02:40:02'),(654,84,378,'Arch Hagenes','2019-04-19 02:40:02'),(655,72,611,'Prof. Katheryn Anderson DDS','2019-04-19 02:40:03'),(656,11,82,'Dr. Gage Smith','2019-04-19 02:40:03'),(657,83,1973,'Levi Murray I','2019-04-19 02:40:03'),(658,100,1068,'Jayme Langworth I','2019-04-19 02:40:03'),(659,83,1739,'Alexane Will','2019-04-19 02:40:03'),(660,75,965,'Prof. Dwight Berge','2019-04-19 02:40:03'),(661,63,252,'Ignacio Toy Sr.','2019-04-19 02:40:03'),(662,24,1030,'Santos West DVM','2019-04-19 02:40:03'),(663,103,1955,'Damaris Kub Jr.','2019-04-19 02:40:04'),(664,96,1379,'Mrs. Joana Schowalter','2019-04-19 02:40:04'),(665,83,1294,'Prof. Matt Kozey','2019-04-19 02:40:04'),(666,82,1745,'Johnnie Yost','2019-04-19 02:40:04'),(667,24,1083,'Ruthie Dickens IV','2019-04-19 02:40:04'),(668,31,1094,'Mrs. Alva Orn V','2019-04-19 02:40:04'),(669,64,1465,'Cayla Grant','2019-04-19 02:40:04'),(670,83,1336,'Lawrence Green','2019-04-19 02:40:04'),(671,82,1048,'Timothy Howe','2019-04-19 02:40:05'),(672,92,1182,'Hassie Veum','2019-04-19 02:40:05'),(673,25,1832,'Dr. Clarissa Bogan II','2019-04-19 02:40:05'),(674,42,1501,'Brandi Jacobson','2019-04-19 02:40:05'),(675,16,1712,'Elody Howell','2019-04-19 02:40:05'),(676,5,1550,'Shyann Schimmel','2019-04-19 02:40:05'),(677,67,464,'Kathleen Hammes I','2019-04-19 02:40:05'),(678,33,1058,'Patricia Padberg','2019-04-19 02:40:05'),(679,95,1684,'Eulah Schoen','2019-04-19 02:40:06'),(680,81,1883,'Prof. Clementina Rodriguez PhD','2019-04-19 02:40:06'),(681,10,120,'Darrell Swift','2019-04-19 02:40:06'),(682,83,1595,'Mavis Price','2019-04-19 02:40:06'),(683,73,1246,'Dr. Lamont Graham','2019-04-19 02:40:06'),(684,69,1244,'Kelton Casper','2019-04-19 02:40:07'),(685,71,1652,'Mr. Gianni O\'Keefe IV','2019-04-19 02:40:07'),(686,91,509,'Hilton Reinger','2019-04-19 02:40:07'),(687,55,601,'Prof. Julio Heaney','2019-04-19 02:40:07'),(688,70,500,'Ewell Murphy','2019-04-19 02:40:07'),(689,39,45,'Juana Beier','2019-04-19 02:40:07'),(690,62,991,'Prof. Jordyn Schaefer MD','2019-04-19 02:40:07'),(691,94,476,'Crystel Lebsack','2019-04-19 02:40:07'),(692,8,1133,'Ila O\'Keefe','2019-04-19 02:40:08'),(693,59,864,'Ashlynn Lubowitz','2019-04-19 02:40:08'),(694,47,1727,'Cleora Reinger','2019-04-19 02:40:08'),(695,33,1563,'Cynthia Corkery','2019-04-19 02:40:08'),(696,99,306,'Brent Treutel','2019-04-19 02:40:08'),(697,84,192,'Bertrand Hahn','2019-04-19 02:40:08'),(698,56,574,'Mr. Aidan Lowe Sr.','2019-04-19 02:40:08'),(699,93,284,'Rahul Spencer','2019-04-19 02:40:08'),(700,37,1072,'Mrs. Joyce Ryan PhD','2019-04-19 02:40:08'),(701,4,711,'Prof. Jerel Huel PhD','2019-04-19 02:40:09'),(702,67,1520,'Mrs. Ova Heathcote','2019-04-19 02:40:09'),(703,99,997,'Clint Mills','2019-04-19 02:40:09'),(704,46,306,'Eldon Kohler','2019-04-19 02:40:09'),(705,26,914,'Makayla Wunsch','2019-04-19 02:40:09'),(706,73,287,'Elsie Huels','2019-04-19 02:40:09'),(707,88,1107,'Coy Schuppe','2019-04-19 02:40:09'),(708,54,1251,'Terrence Nitzsche DVM','2019-04-19 02:40:09'),(709,83,1215,'Katelin Abbott','2019-04-19 02:40:10'),(710,25,1616,'Prof. Gay Mills Jr.','2019-04-19 02:40:10'),(711,71,1768,'Frank Heaney I','2019-04-19 02:40:10'),(712,71,1114,'Zelma Lebsack','2019-04-19 02:40:10'),(713,86,280,'Jennifer Denesik','2019-04-19 02:40:10'),(714,78,457,'Mrs. Melyssa Kessler DDS','2019-04-19 02:40:10'),(715,58,1756,'Devan Denesik DDS','2019-04-19 02:40:10'),(716,31,372,'Mr. Marcel Leannon I','2019-04-19 02:40:10'),(717,50,104,'Junius Wolf','2019-04-19 02:40:11'),(718,6,380,'Jermaine Hill','2019-04-19 02:40:11'),(719,102,66,'Adriel Kemmer','2019-04-19 02:40:11'),(720,71,1372,'Adela Johns','2019-04-19 02:40:11'),(721,65,25,'Prof. Carolanne Bayer I','2019-04-19 02:40:11'),(722,16,1217,'Javonte Murray','2019-04-19 02:40:11'),(723,92,41,'Jesus Walter','2019-04-19 02:40:12'),(724,16,1208,'Prof. Brooklyn Kreiger I','2019-04-19 02:40:12'),(725,59,77,'Lazaro Conn','2019-04-19 02:40:12'),(726,47,1227,'Demetrius Hyatt','2019-04-19 02:40:12'),(727,44,694,'Theresia Johnston','2019-04-19 02:40:12'),(728,16,1573,'Kasey Schroeder','2019-04-19 02:40:12'),(729,91,504,'Laurianne Hilpert','2019-04-19 02:40:12'),(730,18,274,'Gunner Kunze','2019-04-19 02:40:12'),(731,76,1378,'Jerod Klocko','2019-04-19 02:40:13'),(732,85,1669,'Mallory Mertz','2019-04-19 02:40:13'),(733,44,1349,'Allene Weimann','2019-04-19 02:40:13'),(734,102,884,'Napoleon Ondricka','2019-04-19 02:40:13'),(735,51,1756,'Vella Lemke','2019-04-19 02:40:13'),(736,5,142,'Nellie Goyette','2019-04-19 02:40:13'),(737,38,563,'Miss Twila Bode V','2019-04-19 02:40:13'),(738,37,1743,'Katlyn Kohler','2019-04-19 02:40:13'),(739,17,1016,'Santina Altenwerth','2019-04-19 02:40:13'),(740,69,420,'Elwyn Keebler','2019-04-19 02:40:14'),(741,26,1770,'Dr. Cynthia Mayert DDS','2019-04-19 02:40:14'),(742,9,600,'Tavares Stoltenberg','2019-04-19 02:40:14'),(743,100,1223,'Jennyfer Dickens','2019-04-19 02:40:14'),(744,52,347,'Omari Bernier','2019-04-19 02:40:14'),(745,35,1943,'Dr. Kraig Osinski','2019-04-19 02:40:14'),(746,86,180,'Miss Maegan Greenfelder II','2019-04-19 02:40:14'),(747,35,1557,'Cecelia Miller','2019-04-19 02:40:15'),(748,88,218,'Nathanial Funk','2019-04-19 02:40:15'),(749,5,791,'Dr. Chauncey Jenkins','2019-04-19 02:40:15'),(750,100,3,'Rogers Langworth','2019-04-19 02:40:15'),(751,82,327,'Nola Rath','2019-04-19 02:40:15'),(752,72,658,'Mireya Marquardt','2019-04-19 02:40:15'),(753,45,1092,'Prof. Reggie O\'Keefe DDS','2019-04-19 02:40:16'),(754,59,107,'Miss Linnea Mann','2019-04-19 02:40:16'),(755,25,1446,'Fabiola Wisoky PhD','2019-04-19 02:40:16'),(756,88,439,'Henderson Marks','2019-04-19 02:40:17'),(757,36,882,'Troy Hoeger I','2019-04-19 02:40:17'),(758,100,430,'Margaret Hansen','2019-04-19 02:40:17'),(759,98,316,'Mr. August Turcotte','2019-04-19 02:40:17'),(760,31,1592,'Ms. Brisa Roberts IV','2019-04-19 02:40:17'),(761,56,572,'Justine Jast','2019-04-19 02:40:17'),(762,88,1182,'Adalberto Haley','2019-04-19 02:40:18'),(763,32,1520,'Eryn Keebler II','2019-04-19 02:40:18'),(764,82,668,'Ethan Champlin II','2019-04-19 02:40:18'),(765,35,1784,'Felipa Cruickshank Sr.','2019-04-19 02:40:18'),(766,60,1355,'Kavon Durgan','2019-04-19 02:40:18'),(767,52,1388,'Matteo Rodriguez','2019-04-19 02:40:18'),(768,14,773,'Krystina Mayer','2019-04-19 02:40:19'),(769,80,1112,'Mr. Edgar Smith','2019-04-19 02:40:19'),(770,83,324,'Paul Vandervort','2019-04-19 02:40:19'),(771,21,1956,'Chelsie Grimes','2019-04-19 02:40:19'),(772,69,1082,'Arnoldo Maggio','2019-04-19 02:40:19'),(773,13,1176,'Georgette Bahringer V','2019-04-19 02:40:19'),(774,92,1554,'Dr. Rosendo Konopelski IV','2019-04-19 02:40:20'),(775,88,448,'Freda Okuneva','2019-04-19 02:40:20'),(776,54,1220,'Ms. Bernadine McLaughlin III','2019-04-19 02:40:20'),(777,59,1707,'Rudolph Kulas Sr.','2019-04-19 02:40:20'),(778,78,986,'Ned Runolfsdottir I','2019-04-19 02:40:20'),(779,39,1850,'Prof. Justine Herzog MD','2019-04-19 02:40:20'),(780,85,223,'Cora Dach','2019-04-19 02:40:20'),(781,74,1196,'Prof. Chandler Hessel','2019-04-19 02:40:21'),(782,94,1168,'Prof. Jeff O\'Keefe Jr.','2019-04-19 02:40:21'),(783,54,419,'Mr. Karl Wiza Sr.','2019-04-19 02:40:21'),(784,43,1768,'Kariane Shields I','2019-04-19 02:40:21'),(785,57,815,'Orlando Jacobson','2019-04-19 02:40:21'),(786,51,1337,'Winona Douglas','2019-04-19 02:40:21'),(787,89,903,'Anabel Nikolaus PhD','2019-04-19 02:40:21'),(788,84,644,'Raoul Hauck','2019-04-19 02:40:22'),(789,17,724,'Mr. Jayson Lynch','2019-04-19 02:40:22'),(790,51,203,'Jennie Kerluke','2019-04-19 02:40:22'),(791,43,1541,'Ansley Pfeffer','2019-04-19 02:40:22'),(792,89,1780,'Reina Graham','2019-04-19 02:40:22'),(793,92,1716,'Estel Hudson','2019-04-19 02:40:23'),(794,79,1235,'Dasia Legros','2019-04-19 02:40:23'),(795,83,1646,'Neil Kessler','2019-04-19 02:40:23'),(796,15,1100,'Walter Veum','2019-04-19 02:40:23'),(797,48,89,'Rossie Kemmer','2019-04-19 02:40:23'),(798,65,471,'Darryl Volkman','2019-04-19 02:40:23'),(799,60,1934,'Dr. Luther Crona','2019-04-19 02:40:23'),(800,68,199,'Leatha Langosh','2019-04-19 02:40:24'),(801,74,777,'Mr. Fredy Senger','2019-04-19 02:40:24'),(802,51,95,'Jaida Littel DVM','2019-04-19 02:40:24'),(803,87,762,'Cortez Mayert IV','2019-04-19 02:40:24'),(804,7,540,'Randal Abshire DVM','2019-04-19 02:40:24'),(805,79,677,'Oscar Kassulke','2019-04-19 02:40:24'),(806,32,1490,'Ms. Madisyn Nienow IV','2019-04-19 02:40:25'),(807,98,430,'Micheal Monahan V','2019-04-19 02:40:25'),(808,33,524,'Miss Adaline Sauer','2019-04-19 02:40:25'),(809,93,1016,'Prof. Louisa Gusikowski II','2019-04-19 02:40:25'),(810,6,503,'Claudie Hilpert','2019-04-19 02:40:25'),(811,68,350,'Daija Skiles','2019-04-19 02:40:25'),(812,49,1832,'Lola Kuhic V','2019-04-19 02:40:25'),(813,52,1206,'Abigail Hegmann','2019-04-19 02:40:26'),(814,18,1781,'Dora Crist','2019-04-19 02:40:26'),(815,88,1598,'Dr. Callie Donnelly','2019-04-19 02:40:26'),(816,86,407,'Clifford Gorczany','2019-04-19 02:40:26'),(817,25,622,'Wilfrid Maggio','2019-04-19 02:40:26'),(818,13,1335,'Jedidiah Conn Sr.','2019-04-19 02:40:26'),(819,56,465,'Monique Buckridge','2019-04-19 02:40:26'),(820,57,688,'Nikita Crona','2019-04-19 02:40:27'),(821,87,149,'Sandy Turner','2019-04-19 02:40:27'),(822,27,875,'Lorena Blanda','2019-04-19 02:40:27'),(823,62,1247,'Dr. Damion Swaniawski','2019-04-19 02:40:27'),(824,91,1288,'Cali Crist','2019-04-19 02:40:27'),(825,58,1342,'Mr. Juvenal Blick','2019-04-19 02:40:28'),(826,64,399,'Kariane Lebsack','2019-04-19 02:40:28'),(827,29,1778,'Nelson Macejkovic','2019-04-19 02:40:28'),(828,47,1644,'Elinor Renner','2019-04-19 02:40:28'),(829,42,723,'Dr. Angeline Hudson','2019-04-19 02:40:28'),(830,39,776,'Efrain Schulist I','2019-04-19 02:40:28'),(831,16,1004,'Ms. Ruthie Grady V','2019-04-19 02:40:29'),(832,8,1264,'Rey Schowalter','2019-04-19 02:40:29'),(833,88,344,'Dr. Ebony Kuvalis','2019-04-19 02:40:29'),(834,72,1475,'Lolita Barton DVM','2019-04-19 02:40:29'),(835,41,1035,'Ms. Victoria Veum II','2019-04-19 02:40:29'),(836,35,1187,'Oran Lueilwitz','2019-04-19 02:40:29'),(837,26,851,'Maymie Prosacco','2019-04-19 02:40:29'),(838,86,743,'Demarco Windler','2019-04-19 02:40:30'),(839,13,1203,'Prof. Bo Schiller I','2019-04-19 02:40:30'),(840,50,1684,'Mr. Terrance Orn IV','2019-04-19 02:40:30'),(841,66,552,'Micah Champlin','2019-04-19 02:40:30'),(842,103,629,'Clay Sauer','2019-04-19 02:40:30'),(843,102,379,'Mrs. Zaria Hane II','2019-04-19 02:40:30'),(844,91,394,'Wilber Friesen I','2019-04-19 02:40:31'),(845,70,116,'Rosalinda Schaden','2019-04-19 02:40:31'),(846,39,150,'Mrs. Patience Nienow I','2019-04-19 02:40:31'),(847,80,1977,'Lucienne Zemlak','2019-04-19 02:40:31'),(848,39,1524,'Hubert Lesch PhD','2019-04-19 02:40:31'),(849,84,998,'Dr. Osborne Boyle','2019-04-19 02:40:31'),(850,74,87,'Vada West','2019-04-19 02:40:31'),(851,79,1704,'Maureen Goyette','2019-04-19 02:40:32'),(852,102,1075,'Skylar VonRueden DDS','2019-04-19 02:40:32'),(853,72,161,'Tavares Becker','2019-04-19 02:40:32'),(854,60,1848,'Miss Kirstin Haley II','2019-04-19 02:40:32'),(855,55,1671,'Ryley Schinner','2019-04-19 02:40:32'),(856,62,745,'Miss Emmanuelle Prosacco IV','2019-04-19 02:40:33'),(857,84,1381,'Prof. Eusebio Hagenes DVM','2019-04-19 02:40:33'),(858,97,1496,'Gabriella Brakus','2019-04-19 02:40:33'),(859,61,1771,'Eunice Simonis','2019-04-19 02:40:33'),(860,101,1886,'Aliza Skiles IV','2019-04-19 02:40:33'),(861,99,870,'Elta Gottlieb','2019-04-19 02:40:33'),(862,6,1820,'Demarco King','2019-04-19 02:40:34'),(863,70,1760,'Nicolas Johnson Jr.','2019-04-19 02:40:34'),(864,40,539,'Mr. Tatum Steuber MD','2019-04-19 02:40:34'),(865,40,1487,'Prof. Ansley Bins DVM','2019-04-19 02:40:34'),(866,76,602,'Bailee Stoltenberg PhD','2019-04-19 02:40:34'),(867,84,1448,'Lorenz Waelchi','2019-04-19 02:40:34'),(868,13,1432,'Jedediah Bergnaum V','2019-04-19 02:40:35'),(869,30,823,'Prof. Rey Zulauf DDS','2019-04-19 02:40:35'),(870,29,625,'Fabian Stoltenberg','2019-04-19 02:40:35'),(871,31,1090,'Mr. Joe Feil','2019-04-19 02:40:35'),(872,5,270,'Bianka Volkman','2019-04-19 02:40:35'),(873,19,1627,'Clay Upton','2019-04-19 02:40:35'),(874,24,673,'Ms. Laney Jaskolski V','2019-04-19 02:40:35'),(875,10,912,'Susanna Reichert','2019-04-19 02:40:36'),(876,75,1360,'Loma Brown','2019-04-19 02:40:36'),(877,94,121,'Breanne Dare','2019-04-19 02:40:36'),(878,37,632,'Mona Frami','2019-04-19 02:40:36'),(879,17,1224,'Cortez Kutch','2019-04-19 02:40:36'),(880,6,542,'Jefferey Stehr Sr.','2019-04-19 02:40:36'),(881,91,474,'Mrs. Diana Hoppe','2019-04-19 02:40:36'),(882,103,1301,'Quinn Kuhn','2019-04-19 02:40:37'),(883,37,1265,'Marty Feest','2019-04-19 02:40:37'),(884,95,824,'Prof. Dennis Monahan DVM','2019-04-19 02:40:38'),(885,75,677,'Ethyl Feil PhD','2019-04-19 02:40:38'),(886,73,1709,'Dr. Lemuel Bailey MD','2019-04-19 02:40:38'),(887,55,1721,'Prof. Danny Kreiger','2019-04-19 02:40:39'),(888,21,1453,'Erick Friesen','2019-04-19 02:40:39'),(889,21,932,'Jaunita Feil','2019-04-19 02:40:39'),(890,37,1078,'Cedrick Bruen','2019-04-19 02:40:40'),(891,32,431,'Kamron Reichel II','2019-04-19 02:40:40'),(892,23,476,'Aaliyah Brekke I','2019-04-19 02:40:40'),(893,63,291,'Rusty Stoltenberg','2019-04-19 02:40:40'),(894,65,1213,'Lucienne Ward I','2019-04-19 02:40:41'),(895,81,1478,'Zella Rice','2019-04-19 02:40:41'),(896,31,1925,'Marilie Wehner PhD','2019-04-19 02:40:41'),(897,94,1872,'Sister Beatty MD','2019-04-19 02:40:41'),(898,17,1196,'Dr. Mariano Runte PhD','2019-04-19 02:40:41'),(899,62,1598,'Mrs. Bria Stanton IV','2019-04-19 02:40:42'),(900,89,1877,'Mr. Donald Blanda DVM','2019-04-19 02:40:42'),(901,44,1590,'Ms. Anita Kuhic II','2019-04-19 02:40:42'),(902,102,540,'Cesar Kreiger','2019-04-19 02:40:42'),(903,79,294,'Lazaro Heaney','2019-04-19 02:40:43'),(904,93,1249,'Prof. Evelyn Stoltenberg IV','2019-04-19 02:40:43'),(905,51,1025,'Shany Gleason','2019-04-19 02:40:43'),(906,36,1927,'Andy Kuhlman','2019-04-19 02:40:43'),(907,76,756,'Nathaniel Rath MD','2019-04-19 02:40:43'),(908,65,38,'Warren Gislason Jr.','2019-04-19 02:40:44'),(909,32,294,'Darren Green','2019-04-19 02:40:44'),(910,37,1416,'Prof. Ervin Moen','2019-04-19 02:40:44'),(911,19,381,'Mercedes Kling','2019-04-19 02:40:44'),(912,25,1394,'Ms. Frieda Jacobson','2019-04-19 02:40:45'),(913,9,1305,'Christy Hintz MD','2019-04-19 02:40:45'),(914,91,478,'Dayton Dare III','2019-04-19 02:40:45'),(915,73,383,'Dr. Reanna Rice','2019-04-19 02:40:45'),(916,97,1077,'Macy Smitham','2019-04-19 02:40:46'),(917,16,1221,'Estrella Leffler','2019-04-19 02:40:46'),(918,24,693,'Dr. Alyce Hane Sr.','2019-04-19 02:40:46'),(919,31,1472,'Noe Nienow','2019-04-19 02:40:46'),(920,92,1980,'Hayley Heidenreich','2019-04-19 02:40:46'),(921,84,479,'Johanna Zieme','2019-04-19 02:40:47'),(922,71,1787,'Giles Hagenes DDS','2019-04-19 02:40:47'),(923,28,167,'Darrell Ward','2019-04-19 02:40:47'),(924,42,828,'Elton Jerde','2019-04-19 02:40:47'),(925,13,1226,'Brant Heller','2019-04-19 02:40:47'),(926,80,567,'Magali Glover PhD','2019-04-19 02:40:47'),(927,96,1470,'Mr. Paolo Davis','2019-04-19 02:40:47'),(928,46,575,'Ms. Lavonne Metz','2019-04-19 02:40:47'),(929,4,1396,'Savion Morar','2019-04-19 02:40:48'),(930,39,182,'Elias Koch II','2019-04-19 02:40:48'),(931,13,244,'Dr. August Auer','2019-04-19 02:40:48'),(932,20,1214,'Tony Osinski','2019-04-19 02:40:48'),(933,44,466,'Velda Heidenreich I','2019-04-19 02:40:48'),(934,34,593,'Jacinto Jast DDS','2019-04-19 02:40:48'),(935,83,1636,'Marcel Ratke Jr.','2019-04-19 02:40:48'),(936,4,208,'Mr. Rolando Turner II','2019-04-19 02:40:48'),(937,80,1927,'Ms. Christiana Hill DVM','2019-04-19 02:40:49'),(938,98,96,'Dr. Allan Grimes','2019-04-19 02:40:49'),(939,55,474,'Zula Rowe','2019-04-19 02:40:49'),(940,84,544,'Mattie Hermann DVM','2019-04-19 02:40:49'),(941,90,1883,'Maddison Kihn','2019-04-19 02:40:49'),(942,32,1321,'Ms. Janet Hamill V','2019-04-19 02:40:49'),(943,4,173,'Luciano Ziemann','2019-04-19 02:40:49'),(944,86,261,'Kamren Kerluke','2019-04-19 02:40:49'),(945,96,1592,'Evie Kihn','2019-04-19 02:40:49'),(946,65,1142,'Corine Mante','2019-04-19 02:40:50'),(947,37,380,'Elsa Kulas','2019-04-19 02:40:50'),(948,20,1791,'Thad Wilderman','2019-04-19 02:40:50'),(949,27,213,'Mr. Napoleon Schowalter','2019-04-19 02:40:50'),(950,64,971,'Miss Vivienne Bartoletti IV','2019-04-19 02:40:50'),(951,64,1825,'Rogers Jaskolski','2019-04-19 02:40:50'),(952,9,1571,'Dina Bode','2019-04-19 02:40:50'),(953,25,1010,'Winnifred Breitenberg DDS','2019-04-19 02:40:51'),(954,66,1526,'Jasen Murphy','2019-04-19 02:40:51'),(955,13,683,'Ms. Emilia Zemlak IV','2019-04-19 02:40:51'),(956,100,187,'Quinn Moore','2019-04-19 02:40:51'),(957,64,624,'Johathan Berge','2019-04-19 02:40:51'),(958,73,993,'Scotty Eichmann','2019-04-19 02:40:51'),(959,100,618,'Miss Aileen Cummings Sr.','2019-04-19 02:40:51'),(960,40,4,'Mr. Russel Mante III','2019-04-19 02:40:52'),(961,99,194,'Virginia Berge','2019-04-19 02:40:52'),(962,88,1141,'Velda Ferry','2019-04-19 02:40:52'),(963,64,1529,'Dr. Kamille Mills','2019-04-19 02:40:52'),(964,9,1854,'Georgianna Jacobs','2019-04-19 02:40:52'),(965,62,1144,'Miss Ashly Strosin PhD','2019-04-19 02:40:53'),(966,19,1814,'Crawford Pagac','2019-04-19 02:40:53'),(967,84,283,'Wilfrid Stoltenberg','2019-04-19 02:40:53'),(968,86,383,'Brent Bernier','2019-04-19 02:40:53'),(969,85,1119,'Eliane Goldner','2019-04-19 02:40:53'),(970,34,1769,'Dr. Elva Ferry Jr.','2019-04-19 02:40:53'),(971,46,207,'Mr. Aurelio Wyman','2019-04-19 02:40:53'),(972,76,1036,'Dell Schmitt III','2019-04-19 02:40:53'),(973,81,112,'Earlene Huel','2019-04-19 02:40:53'),(974,103,333,'Rebecca Sporer','2019-04-19 02:40:54'),(975,65,1926,'Candelario Weimann','2019-04-19 02:40:54'),(976,66,303,'Vivien Hessel V','2019-04-19 02:40:54'),(977,21,29,'Dr. Lilyan Buckridge III','2019-04-19 02:40:54'),(978,22,1139,'Prof. Allan Schaden','2019-04-19 02:40:54'),(979,88,1281,'Dr. Reed Rogahn','2019-04-19 02:40:54'),(980,68,1520,'Dr. Jovani Oberbrunner','2019-04-19 02:40:54'),(981,96,896,'Antonio Kub','2019-04-19 02:40:54'),(982,37,448,'Selmer Bogan III','2019-04-19 02:40:54'),(983,15,1582,'Minerva Willms DVM','2019-04-19 02:40:54'),(984,101,1028,'Miss Audie Huels','2019-04-19 02:40:55'),(985,7,1646,'Norma Greenfelder','2019-04-19 02:40:55'),(986,102,1560,'Miss Jodie Borer','2019-04-19 02:40:55'),(987,99,898,'Prof. Vickie Greenfelder','2019-04-19 02:40:55'),(988,11,1438,'Claudia Kilback','2019-04-19 02:40:55'),(989,62,1983,'Sadie Larson','2019-04-19 02:40:55'),(990,65,1518,'Noah Lang Jr.','2019-04-19 02:40:56'),(991,85,1327,'Katheryn Breitenberg','2019-04-19 02:40:56'),(992,29,27,'Mr. Wilburn Mertz','2019-04-19 02:40:56'),(993,76,1778,'Mr. Clark Kassulke','2019-04-19 02:40:56'),(994,32,622,'Prof. Rogers Waelchi MD','2019-04-19 02:40:56'),(995,71,31,'Thad Herzog','2019-04-19 02:40:56'),(996,87,1337,'Miss Clarabelle Keebler DVM','2019-04-19 02:40:56'),(997,82,622,'Mrs. Noelia Jacobson','2019-04-19 02:40:57'),(998,52,1882,'Kayleigh Daugherty','2019-04-19 02:40:57'),(999,24,1038,'Dr. Gideon Labadie','2019-04-19 02:40:57'),(1000,90,302,'Kiera Stoltenberg','2019-04-19 02:40:58'),(1001,70,168,'Darion Thiel','2019-04-19 02:40:58'),(1002,89,1831,'Cali Rolfson II','2019-04-19 02:40:58'),(1003,48,946,'Edwina Gleason','2019-04-19 02:40:58'),(1004,73,995,'Geo Schuster','2019-04-19 02:40:58'),(1005,100,149,'Lydia Powlowski Sr.','2019-04-19 02:40:58'),(1006,100,1042,'Dr. Madelyn Schneider II','2019-04-19 02:40:58'),(1007,85,191,'Kaelyn Koepp','2019-04-19 02:40:58'),(1008,78,579,'Dr. Dimitri Stamm','2019-04-19 02:40:58'),(1009,92,1595,'Ludie Smith PhD','2019-04-19 02:40:59'),(1010,103,303,'Kelley Flatley Sr.','2019-04-19 02:40:59'),(1011,40,1247,'Mrs. Blanche Deckow','2019-04-19 02:40:59'),(1012,21,946,'Mrs. Adelle Bailey DDS','2019-04-19 02:40:59'),(1013,51,2,'Alberta Heidenreich DVM','2019-04-19 02:40:59'),(1014,96,617,'Nigel Veum','2019-04-19 02:40:59'),(1015,18,1619,'Mrs. Stephania Hane III','2019-04-19 02:40:59'),(1016,9,1249,'Charlie Cremin','2019-04-19 02:40:59'),(1017,79,1051,'Karina Tremblay','2019-04-19 02:40:59'),(1018,26,1702,'Kathleen Dickinson','2019-04-19 02:41:00'),(1019,52,1183,'Hailie Morar','2019-04-19 02:41:00'),(1020,61,252,'Ms. Cassie Gottlieb','2019-04-19 02:41:00'),(1021,22,493,'Osbaldo Swaniawski','2019-04-19 02:41:00'),(1022,31,1098,'Dr. America Greenfelder III','2019-04-19 02:41:00'),(1023,46,1658,'Kade Bednar','2019-04-19 02:41:00'),(1024,100,1232,'Quentin Swift','2019-04-19 02:41:00'),(1025,100,94,'Carmelo White PhD','2019-04-19 02:41:00'),(1026,43,1348,'Dejuan Effertz','2019-04-19 02:41:00'),(1027,82,1768,'Dr. Allan Heller DVM','2019-04-19 02:41:01'),(1028,71,450,'Melisa Tillman','2019-04-19 02:41:01'),(1029,52,923,'Tressa Schmeler','2019-04-19 02:41:01'),(1030,74,1215,'Vicenta Tromp DDS','2019-04-19 02:41:01'),(1031,70,1443,'Dr. Annalise Olson III','2019-04-19 02:41:01'),(1032,53,1841,'Prof. Bobbie Hoeger','2019-04-19 02:41:01'),(1033,64,947,'Rosanna Maggio','2019-04-19 02:41:01'),(1034,88,1664,'Dr. Isabelle Rolfson V','2019-04-19 02:41:02'),(1035,53,181,'Prof. Matteo Bergstrom','2019-04-19 02:41:02'),(1036,44,255,'Prof. Josianne Hill','2019-04-19 02:41:02'),(1037,44,1530,'Berta Dickinson','2019-04-19 02:41:02'),(1038,100,1361,'Quincy Gleason','2019-04-19 02:41:02'),(1039,103,1286,'Abdiel Dickens','2019-04-19 02:41:02'),(1040,8,1261,'Adrain Shanahan','2019-04-19 02:41:03'),(1041,90,1048,'Keyshawn Effertz','2019-04-19 02:41:03'),(1042,14,1255,'Alva Ratke','2019-04-19 02:41:03'),(1043,44,627,'Tanya Padberg','2019-04-19 02:41:03'),(1044,19,873,'Ernie Kozey','2019-04-19 02:41:03'),(1045,53,180,'Gerson Volkman','2019-04-19 02:41:03'),(1046,56,19,'Dr. Bernita Vandervort Jr.','2019-04-19 02:41:04'),(1047,85,1523,'Gabrielle Stoltenberg DDS','2019-04-19 02:41:04'),(1048,30,1773,'Ernestina Rohan','2019-04-19 02:41:04'),(1049,12,220,'Kaycee Schimmel','2019-04-19 02:41:04'),(1050,90,1236,'Creola Torp','2019-04-19 02:41:04'),(1051,66,706,'Yvette Cormier','2019-04-19 02:41:04'),(1052,58,661,'Anabelle Walker','2019-04-19 02:41:04'),(1053,69,919,'Prof. Waylon Kuhlman','2019-04-19 02:41:04'),(1054,99,146,'Murl Wolff','2019-04-19 02:41:04'),(1055,103,1699,'Patsy Lowe','2019-04-19 02:41:04'),(1056,29,27,'Mr. Vincent Boyle','2019-04-19 02:41:05'),(1057,46,598,'Jannie Padberg','2019-04-19 02:41:05'),(1058,85,815,'Alec Dibbert','2019-04-19 02:41:05'),(1059,21,1635,'Erick Heathcote MD','2019-04-19 02:41:05'),(1060,5,1180,'Mr. Ford Pouros PhD','2019-04-19 02:41:05'),(1061,20,1585,'Wendell Abernathy','2019-04-19 02:41:05'),(1062,11,1023,'Claude Gislason','2019-04-19 02:41:05'),(1063,103,653,'Christ Kessler','2019-04-19 02:41:05'),(1064,68,1693,'Dr. Karson Sanford III','2019-04-19 02:41:05'),(1065,50,103,'Leonie Torphy','2019-04-19 02:41:06'),(1066,8,589,'Rose Strosin IV','2019-04-19 02:41:06'),(1067,54,47,'Shana Stracke','2019-04-19 02:41:06'),(1068,39,583,'Layne Rau PhD','2019-04-19 02:41:06'),(1069,103,909,'Cornelius Jerde','2019-04-19 02:41:06'),(1070,94,823,'Dr. Kamryn Borer I','2019-04-19 02:41:06'),(1071,85,1713,'Dr. Elfrieda Hoppe','2019-04-19 02:41:06'),(1072,83,1237,'Madelyn Stark','2019-04-19 02:41:06'),(1073,90,1190,'Dr. Diamond Hettinger Sr.','2019-04-19 02:41:06'),(1074,50,860,'Mr. Arvel Johnson','2019-04-19 02:41:06'),(1075,58,1110,'Mr. Keyshawn Crooks','2019-04-19 02:41:07'),(1076,102,102,'Camryn Volkman','2019-04-19 02:41:07'),(1077,53,1704,'Cathy Grady','2019-04-19 02:41:07'),(1078,91,1687,'Dr. Petra Jakubowski','2019-04-19 02:41:07'),(1079,43,449,'Dr. Ronny McKenzie DVM','2019-04-19 02:41:07'),(1080,54,1642,'Diego Balistreri','2019-04-19 02:41:07'),(1081,78,184,'Aida Rodriguez','2019-04-19 02:41:07'),(1082,72,1676,'Prof. Earnestine Kozey Jr.','2019-04-19 02:41:07'),(1083,31,1680,'Paula Crooks','2019-04-19 02:41:07'),(1084,76,198,'Kitty Cruickshank Jr.','2019-04-19 02:41:07'),(1085,19,1545,'Nadia Klocko','2019-04-19 02:41:08'),(1086,51,1993,'Dameon Stark','2019-04-19 02:41:08'),(1087,84,295,'Pasquale Labadie','2019-04-19 02:41:08'),(1088,81,625,'Reva Jaskolski','2019-04-19 02:41:08'),(1089,62,428,'Dr. Garrett Grimes DVM','2019-04-19 02:41:08'),(1090,71,497,'Melvina D\'Amore','2019-04-19 02:41:08'),(1091,94,338,'Emilio McClure','2019-04-19 02:41:08'),(1092,72,1710,'Troy King','2019-04-19 02:41:08'),(1093,99,994,'Dr. Jarrett Willms V','2019-04-19 02:41:08'),(1094,38,339,'Miss Kamille Prosacco IV','2019-04-19 02:41:08'),(1095,48,1060,'Chelsie Littel','2019-04-19 02:41:09'),(1096,51,16,'Katrine Wolff DDS','2019-04-19 02:41:09'),(1097,33,1202,'Mrs. Emely Hirthe I','2019-04-19 02:41:09'),(1098,87,93,'Jalyn Fahey','2019-04-19 02:41:09'),(1099,85,416,'Prof. Tyshawn Berge I','2019-04-19 02:41:09'),(1100,15,611,'Charley Shields','2019-04-19 02:41:09'),(1101,68,27,'Prof. Lera Mayert MD','2019-04-19 02:41:10'),(1102,82,723,'Mrs. Izabella Dooley','2019-04-19 02:41:10'),(1103,13,457,'Aurelia Gusikowski I','2019-04-19 02:41:10'),(1104,54,568,'Delores Sauer','2019-04-19 02:41:10'),(1105,45,339,'Dominique Connelly','2019-04-19 02:41:10'),(1106,59,1091,'Eda Corwin Sr.','2019-04-19 02:41:10'),(1107,92,1706,'Maybell Parker','2019-04-19 02:41:10'),(1108,10,793,'Prof. Scottie Kuvalis IV','2019-04-19 02:41:11'),(1109,90,1627,'Parker Botsford Jr.','2019-04-19 02:41:11'),(1110,73,384,'Ines Streich','2019-04-19 02:41:11'),(1111,75,844,'Miss Luella Reynolds','2019-04-19 02:41:11'),(1112,102,1644,'Stephon Davis','2019-04-19 02:41:11'),(1113,70,1559,'Elena Schmidt','2019-04-19 02:41:11'),(1114,55,418,'Pietro Pagac','2019-04-19 02:41:11'),(1115,41,918,'Broderick Konopelski','2019-04-19 02:41:12'),(1116,45,797,'Selmer Rowe','2019-04-19 02:41:12'),(1117,17,1672,'Gussie Ritchie','2019-04-19 02:41:12'),(1118,91,1515,'Luisa Jacobs','2019-04-19 02:41:12'),(1119,31,1680,'Mr. Gardner Crooks PhD','2019-04-19 02:41:12'),(1120,6,1760,'Granville Greenfelder','2019-04-19 02:41:12'),(1121,49,934,'Prof. Reva Ullrich','2019-04-19 02:41:12'),(1122,4,203,'Vern Zemlak','2019-04-19 02:41:13'),(1123,68,1936,'Mrs. Rosalyn Rutherford V','2019-04-19 02:41:13'),(1124,8,1625,'Bobbie Greenfelder','2019-04-19 02:41:13'),(1125,68,816,'Miss Rosalyn Dicki DDS','2019-04-19 02:41:13'),(1126,98,883,'Steve Nienow','2019-04-19 02:41:13'),(1127,78,394,'Shanel Maggio','2019-04-19 02:41:13'),(1128,45,432,'Lucinda Tromp','2019-04-19 02:41:13'),(1129,26,691,'Osbaldo Towne','2019-04-19 02:41:14'),(1130,74,374,'Modesta Shields','2019-04-19 02:41:14'),(1131,8,1417,'Peggie Bins','2019-04-19 02:41:14'),(1132,81,981,'Dr. Delphine Frami','2019-04-19 02:41:14'),(1133,89,61,'Kristofer Harvey','2019-04-19 02:41:14'),(1134,78,1592,'Alexander Aufderhar','2019-04-19 02:41:14'),(1135,103,462,'Craig Homenick','2019-04-19 02:41:14'),(1136,79,1743,'Frank Schultz','2019-04-19 02:41:14'),(1137,89,380,'Mr. Jaydon Hoppe IV','2019-04-19 02:41:14'),(1138,31,1301,'Prof. Bernhard Ruecker','2019-04-19 02:41:15'),(1139,46,1523,'Roma Romaguera','2019-04-19 02:41:15'),(1140,31,1960,'Eleonore Reichert','2019-04-19 02:41:15'),(1141,101,877,'Hosea Weissnat','2019-04-19 02:41:15'),(1142,10,1505,'Mr. Orrin O\'Conner','2019-04-19 02:41:15'),(1143,66,1773,'Delfina Treutel','2019-04-19 02:41:15'),(1144,69,433,'Rupert Willms','2019-04-19 02:41:15'),(1145,30,1668,'Alvena Harris PhD','2019-04-19 02:41:15'),(1146,100,1996,'Madisyn Heathcote','2019-04-19 02:41:15'),(1147,21,799,'Ivah Abernathy','2019-04-19 02:41:16'),(1148,91,1218,'Miss Norma Macejkovic II','2019-04-19 02:41:16'),(1149,64,1602,'Velda Koelpin DVM','2019-04-19 02:41:16'),(1150,103,1573,'Rickie Stroman','2019-04-19 02:41:16'),(1151,33,1974,'Annetta Koss','2019-04-19 02:41:16'),(1152,95,94,'Ken Kassulke','2019-04-19 02:41:16'),(1153,49,825,'Retta Abbott IV','2019-04-19 02:41:16'),(1154,88,1648,'Tyrese Cartwright','2019-04-19 02:41:16'),(1155,59,1896,'Mackenzie Denesik','2019-04-19 02:41:16'),(1156,53,1147,'Lisa Schroeder','2019-04-19 02:41:16'),(1157,12,277,'Laurel Baumbach','2019-04-19 02:41:16'),(1158,79,1834,'Miss Sandrine Kris DVM','2019-04-19 02:41:17'),(1159,98,809,'Shyann Koch','2019-04-19 02:41:17'),(1160,73,1499,'Makenzie Wehner','2019-04-19 02:41:17'),(1161,80,1643,'Juanita Gulgowski','2019-04-19 02:41:17'),(1162,33,1409,'Roderick Herzog','2019-04-19 02:41:17'),(1163,40,1721,'Bonnie Altenwerth','2019-04-19 02:41:17'),(1164,28,627,'Libby Dickens','2019-04-19 02:41:17'),(1165,30,667,'Jamie Rice','2019-04-19 02:41:17'),(1166,96,963,'Queenie Kutch','2019-04-19 02:41:17'),(1167,14,1589,'Prof. Francesca Rowe Jr.','2019-04-19 02:41:17'),(1168,27,902,'Theron Pagac','2019-04-19 02:41:18'),(1169,9,216,'Enrique Hegmann','2019-04-19 02:41:18'),(1170,7,1420,'Edgardo Feeney','2019-04-19 02:41:18'),(1171,72,682,'Kurtis Gerhold','2019-04-19 02:41:18'),(1172,8,221,'Bart Sipes II','2019-04-19 02:41:18'),(1173,37,1178,'Miss Claudine Beahan Sr.','2019-04-19 02:41:18'),(1174,25,1397,'Marisa Schumm','2019-04-19 02:41:18'),(1175,61,908,'Ms. Esmeralda Weissnat','2019-04-19 02:41:18'),(1176,37,1789,'Natalie Reichert','2019-04-19 02:41:18'),(1177,83,1938,'Miss Delores Kirlin','2019-04-19 02:41:19'),(1178,37,1505,'Stuart Homenick','2019-04-19 02:41:19'),(1179,66,470,'Mr. Sterling Kreiger','2019-04-19 02:41:19'),(1180,76,534,'Edna Hermiston','2019-04-19 02:41:19'),(1181,18,494,'Prof. Kylee Doyle II','2019-04-19 02:41:19'),(1182,33,598,'Nicola Flatley','2019-04-19 02:41:19'),(1183,72,1489,'Mrs. Marielle Pfannerstill PhD','2019-04-19 02:41:19'),(1184,31,1569,'Alec Eichmann','2019-04-19 02:41:19'),(1185,85,651,'Sonya Pacocha','2019-04-19 02:41:19'),(1186,37,1399,'Krystel Gerlach','2019-04-19 02:41:20'),(1187,7,544,'Abelardo Kub','2019-04-19 02:41:20'),(1188,27,1405,'Candida Hartmann Sr.','2019-04-19 02:41:20'),(1189,90,1529,'Pedro Morar Jr.','2019-04-19 02:41:20'),(1190,52,991,'Rashad Connelly','2019-04-19 02:41:20'),(1191,7,644,'Melissa Mayert','2019-04-19 02:41:20'),(1192,13,638,'Mr. Isaias Eichmann','2019-04-19 02:41:20'),(1193,29,1245,'August Pacocha','2019-04-19 02:41:20'),(1194,11,1924,'Casandra Schneider','2019-04-19 02:41:20'),(1195,103,595,'Sheila Lubowitz','2019-04-19 02:41:21'),(1196,81,1550,'Prof. Constance Rice Jr.','2019-04-19 02:41:21'),(1197,26,1747,'Marianna Kirlin','2019-04-19 02:41:21'),(1198,21,787,'Thurman Gutkowski','2019-04-19 02:41:21'),(1199,98,1949,'Dr. Sigrid Glover II','2019-04-19 02:41:21'),(1200,5,381,'Chris Bauch PhD','2019-04-19 02:41:21'),(1201,13,992,'Katherine Marks','2019-04-19 02:41:21'),(1202,11,933,'Theron Skiles','2019-04-19 02:41:21'),(1203,54,1248,'Vickie Macejkovic','2019-04-19 02:41:21'),(1204,17,783,'Clay Gibson','2019-04-19 02:41:21'),(1205,54,1785,'Nora Botsford','2019-04-19 02:41:22'),(1206,36,1949,'Hector Aufderhar','2019-04-19 02:41:22'),(1207,102,1361,'Amely Larson','2019-04-19 02:41:22'),(1208,11,791,'Lamar Robel IV','2019-04-19 02:41:22'),(1209,30,1970,'Christopher Hahn IV','2019-04-19 02:41:22'),(1210,28,356,'Malika Schulist','2019-04-19 02:41:22'),(1211,7,300,'Mr. Erik Heathcote','2019-04-19 02:41:22'),(1212,86,1532,'Joaquin Barrows','2019-04-19 02:41:22'),(1213,11,1066,'Willow Lakin','2019-04-19 02:41:23'),(1214,65,1275,'Mr. Darrin Torphy II','2019-04-19 02:41:23'),(1215,10,384,'Dr. Ellsworth Kshlerin','2019-04-19 02:41:23'),(1216,82,1469,'Prof. Monserrat VonRueden IV','2019-04-19 02:41:23'),(1217,17,1117,'Drew Mante','2019-04-19 02:41:23'),(1218,91,1680,'Prof. Billie Keeling DVM','2019-04-19 02:41:24'),(1219,64,648,'Damian Upton III','2019-04-19 02:41:24'),(1220,20,686,'Colleen Bogisich','2019-04-19 02:41:24'),(1221,65,1354,'Luigi Dicki','2019-04-19 02:41:24'),(1222,20,708,'Valentin Heidenreich','2019-04-19 02:41:24'),(1223,98,1827,'Ms. Charity Simonis','2019-04-19 02:41:24'),(1224,52,1372,'Keshawn Nicolas','2019-04-19 02:41:24'),(1225,9,690,'Ellie Bayer','2019-04-19 02:41:25'),(1226,53,1439,'Dr. Blaze Beatty','2019-04-19 02:41:25'),(1227,22,1025,'Prof. Gavin Dietrich','2019-04-19 02:41:25'),(1228,45,1287,'Santos Leannon','2019-04-19 02:41:25'),(1229,84,378,'Prof. Velda Herzog','2019-04-19 02:41:25'),(1230,18,1471,'Kaylie Romaguera','2019-04-19 02:41:25'),(1231,88,356,'Jermaine Gaylord','2019-04-19 02:41:25'),(1232,18,216,'Prof. Jaycee Smitham','2019-04-19 02:41:25'),(1233,4,102,'Prof. Meggie Hoeger PhD','2019-04-19 02:41:25'),(1234,37,1068,'Royce Wuckert','2019-04-19 02:41:25'),(1235,79,516,'Geovanny Steuber','2019-04-19 02:41:26'),(1236,58,360,'Ms. Audreanne Kuphal','2019-04-19 02:41:26'),(1237,9,1927,'Nova Hansen','2019-04-19 02:41:26'),(1238,35,932,'Caitlyn Okuneva PhD','2019-04-19 02:41:26'),(1239,33,454,'Ms. Elvie Homenick','2019-04-19 02:41:26'),(1240,20,356,'Pasquale DuBuque','2019-04-19 02:41:26'),(1241,62,153,'Ms. Fabiola Green Sr.','2019-04-19 02:41:27'),(1242,39,1639,'Germaine Jast I','2019-04-19 02:41:27'),(1243,9,991,'Torey Hermiston MD','2019-04-19 02:41:27'),(1244,96,1886,'Florine Berge V','2019-04-19 02:41:27'),(1245,64,145,'Prof. Jazmyn Mante I','2019-04-19 02:41:27'),(1246,102,1394,'Darby Bradtke','2019-04-19 02:41:27'),(1247,86,1949,'Hugh Price','2019-04-19 02:41:27'),(1248,80,987,'Sammy Schneider','2019-04-19 02:41:27'),(1249,68,722,'Icie Carroll','2019-04-19 02:41:27'),(1250,5,573,'Esperanza Greenfelder','2019-04-19 02:41:27'),(1251,51,1051,'Fabian Keebler','2019-04-19 02:41:28'),(1252,17,553,'Ansel Feeney','2019-04-19 02:41:28'),(1253,26,451,'Anahi Stiedemann','2019-04-19 02:41:28'),(1254,54,1068,'Miss Stephanie Carter','2019-04-19 02:41:28'),(1255,72,1766,'Anabelle Koss','2019-04-19 02:41:28'),(1256,18,1648,'Landen Erdman DVM','2019-04-19 02:41:29'),(1257,25,256,'Ulises Wintheiser','2019-04-19 02:41:29'),(1258,52,1579,'Cyrus Dooley','2019-04-19 02:41:29'),(1259,45,1000,'Prof. Christina Hermiston Sr.','2019-04-19 02:41:29'),(1260,69,364,'Kailyn Zulauf','2019-04-19 02:41:29'),(1261,96,315,'Ben Huels','2019-04-19 02:41:29'),(1262,52,758,'Hellen Frami','2019-04-19 02:41:29'),(1263,50,16,'Madelyn McLaughlin DVM','2019-04-19 02:41:29'),(1264,21,1911,'Glennie Kozey DDS','2019-04-19 02:41:29'),(1265,76,1041,'Earl Morissette','2019-04-19 02:41:29'),(1266,24,1284,'Vivien Ankunding','2019-04-19 02:41:30'),(1267,12,276,'Sanford Stanton','2019-04-19 02:41:30'),(1268,9,699,'Bella Swift','2019-04-19 02:41:30'),(1269,77,986,'Daphnee Grady PhD','2019-04-19 02:41:30'),(1270,29,1116,'Orin Wyman','2019-04-19 02:41:30'),(1271,38,670,'Kendra Haley','2019-04-19 02:41:30'),(1272,95,618,'Pietro Lueilwitz','2019-04-19 02:41:30'),(1273,41,908,'Britney Grimes','2019-04-19 02:41:30'),(1274,82,806,'Marques Hessel','2019-04-19 02:41:30'),(1275,101,1175,'Dr. Tyson Schuppe','2019-04-19 02:41:31'),(1276,36,16,'Laverne Goyette','2019-04-19 02:41:31'),(1277,39,1512,'Demarco Jacobs V','2019-04-19 02:41:31'),(1278,58,156,'Isac Considine','2019-04-19 02:41:31'),(1279,91,1890,'Maria Gutkowski','2019-04-19 02:41:31'),(1280,91,1862,'Seth Ullrich','2019-04-19 02:41:31'),(1281,53,1127,'Nona Mills V','2019-04-19 02:41:31'),(1282,85,504,'Eileen Osinski','2019-04-19 02:41:31'),(1283,10,1993,'Katelynn Treutel','2019-04-19 02:41:31'),(1284,67,514,'Prof. Callie Swaniawski','2019-04-19 02:41:32'),(1285,61,144,'Esteban Fay','2019-04-19 02:41:32'),(1286,45,809,'Ruthie Halvorson','2019-04-19 02:41:32'),(1287,98,1573,'Rodrigo Nienow','2019-04-19 02:41:32'),(1288,37,785,'Ms. Ora Lemke II','2019-04-19 02:41:32'),(1289,4,880,'Dr. Ruben Pagac','2019-04-19 02:41:32'),(1290,72,774,'April Keebler','2019-04-19 02:41:32'),(1291,82,1938,'Janet Dibbert','2019-04-19 02:41:32'),(1292,88,144,'Chester Funk','2019-04-19 02:41:33'),(1293,52,161,'Leora Kreiger IV','2019-04-19 02:41:33'),(1294,55,1382,'Nayeli Keebler','2019-04-19 02:41:33'),(1295,30,185,'Shawna Maggio III','2019-04-19 02:41:33'),(1296,86,1975,'Rosemarie Morissette','2019-04-19 02:41:33'),(1297,23,1191,'Freeman Jast','2019-04-19 02:41:33'),(1298,92,1399,'Frieda Harber','2019-04-19 02:41:33'),(1299,77,1672,'Lelia Trantow','2019-04-19 02:41:33'),(1300,4,791,'Dr. Jeramie Lockman','2019-04-19 02:41:33'),(1301,26,1155,'Armand Shanahan','2019-04-19 02:41:34'),(1302,40,232,'Jess Dare','2019-04-19 02:41:34'),(1303,94,1647,'Dr. Jayson Bradtke PhD','2019-04-19 02:41:34'),(1304,18,879,'Terrence Mohr','2019-04-19 02:41:34'),(1305,39,535,'Prince Blick DDS','2019-04-19 02:41:34'),(1306,98,933,'Roosevelt Leffler','2019-04-19 02:41:34'),(1307,49,546,'Jared Simonis','2019-04-19 02:41:34'),(1308,63,1174,'Prof. Samson Prohaska','2019-04-19 02:41:35'),(1309,76,1331,'Macy Kuhic','2019-04-19 02:41:35'),(1310,14,723,'Adolfo Cummerata','2019-04-19 02:41:35'),(1311,22,1472,'Adelle Kunze','2019-04-19 02:41:35'),(1312,43,1717,'Magdalena Stehr','2019-04-19 02:41:35'),(1313,95,784,'Nyasia Hane','2019-04-19 02:41:35'),(1314,59,641,'Prof. Gerald Hessel I','2019-04-19 02:41:35'),(1315,90,1302,'Osbaldo Wiegand II','2019-04-19 02:41:35'),(1316,39,701,'Dr. Kadin Crooks V','2019-04-19 02:41:36'),(1317,53,1981,'Justyn Pagac','2019-04-19 02:41:36'),(1318,15,1532,'Greyson Gulgowski','2019-04-19 02:41:36'),(1319,22,773,'Emely Bernier DDS','2019-04-19 02:41:36'),(1320,74,232,'Alycia Weissnat','2019-04-19 02:41:36'),(1321,6,968,'Ms. Kassandra O\'Keefe III','2019-04-19 02:41:36'),(1322,80,442,'Mr. Jay Crona MD','2019-04-19 02:41:36'),(1323,42,1292,'Edwina Homenick','2019-04-19 02:41:37'),(1324,13,686,'Ms. Yazmin Bahringer','2019-04-19 02:41:37'),(1325,68,894,'Prof. Sandy Ortiz Sr.','2019-04-19 02:41:37'),(1326,88,1322,'Antonia Bergnaum','2019-04-19 02:41:37'),(1327,80,754,'Audreanne White','2019-04-19 02:41:37'),(1328,35,520,'Cary Kutch','2019-04-19 02:41:37'),(1329,13,288,'Deondre Greenholt','2019-04-19 02:41:37'),(1330,88,533,'Dr. Cecilia Bauch IV','2019-04-19 02:41:37'),(1331,70,1329,'Dr. Andy Willms III','2019-04-19 02:41:37'),(1332,62,1699,'Miss Amanda Schaefer PhD','2019-04-19 02:41:37'),(1333,4,1118,'Viva Wisoky','2019-04-19 02:41:38'),(1334,102,23,'Grady Wintheiser','2019-04-19 02:41:38'),(1335,70,291,'Dr. Lenna Wilkinson DVM','2019-04-19 02:41:38'),(1336,51,110,'Rudolph Lindgren','2019-04-19 02:41:38'),(1337,36,1667,'Kaylie McCullough','2019-04-19 02:41:38'),(1338,76,442,'Dallin Hansen II','2019-04-19 02:41:38'),(1339,49,324,'Marques Volkman','2019-04-19 02:41:38'),(1340,19,425,'Ms. Sandrine Kertzmann MD','2019-04-19 02:41:38'),(1341,24,1267,'Alessia Stroman','2019-04-19 02:41:38'),(1342,44,936,'Ms. Gina Cassin DDS','2019-04-19 02:41:38'),(1343,20,362,'Angus Kulas','2019-04-19 02:41:39'),(1344,9,164,'Samanta Morar PhD','2019-04-19 02:41:39'),(1345,88,194,'Moshe Renner','2019-04-19 02:41:39'),(1346,14,147,'Mrs. Joanie Gaylord','2019-04-19 02:41:39'),(1347,69,1272,'Justus Bauch I','2019-04-19 02:41:39'),(1348,80,1380,'Gregg Rath PhD','2019-04-19 02:41:39'),(1349,20,1543,'Terrance Deckow PhD','2019-04-19 02:41:39'),(1350,41,805,'Tobin Mitchell','2019-04-19 02:41:39'),(1351,41,971,'Novella Sawayn','2019-04-19 02:41:40'),(1352,47,109,'Carolina Conroy','2019-04-19 02:41:40'),(1353,102,307,'Vern Goodwin','2019-04-19 02:41:40'),(1354,10,1855,'Cruz Klocko','2019-04-19 02:41:40'),(1355,67,454,'Mrs. Syble Donnelly','2019-04-19 02:41:40'),(1356,84,758,'Cordie West Sr.','2019-04-19 02:41:40'),(1357,77,20,'Loy Hyatt','2019-04-19 02:41:40'),(1358,96,427,'Dr. Guy Zieme','2019-04-19 02:41:40'),(1359,82,253,'Ms. Loraine Boyle','2019-04-19 02:41:40'),(1360,52,1416,'Jacey Smitham','2019-04-19 02:41:41'),(1361,99,173,'Ahmed Marvin','2019-04-19 02:41:41'),(1362,77,18,'Leora Cremin','2019-04-19 02:41:41'),(1363,28,589,'Lacy Roberts','2019-04-19 02:41:41'),(1364,66,1770,'Bryce Kozey MD','2019-04-19 02:41:41'),(1365,96,1902,'Ms. Jackie Thompson V','2019-04-19 02:41:41'),(1366,78,1641,'Jerod Wiegand','2019-04-19 02:41:41'),(1367,54,1759,'Prof. Ned Herman','2019-04-19 02:41:41'),(1368,52,1727,'Gladys Powlowski','2019-04-19 02:41:41'),(1369,35,55,'Miss Jackeline Pfannerstill V','2019-04-19 02:41:41'),(1370,30,1358,'Katheryn Toy IV','2019-04-19 02:41:42'),(1371,89,1134,'Jakob White IV','2019-04-19 02:41:42'),(1372,59,1696,'Marco Spencer','2019-04-19 02:41:42'),(1373,30,784,'Joshua Kessler','2019-04-19 02:41:42'),(1374,63,1655,'Ms. Alberta Kassulke I','2019-04-19 02:41:42'),(1375,11,603,'Dr. Stephania Morar','2019-04-19 02:41:42'),(1376,43,141,'Clementina Gottlieb','2019-04-19 02:41:43'),(1377,66,950,'Johathan Mann III','2019-04-19 02:41:43'),(1378,58,1899,'Larissa Schowalter','2019-04-19 02:41:43'),(1379,30,170,'Gerry Lehner','2019-04-19 02:41:43'),(1380,102,973,'Merle Davis','2019-04-19 02:41:43'),(1381,68,1942,'Jaunita Koelpin','2019-04-19 02:41:43'),(1382,79,782,'Eliseo Hodkiewicz Sr.','2019-04-19 02:41:44'),(1383,42,533,'Javon Walker','2019-04-19 02:41:44'),(1384,63,1803,'Freddie Rice','2019-04-19 02:41:44'),(1385,56,407,'Jimmy Smith','2019-04-19 02:41:44'),(1386,94,1839,'Demario Romaguera','2019-04-19 02:41:44'),(1387,101,1718,'Jarvis O\'Connell','2019-04-19 02:41:44'),(1388,51,1444,'Dr. Markus Fisher','2019-04-19 02:41:45'),(1389,102,1755,'Rashad Carroll','2019-04-19 02:41:45'),(1390,27,1229,'Carolyn Kris','2019-04-19 02:41:45'),(1391,28,332,'Brycen Kozey','2019-04-19 02:41:45'),(1392,93,96,'Ms. Filomena Borer','2019-04-19 02:41:45'),(1393,101,712,'Miss Opal Kris III','2019-04-19 02:41:45'),(1394,16,110,'Casandra Osinski DDS','2019-04-19 02:41:45'),(1395,32,758,'Mr. Adrian Dicki','2019-04-19 02:41:45'),(1396,9,1672,'Allie Johns','2019-04-19 02:41:45'),(1397,71,1000,'Noe Goodwin','2019-04-19 02:41:45'),(1398,86,1144,'Clyde Heller I','2019-04-19 02:41:46'),(1399,84,130,'Mr. Efrain Smith','2019-04-19 02:41:46'),(1400,16,62,'Dr. Clint Hintz DDS','2019-04-19 02:41:46'),(1401,11,1854,'Amira Bechtelar Sr.','2019-04-19 02:41:46'),(1402,14,818,'Alivia Grant','2019-04-19 02:41:46'),(1403,44,1606,'Margaretta Walter DVM','2019-04-19 02:41:46'),(1404,54,482,'Burley Block','2019-04-19 02:41:46'),(1405,92,1144,'Kristina Dooley','2019-04-19 02:41:46'),(1406,46,1771,'Audreanne Kreiger MD','2019-04-19 02:41:46'),(1407,88,34,'Barney Hartmann DVM','2019-04-19 02:41:47'),(1408,78,1870,'Dr. Maxime Senger V','2019-04-19 02:41:47'),(1409,47,897,'Dr. Jovany Hill','2019-04-19 02:41:47'),(1410,92,652,'Miss Kassandra Leuschke','2019-04-19 02:41:47'),(1411,64,400,'Ms. Lilly Weber MD','2019-04-19 02:41:47'),(1412,63,743,'Berry Powlowski Jr.','2019-04-19 02:41:47'),(1413,23,1053,'Charlotte Monahan','2019-04-19 02:41:47'),(1414,98,1100,'Mr. Gene Koch','2019-04-19 02:41:47'),(1415,22,437,'Sonya Toy','2019-04-19 02:41:47'),(1416,68,652,'Charles Bogan','2019-04-19 02:41:47'),(1417,52,1330,'Carlee Schultz PhD','2019-04-19 02:41:48'),(1418,80,721,'Keith Schamberger V','2019-04-19 02:41:48'),(1419,24,2000,'Destin Medhurst','2019-04-19 02:41:48'),(1420,85,200,'Kianna Turner','2019-04-19 02:41:48'),(1421,31,1449,'Edd Watsica','2019-04-19 02:41:48'),(1422,4,1597,'Mya Bins','2019-04-19 02:41:48'),(1423,68,295,'Elda Block','2019-04-19 02:41:48'),(1424,97,655,'Ms. Odessa Baumbach','2019-04-19 02:41:48'),(1425,4,1155,'Wanda Aufderhar','2019-04-19 02:41:48'),(1426,40,1226,'Nash Reichert','2019-04-19 02:41:48'),(1427,50,1075,'Jerald Homenick DDS','2019-04-19 02:41:49'),(1428,33,1485,'Mr. Wilfredo Abbott DDS','2019-04-19 02:41:49'),(1429,63,411,'Wava Abbott','2019-04-19 02:41:49'),(1430,55,261,'Dr. Dillon Langworth','2019-04-19 02:41:49'),(1431,46,1732,'Mr. Ladarius Mitchell IV','2019-04-19 02:41:49'),(1432,74,507,'Prof. Kathleen Kub Jr.','2019-04-19 02:41:49'),(1433,46,1308,'Hallie Yundt','2019-04-19 02:41:49'),(1434,8,101,'Marcus Nolan','2019-04-19 02:41:49'),(1435,17,1065,'Miss Danyka Kuvalis Sr.','2019-04-19 02:41:49'),(1436,56,263,'Prof. Terrill Langworth I','2019-04-19 02:41:49'),(1437,82,1638,'Ernest Turcotte','2019-04-19 02:41:50'),(1438,17,264,'Kari Donnelly','2019-04-19 02:41:50'),(1439,102,1391,'Mr. Herman Jacobi DDS','2019-04-19 02:41:50'),(1440,46,1683,'Stephan Torphy','2019-04-19 02:41:50'),(1441,48,1822,'Miss Brooke Spinka I','2019-04-19 02:41:50'),(1442,14,1391,'Darlene Prohaska','2019-04-19 02:41:50'),(1443,96,385,'Prof. Orlando Roob IV','2019-04-19 02:41:50'),(1444,52,50,'Mrs. Lauretta Hane','2019-04-19 02:41:50'),(1445,74,1874,'Kristin Welch','2019-04-19 02:41:50'),(1446,76,1602,'Prince Frami','2019-04-19 02:41:50'),(1447,77,366,'Murl Osinski','2019-04-19 02:41:50'),(1448,26,1590,'Mr. Percy Pfannerstill V','2019-04-19 02:41:51'),(1449,58,128,'Miss Rosalee Balistreri Sr.','2019-04-19 02:41:51'),(1450,16,1931,'Antwon Pouros PhD','2019-04-19 02:41:51'),(1451,102,872,'Mr. Keanu Corkery Jr.','2019-04-19 02:41:51'),(1452,10,357,'Mrs. Claire Hickle III','2019-04-19 02:41:51'),(1453,31,1848,'Prof. Blaise Mertz','2019-04-19 02:41:51'),(1454,76,203,'Mr. Price Beahan Sr.','2019-04-19 02:41:51'),(1455,62,1461,'Dr. Derick Wyman','2019-04-19 02:41:51'),(1456,18,241,'Brain Hayes IV','2019-04-19 02:41:52'),(1457,66,169,'Dr. Henriette Schamberger','2019-04-19 02:41:52'),(1458,81,1590,'Clemens Ziemann','2019-04-19 02:41:52'),(1459,22,1441,'Gussie Huels','2019-04-19 02:41:52'),(1460,59,1492,'Prof. Jason Cremin MD','2019-04-19 02:41:52'),(1461,82,147,'Jerod Hauck PhD','2019-04-19 02:41:52'),(1462,73,1627,'Alice Larkin','2019-04-19 02:41:52'),(1463,53,1620,'Rhiannon Auer IV','2019-04-19 02:41:52'),(1464,10,1578,'Ada King','2019-04-19 02:41:53'),(1465,76,326,'Alfred Beahan','2019-04-19 02:41:53'),(1466,38,640,'Mrs. Kavon Durgan','2019-04-19 02:41:53'),(1467,43,309,'Kyra Farrell','2019-04-19 02:41:53'),(1468,20,544,'Cheyanne Koepp','2019-04-19 02:41:53'),(1469,62,1225,'Dr. Bernadette Mills','2019-04-19 02:41:53'),(1470,61,1807,'Sabina Maggio','2019-04-19 02:41:53'),(1471,77,1621,'Alberto Glover','2019-04-19 02:41:53'),(1472,40,132,'Dr. Ryder Boyle Jr.','2019-04-19 02:41:53'),(1473,42,431,'Mafalda Lesch','2019-04-19 02:41:53'),(1474,50,343,'Lilla Fritsch','2019-04-19 02:41:54'),(1475,44,1575,'Pasquale Boehm','2019-04-19 02:41:54'),(1476,91,1578,'Kale Schuster','2019-04-19 02:41:54'),(1477,101,943,'Alanna Willms','2019-04-19 02:41:54'),(1478,57,1643,'Elena Romaguera Sr.','2019-04-19 02:41:54'),(1479,66,85,'Mrs. Lacey Powlowski Jr.','2019-04-19 02:41:54'),(1480,59,364,'Ms. Kyra Bechtelar','2019-04-19 02:41:54'),(1481,32,320,'Mr. Otto Gottlieb','2019-04-19 02:41:54'),(1482,62,1356,'Stephany Johnston','2019-04-19 02:41:54'),(1483,88,437,'Florence Morar','2019-04-19 02:41:55'),(1484,19,887,'Prof. Eulalia Ortiz','2019-04-19 02:41:55'),(1485,65,688,'Tanner Haley','2019-04-19 02:41:55'),(1486,6,390,'Kylee Baumbach','2019-04-19 02:41:55'),(1487,33,745,'Abbey Tromp','2019-04-19 02:41:55'),(1488,12,796,'Ms. Georgianna Hansen','2019-04-19 02:41:55'),(1489,58,967,'Zola Huels','2019-04-19 02:41:55'),(1490,12,1261,'Mr. Donato Abernathy','2019-04-19 02:41:55'),(1491,77,1071,'Jennie Robel','2019-04-19 02:41:56'),(1492,50,677,'Miss Lia Dickens Sr.','2019-04-19 02:41:56'),(1493,29,489,'Mrs. Donna Corkery Jr.','2019-04-19 02:41:56'),(1494,81,1876,'Dr. Aron Ruecker Sr.','2019-04-19 02:41:56'),(1495,95,885,'Richmond McGlynn','2019-04-19 02:41:56'),(1496,65,1568,'Georgiana Bergstrom','2019-04-19 02:41:56'),(1497,59,1717,'Spencer Abernathy PhD','2019-04-19 02:41:56'),(1498,44,534,'Jeremie Pollich','2019-04-19 02:41:56'),(1499,79,765,'Grayce Kling','2019-04-19 02:41:56'),(1500,78,1791,'Prof. Braden McDermott DDS','2019-04-19 02:41:56'),(1501,64,1959,'Brooklyn Lynch','2019-04-19 02:41:57'),(1502,17,1913,'Kaelyn Hansen','2019-04-19 02:41:57'),(1503,43,716,'Marcel Boyle','2019-04-19 02:41:57'),(1504,71,233,'Kip Collins','2019-04-19 02:41:57'),(1505,11,947,'Jovany Greenholt PhD','2019-04-19 02:41:57'),(1506,55,1910,'Antonina Nikolaus','2019-04-19 02:41:57'),(1507,70,1616,'Marie Turner','2019-04-19 02:41:57'),(1508,39,730,'Judson Carroll','2019-04-19 02:41:58'),(1509,26,1506,'Dock Block I','2019-04-19 02:41:58'),(1510,96,1350,'Prof. Tom Stanton','2019-04-19 02:41:59'),(1511,90,1475,'Ms. Daphnee Kuhlman III','2019-04-19 02:41:59'),(1512,81,1662,'Dr. Lia Rohan','2019-04-19 02:41:59'),(1513,57,667,'Maudie Haley III','2019-04-19 02:41:59'),(1514,27,234,'Kiarra Wilderman V','2019-04-19 02:41:59'),(1515,31,1429,'Eudora Wolf III','2019-04-19 02:41:59'),(1516,84,952,'Bettie Reichel','2019-04-19 02:42:00'),(1517,45,293,'German Morar','2019-04-19 02:42:00'),(1518,12,1697,'Emmett Johnston MD','2019-04-19 02:42:00'),(1519,59,1941,'Wanda Weissnat','2019-04-19 02:42:00'),(1520,10,971,'Trevor Mayert','2019-04-19 02:42:00'),(1521,79,1575,'Ashlee Quigley','2019-04-19 02:42:00'),(1522,54,1838,'Donnell Labadie','2019-04-19 02:42:01'),(1523,74,963,'Dedric Kutch MD','2019-04-19 02:42:01'),(1524,31,1164,'Calista Smith','2019-04-19 02:42:01'),(1525,42,11,'Wade Rutherford','2019-04-19 02:42:01'),(1526,42,1642,'Dr. Norene Lindgren II','2019-04-19 02:42:01'),(1527,16,880,'Jacynthe Hansen','2019-04-19 02:42:01'),(1528,69,1205,'Janae Heller','2019-04-19 02:42:01'),(1529,56,417,'Kelsi Mann','2019-04-19 02:42:01'),(1530,87,1879,'Prof. Alayna Satterfield III','2019-04-19 02:42:01'),(1531,24,1919,'Mrs. Asia Stokes DVM','2019-04-19 02:42:02'),(1532,8,1138,'Mrs. Selena Leffler','2019-04-19 02:42:02'),(1533,27,1494,'Dr. Carley Rolfson Sr.','2019-04-19 02:42:02'),(1534,53,1789,'Mrs. Roma Toy','2019-04-19 02:42:02'),(1535,11,656,'Juston Bergnaum','2019-04-19 02:42:02'),(1536,17,1071,'Emiliano Friesen','2019-04-19 02:42:02'),(1537,47,1264,'Prof. Henriette Huel','2019-04-19 02:42:03'),(1538,83,989,'Prof. Amaya Mayer II','2019-04-19 02:42:03'),(1539,76,1945,'Mellie O\'Keefe','2019-04-19 02:42:03'),(1540,33,1151,'Dr. Nils Kilback DDS','2019-04-19 02:42:03'),(1541,86,362,'Dr. Dee Koepp Sr.','2019-04-19 02:42:03'),(1542,69,1951,'Bernadine Thompson','2019-04-19 02:42:03'),(1543,94,336,'Skye West','2019-04-19 02:42:03'),(1544,97,1015,'Sydni Satterfield','2019-04-19 02:42:03'),(1545,26,1404,'Nelle Stamm','2019-04-19 02:42:03'),(1546,30,1187,'Ms. Florine Haag','2019-04-19 02:42:04'),(1547,31,920,'Prof. Meredith Orn','2019-04-19 02:42:04'),(1548,60,1899,'Johathan Sporer','2019-04-19 02:42:04'),(1549,93,1630,'Abbie Little','2019-04-19 02:42:04'),(1550,7,1511,'Prof. Corbin Carter','2019-04-19 02:42:04'),(1551,22,915,'Prof. Julius Kirlin DDS','2019-04-19 02:42:04'),(1552,32,316,'Korey Morar','2019-04-19 02:42:04'),(1553,53,1143,'Lonny Padberg','2019-04-19 02:42:04'),(1554,49,1599,'Henriette Jakubowski','2019-04-19 02:42:05'),(1555,66,1212,'Delaney Abernathy','2019-04-19 02:42:05'),(1556,28,1928,'Elton Batz','2019-04-19 02:42:05'),(1557,18,1536,'Mrs. Ernestina Streich I','2019-04-19 02:42:05'),(1558,53,1037,'Dawn Hill','2019-04-19 02:42:05'),(1559,41,1040,'Ada Gerlach','2019-04-19 02:42:05'),(1560,33,1883,'Eulalia Schaden','2019-04-19 02:42:05'),(1561,15,810,'Rylan Orn','2019-04-19 02:42:05'),(1562,80,1765,'Aliyah Skiles','2019-04-19 02:42:05'),(1563,21,789,'Euna Davis','2019-04-19 02:42:06'),(1564,95,361,'Melvin Parisian','2019-04-19 02:42:06'),(1565,34,1367,'Aaliyah Fadel','2019-04-19 02:42:06'),(1566,9,780,'Davonte Ritchie','2019-04-19 02:42:06'),(1567,85,648,'Prof. Viva Frami III','2019-04-19 02:42:06'),(1568,7,1563,'Osbaldo Emard III','2019-04-19 02:42:06'),(1569,97,1188,'Una Hill','2019-04-19 02:42:06'),(1570,89,289,'Marjorie Walsh','2019-04-19 02:42:07'),(1571,4,137,'Golda Considine','2019-04-19 02:42:07'),(1572,89,1605,'Coy Dickens','2019-04-19 02:42:07'),(1573,5,627,'Cecile Koch','2019-04-19 02:42:07'),(1574,88,1415,'Skyla Heaney PhD','2019-04-19 02:42:07'),(1575,71,435,'Miss Alexandrine Hagenes','2019-04-19 02:42:07'),(1576,85,464,'Mr. Antonio McDermott DDS','2019-04-19 02:42:07'),(1577,8,793,'Prof. Chauncey Jakubowski','2019-04-19 02:42:07'),(1578,52,497,'Ms. Mireille Weissnat','2019-04-19 02:42:07'),(1579,4,191,'Gussie Davis','2019-04-19 02:42:08'),(1580,7,352,'Prof. Luther D\'Amore','2019-04-19 02:42:08'),(1581,11,411,'Terrence Gaylord','2019-04-19 02:42:08'),(1582,63,1568,'Jasmin Price','2019-04-19 02:42:08'),(1583,54,1523,'Xander Bradtke','2019-04-19 02:42:08'),(1584,42,74,'Dr. Newell Swaniawski','2019-04-19 02:42:08'),(1585,48,496,'Lourdes Hyatt DVM','2019-04-19 02:42:08'),(1586,50,465,'Ms. Marina Adams','2019-04-19 02:42:08'),(1587,77,520,'Miss Christa Schaefer DVM','2019-04-19 02:42:09'),(1588,48,2,'Dr. Reid Collier','2019-04-19 02:42:09'),(1589,8,807,'Eldridge Kunde','2019-04-19 02:42:09'),(1590,82,507,'Dr. Sienna Dach Sr.','2019-04-19 02:42:09'),(1591,90,1249,'Annie Balistreri','2019-04-19 02:42:09'),(1592,24,14,'Vicenta Heidenreich','2019-04-19 02:42:09'),(1593,68,28,'Madilyn Bashirian','2019-04-19 02:42:09'),(1594,35,1023,'Frida Boyer','2019-04-19 02:42:09'),(1595,7,1236,'Hettie Corkery II','2019-04-19 02:42:10'),(1596,45,439,'Terrill Krajcik','2019-04-19 02:42:10'),(1597,52,66,'Mrs. Aniyah Padberg III','2019-04-19 02:42:10'),(1598,44,1276,'Alfonzo Flatley','2019-04-19 02:42:10'),(1599,10,1097,'Dr. Dan Paucek Sr.','2019-04-19 02:42:10'),(1600,16,1926,'Dr. Josue DuBuque III','2019-04-19 02:42:10'),(1601,36,1206,'Serena Schaden PhD','2019-04-19 02:42:10'),(1602,52,782,'Dr. Brown Cormier','2019-04-19 02:42:10'),(1603,37,598,'Mercedes McLaughlin','2019-04-19 02:42:11'),(1604,83,1015,'Julianne Turner','2019-04-19 02:42:11'),(1605,76,1836,'Christopher Kuvalis','2019-04-19 02:42:11'),(1606,9,436,'Prof. Charlie Gibson Sr.','2019-04-19 02:42:11'),(1607,29,1115,'Dr. Edd Marvin','2019-04-19 02:42:11'),(1608,87,154,'Oceane Koelpin','2019-04-19 02:42:11'),(1609,22,369,'Dr. Chauncey Altenwerth DVM','2019-04-19 02:42:11'),(1610,5,1757,'Bertram Bogan','2019-04-19 02:42:11'),(1611,50,1414,'Jeramy Buckridge','2019-04-19 02:42:12'),(1612,6,380,'Gaetano Larson','2019-04-19 02:42:12'),(1613,30,371,'Dr. Penelope Becker V','2019-04-19 02:42:12'),(1614,58,1515,'Dr. Santa Brekke','2019-04-19 02:42:12'),(1615,47,710,'Prof. Norene Hamill II','2019-04-19 02:42:12'),(1616,36,1308,'Prof. Jamaal Miller','2019-04-19 02:42:12'),(1617,41,507,'Mara Mraz','2019-04-19 02:42:13'),(1618,99,1859,'Prof. Lucienne O\'Connell III','2019-04-19 02:42:13'),(1619,27,1140,'Ayla Thiel','2019-04-19 02:42:13'),(1620,21,183,'Bruce Morar','2019-04-19 02:42:13'),(1621,79,231,'Gunner Lebsack','2019-04-19 02:42:13'),(1622,8,1987,'Antonina Dare V','2019-04-19 02:42:13'),(1623,83,152,'Bernadette Becker DDS','2019-04-19 02:42:13'),(1624,71,1597,'Ms. Jazmyn Bruen','2019-04-19 02:42:13'),(1625,89,1103,'Henri Lueilwitz','2019-04-19 02:42:13'),(1626,13,704,'Jeremie Trantow','2019-04-19 02:42:13'),(1627,50,299,'Ms. Ciara Konopelski','2019-04-19 02:42:14'),(1628,57,1640,'Dr. Wayne Torp','2019-04-19 02:42:14'),(1629,14,1423,'Mr. Monte Wunsch','2019-04-19 02:42:14'),(1630,68,1161,'Trycia Kilback','2019-04-19 02:42:14'),(1631,33,122,'Prof. Alexis White MD','2019-04-19 02:42:14'),(1632,21,376,'Katelyn Prohaska I','2019-04-19 02:42:14'),(1633,25,1926,'Mr. Jon Simonis','2019-04-19 02:42:14'),(1634,19,91,'Jannie Raynor','2019-04-19 02:42:14'),(1635,11,1423,'Nola Zulauf','2019-04-19 02:42:15'),(1636,95,909,'Brianne Hane','2019-04-19 02:42:15'),(1637,80,1292,'Christelle Hermiston','2019-04-19 02:42:15'),(1638,69,63,'Ashly Kuhic II','2019-04-19 02:42:15'),(1639,74,279,'Dr. Armani Quitzon DDS','2019-04-19 02:42:16'),(1640,58,1417,'Dr. Cristopher Gusikowski','2019-04-19 02:42:16'),(1641,58,309,'Brando Parisian','2019-04-19 02:42:16'),(1642,60,850,'Mr. Adriel Bashirian','2019-04-19 02:42:16'),(1643,81,1112,'Zula Kunde','2019-04-19 02:42:16'),(1644,27,1542,'Dr. Meggie Bartoletti PhD','2019-04-19 02:42:16'),(1645,84,397,'Reba Kuphal','2019-04-19 02:42:16'),(1646,58,18,'Mr. Malachi Johnston','2019-04-19 02:42:16'),(1647,35,1170,'Mr. Erwin Volkman IV','2019-04-19 02:42:16'),(1648,14,667,'Clementina Schaefer','2019-04-19 02:42:16'),(1649,59,799,'Wanda Konopelski DDS','2019-04-19 02:42:17'),(1650,21,643,'Edwina Weissnat','2019-04-19 02:42:17'),(1651,83,1351,'Esteban Zieme MD','2019-04-19 02:42:17'),(1652,55,541,'Mr. Tre Kling PhD','2019-04-19 02:42:17'),(1653,19,1777,'Elouise Volkman DVM','2019-04-19 02:42:17'),(1654,66,1972,'Emiliano Quitzon','2019-04-19 02:42:17'),(1655,29,385,'Zella Bode MD','2019-04-19 02:42:17'),(1656,40,1122,'Prof. Boyd Denesik','2019-04-19 02:42:17'),(1657,51,1551,'Amira Johnston','2019-04-19 02:42:17'),(1658,102,82,'Amiya Bergnaum','2019-04-19 02:42:17'),(1659,55,559,'Orin Gerlach','2019-04-19 02:42:18'),(1660,71,500,'Ms. Kirsten Buckridge','2019-04-19 02:42:18'),(1661,44,114,'Lavonne Pfannerstill','2019-04-19 02:42:18'),(1662,9,997,'Mrs. Helen Schulist','2019-04-19 02:42:18'),(1663,40,1859,'Ethan Price','2019-04-19 02:42:18'),(1664,78,1346,'Prof. Bradly Bartoletti DVM','2019-04-19 02:42:19'),(1665,61,638,'Dr. Kristin Dickens IV','2019-04-19 02:42:19'),(1666,99,530,'Bobbie Bartell','2019-04-19 02:42:19'),(1667,27,1252,'Prof. Beth Becker DVM','2019-04-19 02:42:19'),(1668,84,955,'Mr. Hershel Renner','2019-04-19 02:42:19'),(1669,20,407,'Prof. Ansley Kemmer','2019-04-19 02:42:19'),(1670,24,1501,'Leif McLaughlin I','2019-04-19 02:42:19'),(1671,54,1538,'Mr. Leon Balistreri V','2019-04-19 02:42:19'),(1672,49,834,'Marcellus Ankunding PhD','2019-04-19 02:42:20'),(1673,102,842,'Eleazar Durgan','2019-04-19 02:42:20'),(1674,23,1382,'Kacey Kutch','2019-04-19 02:42:20'),(1675,13,1634,'Fatima Sporer','2019-04-19 02:42:20'),(1676,68,1097,'Elisabeth Krajcik','2019-04-19 02:42:20'),(1677,65,1333,'Dr. Kristofer Hill DVM','2019-04-19 02:42:20'),(1678,63,1422,'Miss Jada Ankunding','2019-04-19 02:42:20'),(1679,99,1242,'Quincy Borer DDS','2019-04-19 02:42:21'),(1680,78,1314,'Dr. Damian Spinka PhD','2019-04-19 02:42:21'),(1681,98,243,'Gilda Borer I','2019-04-19 02:42:21'),(1682,9,1318,'Alysha Schmidt','2019-04-19 02:42:21'),(1683,17,774,'Barton Cronin','2019-04-19 02:42:21'),(1684,11,1089,'Marielle Mraz','2019-04-19 02:42:21'),(1685,91,1646,'Prof. Edmond Torphy','2019-04-19 02:42:21'),(1686,66,1394,'Brannon Hirthe','2019-04-19 02:42:21'),(1687,69,1331,'Prof. Vincent Brekke III','2019-04-19 02:42:21'),(1688,33,56,'Rigoberto Kemmer','2019-04-19 02:42:22'),(1689,16,1101,'Prof. Beau Batz V','2019-04-19 02:42:22'),(1690,78,1661,'Izabella Hickle','2019-04-19 02:42:22'),(1691,29,869,'Vida Corwin','2019-04-19 02:42:22'),(1692,16,1263,'Barton Kuhic','2019-04-19 02:42:22'),(1693,30,532,'Prof. Giovanni Feest','2019-04-19 02:42:22'),(1694,65,111,'Genesis Crooks','2019-04-19 02:42:22'),(1695,44,407,'Helena Jast','2019-04-19 02:42:23'),(1696,34,201,'Oran Schmitt','2019-04-19 02:42:23'),(1697,77,1371,'Magnolia Labadie','2019-04-19 02:42:23'),(1698,76,990,'Katrina Nicolas','2019-04-19 02:42:23'),(1699,92,476,'Korbin Reinger PhD','2019-04-19 02:42:23'),(1700,37,964,'Dr. Cydney Streich PhD','2019-04-19 02:42:23'),(1701,70,698,'Preston Ruecker III','2019-04-19 02:42:23'),(1702,30,483,'Dr. Athena Schulist','2019-04-19 02:42:23'),(1703,7,1398,'Kattie Abbott V','2019-04-19 02:42:24'),(1704,24,701,'Vincent Stiedemann PhD','2019-04-19 02:42:24'),(1705,92,50,'Mr. Darien Ebert','2019-04-19 02:42:24'),(1706,69,1079,'Dr. Kelly Greenfelder PhD','2019-04-19 02:42:24'),(1707,8,1543,'Dr. Al Stroman','2019-04-19 02:42:24'),(1708,49,1961,'Ms. Kathryne Blick II','2019-04-19 02:42:24'),(1709,97,982,'Mr. Erin Crooks','2019-04-19 02:42:24'),(1710,63,92,'Wilber Koch','2019-04-19 02:42:24'),(1711,61,1419,'Miguel Price','2019-04-19 02:42:24'),(1712,11,1850,'Brendon Rowe I','2019-04-19 02:42:25'),(1713,74,1807,'Dr. Tyler Hegmann','2019-04-19 02:42:25'),(1714,9,320,'Kendrick Rippin','2019-04-19 02:42:25'),(1715,56,1779,'Dr. Adelbert Schmidt','2019-04-19 02:42:25'),(1716,87,278,'Ruby Koch','2019-04-19 02:42:25'),(1717,94,935,'Glenda Kihn','2019-04-19 02:42:25'),(1718,57,309,'Christina Armstrong','2019-04-19 02:42:25'),(1719,64,17,'Bertrand Kiehn','2019-04-19 02:42:26'),(1720,102,1179,'Marjorie Glover','2019-04-19 02:42:26'),(1721,6,1825,'Noah Koelpin','2019-04-19 02:42:26'),(1722,49,270,'Cristal Schamberger','2019-04-19 02:42:26'),(1723,12,214,'Tracy Abbott','2019-04-19 02:42:26'),(1724,38,1355,'Marshall Jaskolski','2019-04-19 02:42:26'),(1725,69,1229,'Rossie Kub','2019-04-19 02:42:26'),(1726,65,1798,'Ignatius Gorczany','2019-04-19 02:42:26'),(1727,63,475,'Sarah Smith','2019-04-19 02:42:26'),(1728,54,1320,'Dr. Mckenzie Dibbert Sr.','2019-04-19 02:42:27'),(1729,23,332,'Porter Reinger','2019-04-19 02:42:27'),(1730,90,680,'Prof. Carolyne Upton','2019-04-19 02:42:27'),(1731,58,54,'Gordon Turcotte III','2019-04-19 02:42:27'),(1732,60,1195,'Dr. Megane Medhurst','2019-04-19 02:42:27'),(1733,100,536,'Hailey Emmerich DVM','2019-04-19 02:42:28'),(1734,74,1486,'Ezequiel Bergstrom Jr.','2019-04-19 02:42:28'),(1735,29,74,'Ms. Annamae Lubowitz','2019-04-19 02:42:28'),(1736,25,1566,'Jose Ruecker','2019-04-19 02:42:28'),(1737,43,1427,'Irwin Kertzmann','2019-04-19 02:42:28'),(1738,46,560,'Johan Bergstrom IV','2019-04-19 02:42:28'),(1739,54,1269,'Ms. Rylee McLaughlin','2019-04-19 02:42:28'),(1740,12,506,'Lucile Greenholt','2019-04-19 02:42:28'),(1741,27,741,'Skylar Kub','2019-04-19 02:42:28'),(1742,72,1754,'Fabiola VonRueden II','2019-04-19 02:42:29'),(1743,9,1879,'Prof. Foster Wisoky V','2019-04-19 02:42:29'),(1744,15,1518,'Dr. Selina Schinner PhD','2019-04-19 02:42:29'),(1745,22,733,'Shany Douglas','2019-04-19 02:42:29'),(1746,82,956,'Ms. Rosalinda Mosciski II','2019-04-19 02:42:29'),(1747,48,1936,'Dr. Nikolas Orn','2019-04-19 02:42:29'),(1748,48,1637,'Janiya Bartell','2019-04-19 02:42:29'),(1749,103,27,'Mrs. Leora Lind III','2019-04-19 02:42:30'),(1750,36,1844,'Bethel Ernser Sr.','2019-04-19 02:42:30'),(1751,14,1261,'Christa Reilly Jr.','2019-04-19 02:42:30'),(1752,6,1989,'Lyla Hermann','2019-04-19 02:42:30'),(1753,29,944,'Joshua Hegmann MD','2019-04-19 02:42:30'),(1754,48,1767,'Brayan Schuster','2019-04-19 02:42:30'),(1755,51,1525,'Astrid Labadie','2019-04-19 02:42:30'),(1756,15,324,'Ms. Jude Toy I','2019-04-19 02:42:30'),(1757,53,729,'Prof. Pat Frami','2019-04-19 02:42:31'),(1758,20,1767,'Miss Alia Bogan Jr.','2019-04-19 02:42:31'),(1759,45,366,'Emerson O\'Connell','2019-04-19 02:42:31'),(1760,87,683,'Nicole Wolf DDS','2019-04-19 02:42:31'),(1761,70,1114,'Rico Ledner','2019-04-19 02:42:31'),(1762,97,886,'Dr. Kali Batz','2019-04-19 02:42:31'),(1763,37,624,'Arlie Smitham','2019-04-19 02:42:31'),(1764,98,357,'Tanya Walter','2019-04-19 02:42:31'),(1765,34,972,'Whitney Rodriguez','2019-04-19 02:42:32'),(1766,36,1456,'Marlene Bode','2019-04-19 02:42:32'),(1767,35,184,'Prof. Desmond Morar','2019-04-19 02:42:32'),(1768,7,1648,'Pat Armstrong II','2019-04-19 02:42:33'),(1769,56,841,'Magdalen Kautzer','2019-04-19 02:42:33'),(1770,17,186,'Raymond Gutkowski Sr.','2019-04-19 02:42:33'),(1771,58,861,'Scarlett Koss','2019-04-19 02:42:33'),(1772,78,858,'Constance Jacobson','2019-04-19 02:42:34'),(1773,5,277,'Isobel Ruecker','2019-04-19 02:42:34'),(1774,13,1097,'Horace Johns','2019-04-19 02:42:34'),(1775,61,1497,'Prof. Veronica Cummerata V','2019-04-19 02:42:34'),(1776,17,634,'Christelle Parker','2019-04-19 02:42:34'),(1777,97,1084,'Kane Jast IV','2019-04-19 02:42:34'),(1778,100,476,'Prof. Frank Heaney DVM','2019-04-19 02:42:34'),(1779,57,1867,'Prof. Rene Price','2019-04-19 02:42:34'),(1780,25,1778,'Mrs. Yoshiko Cassin','2019-04-19 02:42:34'),(1781,93,77,'Lloyd McKenzie','2019-04-19 02:42:34'),(1782,100,1019,'Marcellus Windler MD','2019-04-19 02:42:35'),(1783,78,77,'Ms. Concepcion Mayert','2019-04-19 02:42:35'),(1784,54,193,'Mustafa Osinski Jr.','2019-04-19 02:42:35'),(1785,79,1576,'Prof. Delmer O\'Kon I','2019-04-19 02:42:35'),(1786,32,66,'Libby Spinka','2019-04-19 02:42:35'),(1787,61,954,'Prof. Darrel Friesen Sr.','2019-04-19 02:42:35'),(1788,94,1194,'Mr. Josh Herzog PhD','2019-04-19 02:42:35'),(1789,51,1844,'Ms. Kylee Doyle MD','2019-04-19 02:42:35'),(1790,23,1911,'Barton Cartwright IV','2019-04-19 02:42:36'),(1791,99,1503,'Ms. Kara Smith','2019-04-19 02:42:36'),(1792,96,1407,'Eve Nienow IV','2019-04-19 02:42:36'),(1793,102,1958,'Janis Hickle','2019-04-19 02:42:36'),(1794,27,1599,'Minnie Gislason','2019-04-19 02:42:36'),(1795,21,1682,'Dr. Eric Gleichner I','2019-04-19 02:42:36'),(1796,100,646,'Prof. Eloy Carter','2019-04-19 02:42:36'),(1797,46,203,'Kyler Kirlin','2019-04-19 02:42:37'),(1798,100,521,'Kylie Wisozk','2019-04-19 02:42:37'),(1799,97,82,'Bertrand Lubowitz DVM','2019-04-19 02:42:37'),(1800,86,33,'Matilda Hilpert','2019-04-19 02:42:37'),(1801,37,840,'Oswald Langworth V','2019-04-19 02:42:37'),(1802,8,564,'Bret Runolfsdottir V','2019-04-19 02:42:37'),(1803,21,754,'Dorthy Runolfsdottir','2019-04-19 02:42:37'),(1804,97,330,'Paige Kris','2019-04-19 02:42:38'),(1805,64,1534,'Graham Thiel','2019-04-19 02:42:38'),(1806,46,1588,'Prof. Lewis Bernier III','2019-04-19 02:42:38'),(1807,98,1124,'Chanelle Cormier','2019-04-19 02:42:38'),(1808,7,817,'Annamarie Weissnat','2019-04-19 02:42:38'),(1809,27,576,'Coralie Hamill','2019-04-19 02:42:38'),(1810,86,417,'Brett Gerhold','2019-04-19 02:42:38'),(1811,88,1914,'Keven Carroll','2019-04-19 02:42:38'),(1812,66,1038,'Angel Huel','2019-04-19 02:42:38'),(1813,91,503,'Melba Considine MD','2019-04-19 02:42:39'),(1814,5,983,'Makenna Kovacek','2019-04-19 02:42:39'),(1815,68,1531,'Mr. Augustus Fadel','2019-04-19 02:42:39'),(1816,57,563,'Hayley Connelly','2019-04-19 02:42:39'),(1817,59,1338,'Ms. Rachael Glover IV','2019-04-19 02:42:39'),(1818,46,1252,'Mrs. Leonora Crona PhD','2019-04-19 02:42:39'),(1819,103,1491,'Ms. Yvette Lesch DDS','2019-04-19 02:42:39'),(1820,4,1263,'Hal Hammes','2019-04-19 02:42:39'),(1821,73,573,'Krystina Stark','2019-04-19 02:42:39'),(1822,56,1251,'Lincoln Dare IV','2019-04-19 02:42:40'),(1823,62,65,'Alvera Beer DVM','2019-04-19 02:42:40'),(1824,39,1042,'Lauriane Collier','2019-04-19 02:42:40'),(1825,102,167,'Sabina Schaden','2019-04-19 02:42:40'),(1826,58,600,'Miss Orpha Grady I','2019-04-19 02:42:40'),(1827,87,809,'Emma Lubowitz','2019-04-19 02:42:40'),(1828,30,213,'Lenore Hyatt','2019-04-19 02:42:40'),(1829,101,83,'Osborne Fadel','2019-04-19 02:42:40'),(1830,24,1043,'Autumn Weimann','2019-04-19 02:42:41'),(1831,32,1375,'Jerrell Windler Sr.','2019-04-19 02:42:41'),(1832,44,981,'Bart Beier','2019-04-19 02:42:41'),(1833,95,249,'Dr. Herman Wunsch V','2019-04-19 02:42:41'),(1834,18,391,'Prof. Ike Carroll','2019-04-19 02:42:41'),(1835,72,405,'Janie Powlowski','2019-04-19 02:42:41'),(1836,93,1556,'Ms. Macie Bernhard','2019-04-19 02:42:41'),(1837,69,4,'Reina Aufderhar','2019-04-19 02:42:41'),(1838,83,809,'Katarina Frami','2019-04-19 02:42:42'),(1839,95,605,'Adolph Kshlerin DDS','2019-04-19 02:42:42'),(1840,54,710,'Brown Marquardt','2019-04-19 02:42:42'),(1841,18,962,'Dr. Watson Fritsch DDS','2019-04-19 02:42:42'),(1842,31,311,'Emory Batz','2019-04-19 02:42:42'),(1843,89,1470,'Tyra O\'Reilly','2019-04-19 02:42:42'),(1844,28,1672,'Destany Kovacek','2019-04-19 02:42:43'),(1845,68,627,'Ryder Rowe','2019-04-19 02:42:43'),(1846,6,1375,'Prof. Katharina Huels','2019-04-19 02:42:43'),(1847,26,534,'Dr. Angus Carroll DVM','2019-04-19 02:42:43'),(1848,51,343,'Rachael Reichert','2019-04-19 02:42:43'),(1849,78,730,'Mr. John Wolf','2019-04-19 02:42:43'),(1850,92,263,'Birdie Beahan Jr.','2019-04-19 02:42:43'),(1851,77,366,'Marisa Swift','2019-04-19 02:42:43'),(1852,44,1113,'Jackeline Funk','2019-04-19 02:42:43'),(1853,30,1685,'Nola Wehner Jr.','2019-04-19 02:42:43'),(1854,91,756,'Howell Goodwin IV','2019-04-19 02:42:44'),(1855,23,1285,'Deja Harber','2019-04-19 02:42:44'),(1856,66,1953,'Johann Casper','2019-04-19 02:42:44'),(1857,101,1063,'Mr. Hillard Hermiston','2019-04-19 02:42:44'),(1858,15,1359,'Prof. Westley Tillman DDS','2019-04-19 02:42:44'),(1859,100,732,'Neoma Kuhlman','2019-04-19 02:42:44'),(1860,79,1598,'Dr. Annabel Tillman MD','2019-04-19 02:42:44'),(1861,80,1816,'Trystan Stamm','2019-04-19 02:42:44'),(1862,32,1877,'Mariam Dare MD','2019-04-19 02:42:44'),(1863,78,620,'Prof. William Kozey','2019-04-19 02:42:44'),(1864,49,1056,'Dr. Chloe Strosin','2019-04-19 02:42:45'),(1865,24,1370,'Hunter Torphy','2019-04-19 02:42:45'),(1866,41,395,'Blaze Bogisich Sr.','2019-04-19 02:42:45'),(1867,20,704,'Mr. Nigel Satterfield Jr.','2019-04-19 02:42:45'),(1868,10,1663,'Miss Daniella Toy','2019-04-19 02:42:45'),(1869,92,850,'Ms. Nya Hoppe','2019-04-19 02:42:45'),(1870,45,46,'Mr. Billy Jacobi','2019-04-19 02:42:45'),(1871,81,1042,'Mrs. Jolie Morar','2019-04-19 02:42:45'),(1872,26,1722,'Lindsey Leannon','2019-04-19 02:42:45'),(1873,12,53,'Julianne Turcotte','2019-04-19 02:42:46'),(1874,15,1432,'Daren Koepp','2019-04-19 02:42:46'),(1875,38,665,'Dr. Maynard Brekke Jr.','2019-04-19 02:42:46'),(1876,61,1207,'Ms. Kira Beer Jr.','2019-04-19 02:42:46'),(1877,82,238,'Noelia Renner III','2019-04-19 02:42:46'),(1878,10,1088,'Aglae Altenwerth I','2019-04-19 02:42:46'),(1879,95,820,'Prof. Jimmy Klein I','2019-04-19 02:42:46'),(1880,6,94,'Vella Hansen','2019-04-19 02:42:47'),(1881,66,1456,'Davonte Harber','2019-04-19 02:42:47'),(1882,80,481,'Catalina Blick','2019-04-19 02:42:47'),(1883,83,1011,'Prof. Anabelle Murphy V','2019-04-19 02:42:47'),(1884,51,866,'Hailie Sipes','2019-04-19 02:42:47'),(1885,55,845,'Mrs. Brandy Beahan MD','2019-04-19 02:42:47'),(1886,102,1820,'Mavis Kunde','2019-04-19 02:42:47'),(1887,18,1449,'Jazmyne Green III','2019-04-19 02:42:47'),(1888,4,1038,'Calista Terry Sr.','2019-04-19 02:42:47'),(1889,49,1707,'Mr. Deion Hoppe','2019-04-19 02:42:48'),(1890,8,1027,'Dell Renner','2019-04-19 02:42:48'),(1891,27,1794,'Keara Dickens','2019-04-19 02:42:48'),(1892,60,1803,'Jakayla Hahn','2019-04-19 02:42:48'),(1893,44,1834,'Rudolph Renner','2019-04-19 02:42:48'),(1894,27,2,'Hilario Cummerata','2019-04-19 02:42:48'),(1895,34,2000,'Jalen Leffler','2019-04-19 02:42:48'),(1896,63,1360,'Prof. Ena Schmeler','2019-04-19 02:42:48'),(1897,70,1504,'Dr. Keith Wiza PhD','2019-04-19 02:42:48'),(1898,27,313,'Mr. Gunnar Marks','2019-04-19 02:42:49'),(1899,32,1717,'Mrs. Lucile Stanton','2019-04-19 02:42:49'),(1900,51,1622,'Rae Barrows V','2019-04-19 02:42:49'),(1901,101,1200,'Mr. Omari Schamberger','2019-04-19 02:42:49'),(1902,52,1529,'Lauretta Koepp','2019-04-19 02:42:50'),(1903,66,1006,'Prof. Burnice Harvey','2019-04-19 02:42:50'),(1904,34,846,'Prof. Alberta Stanton I','2019-04-19 02:42:50'),(1905,50,1903,'Mr. Foster McLaughlin','2019-04-19 02:42:50'),(1906,11,1605,'Prof. Lauren Windler','2019-04-19 02:42:50'),(1907,30,1347,'Larue Dooley','2019-04-19 02:42:50'),(1908,7,683,'Juwan Jenkins','2019-04-19 02:42:50'),(1909,31,1752,'Mrs. Flavie Pfeffer','2019-04-19 02:42:50'),(1910,67,714,'Russell Ritchie','2019-04-19 02:42:50'),(1911,97,1173,'Jeffrey Hayes','2019-04-19 02:42:50'),(1912,20,206,'Joanny Kohler IV','2019-04-19 02:42:51'),(1913,18,207,'Mrs. Mckayla Barrows','2019-04-19 02:42:51'),(1914,79,1744,'Ricky Hackett','2019-04-19 02:42:51'),(1915,21,441,'Assunta Muller DVM','2019-04-19 02:42:51'),(1916,81,528,'Trevion Lockman','2019-04-19 02:42:51'),(1917,23,1551,'Irwin Quitzon','2019-04-19 02:42:51'),(1918,31,228,'Nayeli Nikolaus','2019-04-19 02:42:51'),(1919,26,1782,'Mae Cronin','2019-04-19 02:42:51'),(1920,91,261,'Marisol Walker PhD','2019-04-19 02:42:51'),(1921,35,1463,'Norma Langosh','2019-04-19 02:42:52'),(1922,85,100,'Miss Isabella Dibbert Jr.','2019-04-19 02:42:52'),(1923,13,1410,'Dayna Waters','2019-04-19 02:42:52'),(1924,67,665,'Ms. Kattie Dare','2019-04-19 02:42:52'),(1925,14,1050,'Ms. Avis Gaylord','2019-04-19 02:42:52'),(1926,44,500,'Abigail Kuhn II','2019-04-19 02:42:52'),(1927,16,1722,'Parker Mayert','2019-04-19 02:42:53'),(1928,98,1918,'Johan Schultz','2019-04-19 02:42:53'),(1929,44,1984,'Madison Cassin','2019-04-19 02:42:53'),(1930,5,1241,'Waino Braun Jr.','2019-04-19 02:42:53'),(1931,100,1947,'Ms. Aubree Kreiger','2019-04-19 02:42:53'),(1932,48,1956,'Mr. Gerardo Leffler MD','2019-04-19 02:42:53'),(1933,10,135,'Lou Davis','2019-04-19 02:42:53'),(1934,25,1500,'Dr. Alia Leannon','2019-04-19 02:42:53'),(1935,90,1773,'Miss Shania Rolfson II','2019-04-19 02:42:53'),(1936,64,848,'Dr. Trevion Hane','2019-04-19 02:42:54'),(1937,98,870,'Hayley Schultz','2019-04-19 02:42:54'),(1938,15,617,'Freida Gottlieb','2019-04-19 02:42:54'),(1939,77,38,'Scot Gottlieb','2019-04-19 02:42:54'),(1940,39,396,'Marlee Ledner','2019-04-19 02:42:54'),(1941,67,1942,'Boris Renner DDS','2019-04-19 02:42:54'),(1942,74,1615,'Gussie Jast','2019-04-19 02:42:54'),(1943,70,1670,'Jefferey Kshlerin','2019-04-19 02:42:54'),(1944,78,683,'Payton Cruickshank','2019-04-19 02:42:55'),(1945,51,1442,'Prof. Lauretta Green','2019-04-19 02:42:55'),(1946,103,303,'Derrick Schroeder','2019-04-19 02:42:55'),(1947,14,1237,'Prof. Marina Effertz Jr.','2019-04-19 02:42:55'),(1948,8,1998,'Adelbert Olson','2019-04-19 02:42:55'),(1949,98,1018,'Kaylie Hartmann','2019-04-19 02:42:55'),(1950,83,620,'Marina Hudson','2019-04-19 02:42:56'),(1951,13,1297,'Rolando Morissette','2019-04-19 02:42:56'),(1952,37,1104,'Jimmie Effertz','2019-04-19 02:42:56'),(1953,64,1083,'Tate Considine','2019-04-19 02:42:56'),(1954,101,1327,'Miss Abbigail Powlowski','2019-04-19 02:42:56'),(1955,80,1355,'Miss Tatyana Mueller','2019-04-19 02:42:56'),(1956,40,272,'Kacie Hoppe','2019-04-19 02:42:56'),(1957,85,1931,'Abdul Veum','2019-04-19 02:42:56'),(1958,28,880,'Hanna Leffler','2019-04-19 02:42:56'),(1959,87,1258,'Dr. Marco Fahey','2019-04-19 02:42:57'),(1960,92,1154,'Krystel Gerhold V','2019-04-19 02:42:57'),(1961,72,507,'Dr. Zachary Pouros','2019-04-19 02:42:57'),(1962,65,1819,'Aurelio McClure','2019-04-19 02:42:57'),(1963,23,1926,'Katrine Satterfield PhD','2019-04-19 02:42:57'),(1964,88,303,'Dandre Emmerich','2019-04-19 02:42:57'),(1965,83,706,'Oscar Bednar Jr.','2019-04-19 02:42:58'),(1966,18,810,'Adele Kuhn','2019-04-19 02:42:58'),(1967,24,302,'Leonor Runolfsson','2019-04-19 02:42:58'),(1968,99,344,'Kariane Fahey IV','2019-04-19 02:42:58'),(1969,90,1820,'Vada Hoppe','2019-04-19 02:42:58'),(1970,58,1493,'Lexi Hammes','2019-04-19 02:42:58'),(1971,41,1864,'Dr. Jaylan Heidenreich','2019-04-19 02:42:59'),(1972,84,7,'Dr. Horacio Harvey II','2019-04-19 02:42:59'),(1973,31,1870,'Nikko Reynolds','2019-04-19 02:42:59'),(1974,70,255,'Brock Mayert','2019-04-19 02:42:59'),(1975,12,1020,'Luther Keebler IV','2019-04-19 02:42:59'),(1976,59,1971,'Jennifer Willms','2019-04-19 02:43:00'),(1977,27,696,'Mrs. Erna O\'Keefe','2019-04-19 02:43:00'),(1978,89,1162,'Jacquelyn Denesik DVM','2019-04-19 02:43:00'),(1979,42,488,'Prof. Elisa Rau','2019-04-19 02:43:00'),(1980,92,454,'Karli Rohan','2019-04-19 02:43:00'),(1981,22,1467,'Estell Bode','2019-04-19 02:43:00'),(1982,63,534,'Virginie Prohaska','2019-04-19 02:43:00'),(1983,70,680,'Kailyn Pacocha','2019-04-19 02:43:00'),(1984,71,1063,'Dr. Alivia Stark','2019-04-19 02:43:01'),(1985,61,1638,'Arielle Mohr','2019-04-19 02:43:01'),(1986,35,1861,'Stan Hickle','2019-04-19 02:43:01'),(1987,66,161,'Eliseo Torp','2019-04-19 02:43:01'),(1988,56,1911,'Gregory Dare','2019-04-19 02:43:01'),(1989,34,830,'Randi Reichert IV','2019-04-19 02:43:01'),(1990,19,595,'Tatum Lang','2019-04-19 02:43:01'),(1991,95,1938,'Mathilde Cormier','2019-04-19 02:43:01'),(1992,36,230,'Sharon Kris','2019-04-19 02:43:01'),(1993,60,940,'Marlin Simonis','2019-04-19 02:43:02'),(1994,15,1184,'Carmel Smith','2019-04-19 02:43:02'),(1995,19,156,'Clarabelle Tillman','2019-04-19 02:43:02'),(1996,92,1604,'Antone Adams III','2019-04-19 02:43:02'),(1997,18,724,'Arielle Kemmer','2019-04-19 02:43:02'),(1998,54,364,'Mr. Leonel Lindgren IV','2019-04-19 02:43:02'),(1999,16,1480,'Ms. Delphine Rosenbaum Sr.','2019-04-19 02:43:02'),(2000,32,312,'Mr. Jermey Paucek','2019-04-19 02:43:02'),(2001,20,401,'Bethel Brown','2019-04-19 02:43:03'),(2002,56,73,'Delphine Carter','2019-04-19 02:43:03'),(2003,98,1175,'Arvilla Botsford','2019-04-19 02:43:03'),(2004,17,1273,'Prof. Ariel Harber V','2019-04-19 02:43:03'),(2005,17,1991,'Berta Medhurst','2019-04-19 02:43:03'),(2006,33,1202,'Arvid Reilly','2019-04-19 02:43:03'),(2007,100,1160,'Reanna Cole','2019-04-19 02:43:03'),(2008,86,875,'Ms. Aiyana Nicolas','2019-04-19 02:43:04'),(2009,33,93,'Murray Wiegand','2019-04-19 02:43:04'),(2010,25,313,'Rachelle Cassin Sr.','2019-04-19 02:43:04'),(2011,11,1674,'Mrs. Marietta Balistreri','2019-04-19 02:43:04'),(2012,30,102,'Zechariah Bechtelar','2019-04-19 02:43:04'),(2013,87,354,'Ofelia Runolfsdottir','2019-04-19 02:43:04'),(2014,103,1811,'Harry Murray','2019-04-19 02:43:04'),(2015,20,290,'Keely Grady','2019-04-19 02:43:04'),(2016,33,1762,'Sylvan Kshlerin MD','2019-04-19 02:43:04'),(2017,73,227,'Daniela Jacobs','2019-04-19 02:43:05'),(2018,55,754,'Mrs. Virginie Trantow Jr.','2019-04-19 02:43:05'),(2019,13,4,'Prof. Jennyfer Mante','2019-04-19 02:43:05'),(2020,94,1846,'Veda Leannon','2019-04-19 02:43:05'),(2021,33,384,'Jessica Simonis','2019-04-19 02:43:05'),(2022,93,758,'Ms. Lenna Murazik','2019-04-19 02:43:05'),(2023,65,858,'Boris Jakubowski DVM','2019-04-19 02:43:05'),(2024,5,328,'Miss Jacquelyn Grady','2019-04-19 02:43:05'),(2025,17,109,'Maybell Towne DVM','2019-04-19 02:43:06'),(2026,76,975,'Reta Kunze','2019-04-19 02:43:06'),(2027,9,472,'Ms. Janice Quitzon','2019-04-19 02:43:06'),(2028,6,1345,'Mrs. Vena Ullrich I','2019-04-19 02:43:06'),(2029,28,1225,'Marco Toy','2019-04-19 02:43:06'),(2030,30,1448,'Adell Kozey','2019-04-19 02:43:06'),(2031,62,1548,'Missouri O\'Reilly Sr.','2019-04-19 02:43:06'),(2032,100,8,'Sibyl Wuckert','2019-04-19 02:43:07'),(2033,80,1242,'Hillary Koepp PhD','2019-04-19 02:43:07'),(2034,41,356,'Dr. Hubert Bergnaum II','2019-04-19 02:43:07'),(2035,102,1425,'Murphy Hagenes','2019-04-19 02:43:07'),(2036,67,894,'Ms. Elfrieda Gottlieb','2019-04-19 02:43:07'),(2037,17,1115,'Zack Johns','2019-04-19 02:43:07'),(2038,53,1308,'Norris Gutkowski','2019-04-19 02:43:07'),(2039,12,1336,'Heaven Schmitt','2019-04-19 02:43:07'),(2040,52,747,'Vida Connelly','2019-04-19 02:43:07'),(2041,81,93,'Shane Hudson','2019-04-19 02:43:07'),(2042,101,247,'Miss Lera Walter','2019-04-19 02:43:08'),(2043,54,655,'Eloisa Hill','2019-04-19 02:43:08'),(2044,64,1054,'Lucienne Koch','2019-04-19 02:43:08'),(2045,19,129,'Frances Emmerich','2019-04-19 02:43:08'),(2046,72,1165,'Mr. Donny Hermann III','2019-04-19 02:43:08'),(2047,18,1658,'Bernie Keebler','2019-04-19 02:43:08'),(2048,69,1990,'Miss Skyla Streich','2019-04-19 02:43:08'),(2049,63,1639,'Rory Hyatt','2019-04-19 02:43:08'),(2050,73,545,'Rogelio Keebler','2019-04-19 02:43:08'),(2051,8,219,'Rollin Brekke','2019-04-19 02:43:09'),(2052,21,1711,'Brenna Renner','2019-04-19 02:43:09'),(2053,100,403,'Ms. Adrianna Keebler PhD','2019-04-19 02:43:09'),(2054,39,674,'Michale Dach','2019-04-19 02:43:09'),(2055,55,1081,'Finn Bruen','2019-04-19 02:43:09'),(2056,37,571,'Miss Aileen Gaylord','2019-04-19 02:43:09'),(2057,33,1095,'Cheyanne Rodriguez','2019-04-19 02:43:09'),(2058,96,173,'Mathias Collier','2019-04-19 02:43:09'),(2059,85,1663,'Joshuah Trantow Jr.','2019-04-19 02:43:10'),(2060,66,837,'Linda Robel V','2019-04-19 02:43:10'),(2061,41,1839,'Prof. Darrel Hettinger','2019-04-19 02:43:10'),(2062,86,1022,'Ms. Amara Price','2019-04-19 02:43:10'),(2063,101,1172,'Irving Wunsch','2019-04-19 02:43:10'),(2064,85,1545,'Ms. Abigayle Koepp','2019-04-19 02:43:10'),(2065,44,1723,'Delmer Kohler','2019-04-19 02:43:10'),(2066,32,1215,'Casandra Runolfsdottir','2019-04-19 02:43:10'),(2067,94,1567,'Olaf Wiza','2019-04-19 02:43:10'),(2068,87,1414,'Patrick Pagac','2019-04-19 02:43:11'),(2069,77,824,'Rowan Klein','2019-04-19 02:43:11'),(2070,71,986,'Alvina Lockman','2019-04-19 02:43:11'),(2071,9,1735,'Ms. Lilliana Deckow','2019-04-19 02:43:11'),(2072,89,364,'Conrad Hermann','2019-04-19 02:43:11'),(2073,77,201,'Shaniya Feil','2019-04-19 02:43:11'),(2074,22,1516,'Larissa Krajcik','2019-04-19 02:43:11'),(2075,56,1454,'Prof. Robb Corkery','2019-04-19 02:43:11'),(2076,103,1698,'Jade Prohaska','2019-04-19 02:43:11'),(2077,5,400,'Prof. Trystan Mitchell','2019-04-19 02:43:12'),(2078,70,1740,'Mikayla Reichel','2019-04-19 02:43:12'),(2079,13,736,'Candice Fay','2019-04-19 02:43:12'),(2080,65,3,'Jermaine Yundt','2019-04-19 02:43:12'),(2081,40,140,'Jordon Borer','2019-04-19 02:43:12'),(2082,15,441,'Prof. Melvina Gleason','2019-04-19 02:43:12'),(2083,27,1403,'Betsy Labadie','2019-04-19 02:43:12'),(2084,39,650,'Kelli Dibbert','2019-04-19 02:43:12'),(2085,65,160,'Wilhelmine Walter Sr.','2019-04-19 02:43:13'),(2086,66,976,'Imelda Mertz','2019-04-19 02:43:13'),(2087,93,1043,'Camden Funk','2019-04-19 02:43:13'),(2088,55,1021,'Dejuan Pollich','2019-04-19 02:43:13'),(2089,47,1185,'Adrian Becker I','2019-04-19 02:43:13'),(2090,51,1270,'Chad Muller','2019-04-19 02:43:13'),(2091,91,178,'Carlotta Deckow','2019-04-19 02:43:13'),(2092,39,503,'Prof. Dahlia Robel','2019-04-19 02:43:13'),(2093,38,1734,'Miss Luisa Nader','2019-04-19 02:43:14'),(2094,40,653,'Prof. Genevieve O\'Conner Sr.','2019-04-19 02:43:14'),(2095,92,1969,'Prof. Narciso Littel','2019-04-19 02:43:14'),(2096,48,168,'Talia Bergstrom III','2019-04-19 02:43:14'),(2097,44,804,'Emely Schaden','2019-04-19 02:43:14'),(2098,43,471,'Desiree Morissette','2019-04-19 02:43:15'),(2099,64,1585,'Mrs. Kelsi Runolfsson','2019-04-19 02:43:15'),(2100,88,293,'Abdul Nienow I','2019-04-19 02:43:15'),(2101,17,765,'Mrs. Elnora Erdman','2019-04-19 02:43:15'),(2102,58,1537,'Alfred Luettgen','2019-04-19 02:43:15'),(2103,76,1405,'Dr. Jo Welch','2019-04-19 02:43:15'),(2104,35,1744,'Marilie O\'Kon','2019-04-19 02:43:16'),(2105,55,1860,'Winona Konopelski DVM','2019-04-19 02:43:16'),(2106,69,1696,'Erna Murazik','2019-04-19 02:43:16'),(2107,77,1522,'Mr. Afton Brakus MD','2019-04-19 02:43:16'),(2108,96,1818,'Joanie Gleichner','2019-04-19 02:43:16'),(2109,78,1532,'Amelia Brown','2019-04-19 02:43:16'),(2110,69,299,'Amelie Lowe','2019-04-19 02:43:17'),(2111,83,1744,'Stephon Walsh','2019-04-19 02:43:17'),(2112,40,1462,'Jovani Raynor DDS','2019-04-19 02:43:17'),(2113,16,1070,'Stephania Stoltenberg DDS','2019-04-19 02:43:17'),(2114,30,1106,'Dr. Luciano Yundt','2019-04-19 02:43:18'),(2115,99,1646,'Mittie Miller Jr.','2019-04-19 02:43:18'),(2116,12,88,'Kolby Kertzmann','2019-04-19 02:43:18'),(2117,94,353,'Gage Walker','2019-04-19 02:43:18'),(2118,98,68,'Brennon Rohan','2019-04-19 02:43:18'),(2119,8,458,'Mr. Humberto VonRueden','2019-04-19 02:43:18'),(2120,16,1113,'Alaina Koch V','2019-04-19 02:43:19'),(2121,4,1573,'Michaela Connelly','2019-04-19 02:43:19'),(2122,74,638,'Theresia O\'Connell','2019-04-19 02:43:19'),(2123,75,742,'Dr. Duncan Yundt DDS','2019-04-19 02:43:19'),(2124,73,1723,'Mr. Adan Monahan','2019-04-19 02:43:19'),(2125,53,43,'Mertie Pfannerstill','2019-04-19 02:43:19'),(2126,9,462,'Brice Koelpin','2019-04-19 02:43:19'),(2127,83,1160,'Elroy Nicolas','2019-04-19 02:43:20'),(2128,103,1417,'Alexandria Welch','2019-04-19 02:43:20'),(2129,100,315,'Jaycee Toy','2019-04-19 02:43:20'),(2130,65,109,'Chelsea Kunde','2019-04-19 02:43:20'),(2131,85,313,'Kasey Kertzmann','2019-04-19 02:43:20'),(2132,91,109,'Ms. Evalyn Schuster Jr.','2019-04-19 02:43:20'),(2133,99,38,'Zachery Leannon','2019-04-19 02:43:20'),(2134,25,390,'Gabrielle Collins','2019-04-19 02:43:20'),(2135,69,733,'Nathaniel Kemmer','2019-04-19 02:43:21'),(2136,11,1339,'Fatima Romaguera','2019-04-19 02:43:21'),(2137,25,1799,'Ismael Orn','2019-04-19 02:43:21'),(2138,21,507,'Roger Hermann','2019-04-19 02:43:21'),(2139,30,1904,'Imelda Auer','2019-04-19 02:43:21'),(2140,32,981,'Eduardo Hodkiewicz','2019-04-19 02:43:21'),(2141,98,1718,'Olin Schamberger','2019-04-19 02:43:21'),(2142,21,513,'Bessie Hoppe','2019-04-19 02:43:22'),(2143,4,1645,'Celine West','2019-04-19 02:43:22'),(2144,23,255,'Miss Elnora Willms','2019-04-19 02:43:23'),(2145,29,715,'Tracy Auer','2019-04-19 02:43:23'),(2146,90,395,'Dr. Mariela Schoen','2019-04-19 02:43:23'),(2147,27,1299,'Dimitri Quigley','2019-04-19 02:43:23'),(2148,68,874,'Nicklaus Mann','2019-04-19 02:43:23'),(2149,72,660,'Esmeralda Little','2019-04-19 02:43:23'),(2150,50,298,'Dr. Keyon Bernhard','2019-04-19 02:43:24'),(2151,43,478,'Macy Boyer','2019-04-19 02:43:24'),(2152,64,1770,'Ashlee Wiza Jr.','2019-04-19 02:43:24'),(2153,52,91,'Alex Stiedemann','2019-04-19 02:43:24'),(2154,4,1518,'Retha Wolf','2019-04-19 02:43:24'),(2155,96,1144,'Trinity Brown','2019-04-19 02:43:24'),(2156,80,852,'Toney Schmeler','2019-04-19 02:43:24'),(2157,79,1097,'Golda Cummings','2019-04-19 02:43:24'),(2158,78,1696,'Dr. Marques Stracke III','2019-04-19 02:43:24'),(2159,10,1356,'Brain Trantow IV','2019-04-19 02:43:25'),(2160,100,1773,'Eldred Daniel V','2019-04-19 02:43:25'),(2161,70,1050,'Anastasia D\'Amore','2019-04-19 02:43:25'),(2162,83,1650,'Lisette Grady','2019-04-19 02:43:25'),(2163,44,312,'Jimmie Kertzmann','2019-04-19 02:43:25'),(2164,103,1833,'Aliyah Stiedemann','2019-04-19 02:43:25'),(2165,26,211,'Francis Nolan','2019-04-19 02:43:25'),(2166,64,918,'Miss Clare Cummerata','2019-04-19 02:43:25'),(2167,102,450,'Rickey Leannon','2019-04-19 02:43:26'),(2168,9,328,'Donna Kub','2019-04-19 02:43:26'),(2169,18,1035,'Prof. Newton D\'Amore','2019-04-19 02:43:26'),(2170,99,1710,'Bryce Nicolas','2019-04-19 02:43:26'),(2171,4,667,'Lonie Jacobs','2019-04-19 02:43:26'),(2172,28,400,'Rhett Mayer','2019-04-19 02:43:26'),(2173,52,498,'Herminio Williamson','2019-04-19 02:43:26'),(2174,64,1418,'Mrs. Gretchen Mayert','2019-04-19 02:43:26'),(2175,40,937,'Eugenia Cummings','2019-04-19 02:43:26'),(2176,64,396,'Quincy Hartmann','2019-04-19 02:43:27'),(2177,57,956,'Nella Reichel','2019-04-19 02:43:27'),(2178,44,1549,'Letitia Ward','2019-04-19 02:43:27'),(2179,30,1248,'Jerald Heller','2019-04-19 02:43:27'),(2180,57,902,'Kiel Littel','2019-04-19 02:43:27'),(2181,35,1716,'Prof. Shanny Labadie','2019-04-19 02:43:27'),(2182,96,736,'Alvah Spinka PhD','2019-04-19 02:43:27'),(2183,55,1865,'Bart Boyle','2019-04-19 02:43:27'),(2184,71,1135,'Dr. Tyrese Dickens MD','2019-04-19 02:43:28'),(2185,5,1053,'Dr. Rico Terry','2019-04-19 02:43:28'),(2186,33,895,'Reynold Russel','2019-04-19 02:43:28'),(2187,38,1754,'Prof. Laron Smitham','2019-04-19 02:43:28'),(2188,71,1638,'Abbey Champlin','2019-04-19 02:43:28'),(2189,40,1700,'Rhiannon Davis','2019-04-19 02:43:29'),(2190,75,216,'Mekhi Hodkiewicz','2019-04-19 02:43:29'),(2191,92,82,'Mrs. Velma Gutkowski III','2019-04-19 02:43:29'),(2192,40,1879,'Dr. Ivy Von IV','2019-04-19 02:43:29'),(2193,38,667,'Angelina Schroeder','2019-04-19 02:43:29'),(2194,11,1561,'Ms. Britney Rowe MD','2019-04-19 02:43:29'),(2195,59,624,'Ms. Fanny Kertzmann','2019-04-19 02:43:29'),(2196,6,818,'Jeanne Hilpert Jr.','2019-04-19 02:43:29'),(2197,103,1789,'Dr. Katelyn Reilly','2019-04-19 02:43:29'),(2198,81,1866,'Dr. Omer Rau','2019-04-19 02:43:30'),(2199,24,112,'Dr. Cordie Friesen','2019-04-19 02:43:30'),(2200,43,1098,'Pansy Beier II','2019-04-19 02:43:30'),(2201,38,1625,'Lina Weber','2019-04-19 02:43:30'),(2202,41,590,'Monty Bernhard','2019-04-19 02:43:30'),(2203,37,113,'Miss Lurline Weimann','2019-04-19 02:43:30'),(2204,74,1979,'Dr. Haley Cummerata','2019-04-19 02:43:30'),(2205,22,688,'Andres Sipes','2019-04-19 02:43:30'),(2206,71,1423,'Dejuan Gorczany','2019-04-19 02:43:31'),(2207,63,1796,'Dr. Mac Glover MD','2019-04-19 02:43:31'),(2208,11,1379,'Jazmyne Maggio','2019-04-19 02:43:31'),(2209,21,1196,'Keenan Legros','2019-04-19 02:43:31'),(2210,14,967,'Christopher Wintheiser','2019-04-19 02:43:31'),(2211,100,1859,'Marilie Ullrich','2019-04-19 02:43:31'),(2212,41,140,'Earnest Kreiger','2019-04-19 02:43:31'),(2213,44,1290,'Christop Emard','2019-04-19 02:43:31'),(2214,71,1541,'Mrs. Pat Cormier DVM','2019-04-19 02:43:31'),(2215,91,1093,'Holden Nitzsche Jr.','2019-04-19 02:43:32'),(2216,66,1614,'Mark Tillman','2019-04-19 02:43:32'),(2217,31,887,'Ephraim Leannon III','2019-04-19 02:43:32'),(2218,15,1746,'Eino Willms','2019-04-19 02:43:32'),(2219,67,1697,'Aliyah Murazik','2019-04-19 02:43:32'),(2220,103,1494,'Mrs. Tiffany Hoeger PhD','2019-04-19 02:43:32'),(2221,95,1379,'Hazle Langosh','2019-04-19 02:43:32'),(2222,11,603,'Dayana King','2019-04-19 02:43:33'),(2223,15,1698,'Antonietta Daugherty','2019-04-19 02:43:33'),(2224,95,661,'Audra Herzog','2019-04-19 02:43:33'),(2225,9,693,'Kendra Haley III','2019-04-19 02:43:33'),(2226,74,13,'Miss Marilou Waelchi Jr.','2019-04-19 02:43:33'),(2227,84,1989,'Rollin Runolfsson','2019-04-19 02:43:33'),(2228,63,1674,'Prof. Henri Langosh II','2019-04-19 02:43:34'),(2229,70,1082,'Margie Reichel','2019-04-19 02:43:34'),(2230,30,1225,'Kariane Okuneva','2019-04-19 02:43:34'),(2231,102,435,'Ryleigh Bechtelar','2019-04-19 02:43:34'),(2232,5,1744,'Jordy Bernier','2019-04-19 02:43:34'),(2233,4,984,'Franco Harvey','2019-04-19 02:43:34'),(2234,35,534,'Sharon Larkin','2019-04-19 02:43:34'),(2235,11,1842,'Alvera Douglas','2019-04-19 02:43:34'),(2236,87,355,'Terrence McKenzie','2019-04-19 02:43:34'),(2237,8,422,'Mr. Olaf Langosh I','2019-04-19 02:43:35'),(2238,25,396,'Madisyn Boyle','2019-04-19 02:43:35'),(2239,64,726,'Kenny Durgan','2019-04-19 02:43:35'),(2240,35,775,'Amanda Borer Jr.','2019-04-19 02:43:35'),(2241,7,561,'Anahi McGlynn','2019-04-19 02:43:35'),(2242,73,1054,'Mr. Manuel Streich DVM','2019-04-19 02:43:35'),(2243,52,327,'Mr. Ezekiel Haag IV','2019-04-19 02:43:35'),(2244,89,71,'Brooklyn Gerlach','2019-04-19 02:43:36'),(2245,37,648,'Carmela Friesen','2019-04-19 02:43:36'),(2246,77,821,'Marietta Dooley','2019-04-19 02:43:36'),(2247,95,22,'Emil Nolan MD','2019-04-19 02:43:36'),(2248,47,1746,'Allen Kunze','2019-04-19 02:43:36'),(2249,37,1696,'Prof. Maribel Walker','2019-04-19 02:43:36'),(2250,38,817,'Dr. Derek Batz I','2019-04-19 02:43:36'),(2251,33,358,'Trace Streich','2019-04-19 02:43:36'),(2252,19,1393,'Mr. Andy Frami MD','2019-04-19 02:43:36'),(2253,74,1222,'Craig Ullrich','2019-04-19 02:43:37'),(2254,71,412,'Carolyne Gleason','2019-04-19 02:43:37'),(2255,59,108,'Ambrose Walsh','2019-04-19 02:43:37'),(2256,47,448,'Jarrett Goodwin','2019-04-19 02:43:37'),(2257,51,1336,'Alene Hane','2019-04-19 02:43:37'),(2258,94,1441,'Iva Gulgowski','2019-04-19 02:43:37'),(2259,78,1162,'Ms. Janis Leuschke','2019-04-19 02:43:37'),(2260,15,1818,'Adolfo Lindgren','2019-04-19 02:43:37'),(2261,43,427,'Dr. Christy O\'Kon III','2019-04-19 02:43:38'),(2262,40,53,'Tate Schaefer DVM','2019-04-19 02:43:38'),(2263,25,176,'Eliezer Stanton','2019-04-19 02:43:38'),(2264,44,1872,'Dr. Laurianne Schuster','2019-04-19 02:43:38'),(2265,94,325,'Mariah Spinka','2019-04-19 02:43:38'),(2266,37,327,'Quinn Mante','2019-04-19 02:43:38'),(2267,16,212,'Payton Bahringer','2019-04-19 02:43:38'),(2268,7,103,'Hattie Mohr','2019-04-19 02:43:38'),(2269,33,504,'Lindsey Wuckert PhD','2019-04-19 02:43:39'),(2270,44,945,'Everette Batz','2019-04-19 02:43:39'),(2271,50,756,'Prof. Albertha Fadel II','2019-04-19 02:43:39'),(2272,83,810,'Izabella Beahan','2019-04-19 02:43:39'),(2273,46,147,'Otto Hermann','2019-04-19 02:43:39'),(2274,75,1385,'Ms. Cassandre Quigley MD','2019-04-19 02:43:40'),(2275,21,1889,'Devan Stokes Jr.','2019-04-19 02:43:40'),(2276,70,1870,'Leanna Becker','2019-04-19 02:43:40'),(2277,43,1342,'Ms. Kailey Reichel','2019-04-19 02:43:40'),(2278,60,1979,'Giovanni Mraz','2019-04-19 02:43:40'),(2279,30,1998,'Kaleigh Deckow','2019-04-19 02:43:40'),(2280,4,1898,'Winston Windler','2019-04-19 02:43:40'),(2281,62,1326,'Stacy Hills','2019-04-19 02:43:40'),(2282,17,505,'Alexanne Hettinger','2019-04-19 02:43:40'),(2283,48,549,'Mrs. Treva Kilback MD','2019-04-19 02:43:41'),(2284,51,32,'Cleveland Kunze','2019-04-19 02:43:41'),(2285,26,131,'Vern DuBuque','2019-04-19 02:43:41'),(2286,23,741,'Mr. Miguel Kerluke Sr.','2019-04-19 02:43:41'),(2287,77,586,'Dr. Melvina Zieme Sr.','2019-04-19 02:43:41'),(2288,21,61,'Prof. Freda Hirthe','2019-04-19 02:43:41'),(2289,68,1386,'Lucienne Gorczany','2019-04-19 02:43:41'),(2290,86,29,'Prof. Emelie Watsica','2019-04-19 02:43:41'),(2291,26,1381,'Clarissa Zboncak','2019-04-19 02:43:42'),(2292,58,39,'Brisa Parker','2019-04-19 02:43:42'),(2293,79,1138,'Robin Lubowitz','2019-04-19 02:43:42'),(2294,39,189,'Herbert Barrows','2019-04-19 02:43:42'),(2295,78,418,'Mason Ernser','2019-04-19 02:43:42'),(2296,50,227,'Ryleigh Sauer','2019-04-19 02:43:42'),(2297,26,1173,'Jackeline Hettinger','2019-04-19 02:43:42'),(2298,11,1843,'Gabrielle Schaden','2019-04-19 02:43:42'),(2299,34,1244,'Eldon Muller','2019-04-19 02:43:43'),(2300,51,1189,'Roman Schimmel','2019-04-19 02:43:43'),(2301,24,593,'Albina Jones','2019-04-19 02:43:43'),(2302,12,1431,'Madisyn Mante','2019-04-19 02:43:43'),(2303,13,1372,'Danial Terry','2019-04-19 02:43:43'),(2304,15,1544,'Kenya Thiel','2019-04-19 02:43:43'),(2305,63,450,'Angelo Spencer','2019-04-19 02:43:43'),(2306,57,1072,'Ms. Mable Willms','2019-04-19 02:43:43'),(2307,98,347,'Miss Dovie Brown','2019-04-19 02:43:44'),(2308,18,1282,'Andrew Jast','2019-04-19 02:43:44'),(2309,16,705,'Mrs. Jessyca Rippin DVM','2019-04-19 02:43:44'),(2310,93,990,'Dr. Mable Denesik','2019-04-19 02:43:44'),(2311,97,836,'Madisyn Goldner MD','2019-04-19 02:43:44'),(2312,83,1454,'Mr. Sammie Gorczany IV','2019-04-19 02:43:44'),(2313,89,1291,'Corine Nitzsche III','2019-04-19 02:43:44'),(2314,73,1205,'Dr. Sid Wilkinson','2019-04-19 02:43:44'),(2315,34,1692,'Aurelio Bergstrom','2019-04-19 02:43:45'),(2316,23,1193,'Hillard Batz','2019-04-19 02:43:45'),(2317,84,1304,'Estella Abbott','2019-04-19 02:43:45'),(2318,8,909,'Boyd Kuhic','2019-04-19 02:43:45'),(2319,79,461,'Eudora Connelly','2019-04-19 02:43:45'),(2320,79,22,'Joyce Wehner Jr.','2019-04-19 02:43:45'),(2321,49,513,'Jena Gibson','2019-04-19 02:43:45'),(2322,62,1283,'Dr. Ross Davis V','2019-04-19 02:43:45'),(2323,18,1488,'Carolina Nolan','2019-04-19 02:43:46'),(2324,54,1370,'Camylle Beahan','2019-04-19 02:43:46'),(2325,71,1398,'Buford Rolfson','2019-04-19 02:43:46'),(2326,42,1728,'Assunta Denesik','2019-04-19 02:43:46'),(2327,21,1582,'Brett Schinner','2019-04-19 02:43:46'),(2328,59,1874,'Justen Greenfelder','2019-04-19 02:43:46'),(2329,73,695,'Isidro Gerhold','2019-04-19 02:43:46'),(2330,75,1400,'Johnny Breitenberg','2019-04-19 02:43:46'),(2331,81,288,'Dr. Lula Marks','2019-04-19 02:43:46'),(2332,19,479,'Prof. Felton Pagac','2019-04-19 02:43:46'),(2333,41,458,'Mr. Lesley Rosenbaum I','2019-04-19 02:43:47'),(2334,12,1215,'Sallie Gislason','2019-04-19 02:43:47'),(2335,100,1520,'Dr. Brandi Sanford','2019-04-19 02:43:47'),(2336,88,1182,'Madeline Bednar','2019-04-19 02:43:47'),(2337,37,63,'Dr. Nedra Schultz','2019-04-19 02:43:47'),(2338,59,1323,'Prof. Phoebe Gottlieb III','2019-04-19 02:43:47'),(2339,31,1017,'Dayna Schroeder','2019-04-19 02:43:47'),(2340,97,1824,'Dr. Ruthe Doyle','2019-04-19 02:43:48'),(2341,69,144,'Dr. George Runte Sr.','2019-04-19 02:43:48'),(2342,17,1756,'Colleen Weber I','2019-04-19 02:43:48'),(2343,88,1461,'Ruthie Koepp','2019-04-19 02:43:48'),(2344,41,491,'Winston Kohler IV','2019-04-19 02:43:48'),(2345,69,1621,'Courtney Ondricka','2019-04-19 02:43:48'),(2346,53,1229,'Miss Adelle Jacobson','2019-04-19 02:43:48'),(2347,101,1896,'Shanel Wiza','2019-04-19 02:43:48'),(2348,35,949,'Mrs. Kathlyn Hintz PhD','2019-04-19 02:43:48'),(2349,83,594,'Ms. Lilly Morar DDS','2019-04-19 02:43:48'),(2350,73,942,'Geovanni Rodriguez','2019-04-19 02:43:49'),(2351,100,809,'Gunnar Heller','2019-04-19 02:43:49'),(2352,17,961,'Prof. Tad Parker','2019-04-19 02:43:49'),(2353,88,1029,'Elna Kassulke PhD','2019-04-19 02:43:49'),(2354,9,387,'Dante Swift','2019-04-19 02:43:49'),(2355,9,1615,'Dr. Tierra Conroy III','2019-04-19 02:43:49'),(2356,57,1122,'Lemuel Marvin','2019-04-19 02:43:49'),(2357,44,1872,'Lavada Anderson','2019-04-19 02:43:49'),(2358,82,1680,'Francisca Boyer','2019-04-19 02:43:50'),(2359,90,1111,'Braxton Zemlak','2019-04-19 02:43:50'),(2360,40,92,'Idell Runolfsson','2019-04-19 02:43:50'),(2361,76,1118,'Prof. Alvena Eichmann III','2019-04-19 02:43:50'),(2362,33,1731,'Johann Mraz','2019-04-19 02:43:50'),(2363,80,1043,'Alysha Rath','2019-04-19 02:43:50'),(2364,65,1305,'Jerrod Kihn','2019-04-19 02:43:50'),(2365,72,1908,'Tianna Hackett','2019-04-19 02:43:50'),(2366,35,358,'Roscoe Kling DVM','2019-04-19 02:43:51'),(2367,27,798,'Idella Rowe','2019-04-19 02:43:51'),(2368,8,1186,'Jammie Brakus','2019-04-19 02:43:51'),(2369,48,242,'Mr. Kenton Schoen','2019-04-19 02:43:51'),(2370,57,1940,'Al Douglas','2019-04-19 02:43:51'),(2371,86,658,'Shad Schumm','2019-04-19 02:43:51'),(2372,94,1899,'Miss Sophia DuBuque','2019-04-19 02:43:52'),(2373,33,1516,'Jena Ortiz','2019-04-19 02:43:52'),(2374,69,1828,'Elissa Schumm','2019-04-19 02:43:52'),(2375,97,1977,'Dr. Edison Schaefer II','2019-04-19 02:43:52'),(2376,85,1955,'Dr. Vaughn Nitzsche Sr.','2019-04-19 02:43:52'),(2377,56,1970,'Ms. Danielle D\'Amore','2019-04-19 02:43:53'),(2378,11,1102,'Gunnar Gislason','2019-04-19 02:43:53'),(2379,29,1585,'Matilda Nienow','2019-04-19 02:43:53'),(2380,35,804,'Sheila Conn','2019-04-19 02:43:53'),(2381,67,900,'Cortez Bergstrom PhD','2019-04-19 02:43:53'),(2382,10,913,'Leonor Bruen Sr.','2019-04-19 02:43:53'),(2383,55,8,'Dianna Moen','2019-04-19 02:43:53'),(2384,30,162,'Dr. Sonya Green','2019-04-19 02:43:54'),(2385,35,1894,'Terrill Luettgen','2019-04-19 02:43:54'),(2386,25,131,'Casandra Muller DVM','2019-04-19 02:43:54'),(2387,76,1853,'Sierra Feeney','2019-04-19 02:43:54'),(2388,35,1319,'Miss Elenor Mann','2019-04-19 02:43:54'),(2389,20,88,'Lonie Lind DVM','2019-04-19 02:43:54'),(2390,35,1491,'Miss Catharine Bogisich Jr.','2019-04-19 02:43:54'),(2391,49,1007,'Javonte Schmitt','2019-04-19 02:43:54'),(2392,23,469,'Haley Konopelski','2019-04-19 02:43:54'),(2393,34,160,'Prof. Neil Schuster IV','2019-04-19 02:43:54'),(2394,50,630,'Prof. Lucas Langosh Sr.','2019-04-19 02:43:55'),(2395,55,208,'Lew Sanford','2019-04-19 02:43:55'),(2396,28,980,'Cecilia Beier','2019-04-19 02:43:55'),(2397,90,1147,'Elmira Simonis','2019-04-19 02:43:55'),(2398,58,1924,'Gaetano Parisian','2019-04-19 02:43:56'),(2399,64,36,'Dustin Smith','2019-04-19 02:43:56'),(2400,84,918,'Amy Harvey','2019-04-19 02:43:56'),(2401,95,1209,'Elmira Jakubowski','2019-04-19 02:43:56'),(2402,44,624,'Efrain Langworth','2019-04-19 02:43:56'),(2403,47,777,'Maynard Goyette','2019-04-19 02:43:56'),(2404,17,1636,'Ashly Klein','2019-04-19 02:43:56'),(2405,22,551,'Glenna Schultz DVM','2019-04-19 02:43:56'),(2406,88,212,'Gene Brown','2019-04-19 02:43:56'),(2407,97,1285,'Lenore Douglas','2019-04-19 02:43:57'),(2408,83,1684,'Prof. Charley Dickinson','2019-04-19 02:43:57'),(2409,47,575,'Mrs. Velva Walter','2019-04-19 02:43:57'),(2410,53,573,'Miss Leola Dach II','2019-04-19 02:43:57'),(2411,67,1496,'Abigale Jast','2019-04-19 02:43:57'),(2412,90,1102,'Prof. Heloise Schowalter DDS','2019-04-19 02:43:57'),(2413,71,1467,'Nelda Ebert','2019-04-19 02:43:57'),(2414,4,872,'Layne Vandervort','2019-04-19 02:43:58'),(2415,77,76,'Minnie Schumm II','2019-04-19 02:43:58'),(2416,54,1026,'Quinn Bernier','2019-04-19 02:43:58'),(2417,63,1665,'Mr. Jasmin Kuphal','2019-04-19 02:43:58'),(2418,46,990,'Ms. Yadira Durgan','2019-04-19 02:43:58'),(2419,42,583,'Dovie Kunde','2019-04-19 02:43:58'),(2420,67,1291,'Lonie Pouros','2019-04-19 02:43:58'),(2421,89,113,'Meghan Moen','2019-04-19 02:43:59'),(2422,64,1204,'Prof. Demetrius Cole I','2019-04-19 02:43:59'),(2423,21,161,'Ms. Linda King DDS','2019-04-19 02:43:59'),(2424,72,1026,'Dr. Tito Halvorson','2019-04-19 02:43:59'),(2425,75,674,'Jackeline Roberts','2019-04-19 02:43:59'),(2426,27,1704,'Dr. Diamond Bahringer','2019-04-19 02:43:59'),(2427,101,1321,'Jessica Turcotte','2019-04-19 02:43:59'),(2428,62,389,'Maye Metz','2019-04-19 02:43:59'),(2429,47,1589,'Jamir Veum','2019-04-19 02:43:59'),(2430,86,1363,'Josie Zemlak','2019-04-19 02:43:59'),(2431,66,785,'Dr. Freddy Simonis Jr.','2019-04-19 02:44:00'),(2432,10,1908,'Greyson Reinger','2019-04-19 02:44:00'),(2433,69,923,'Mr. Charley Stoltenberg IV','2019-04-19 02:44:00'),(2434,42,86,'Dr. Tristian Jaskolski','2019-04-19 02:44:00'),(2435,7,1161,'Jimmy Mertz','2019-04-19 02:44:00'),(2436,94,1250,'Naomi Von','2019-04-19 02:44:00'),(2437,71,1769,'Madelyn Koss DVM','2019-04-19 02:44:00'),(2438,96,1007,'Kaia Zemlak PhD','2019-04-19 02:44:00'),(2439,4,558,'Leon Zemlak DDS','2019-04-19 02:44:01'),(2440,77,430,'Zella Ziemann','2019-04-19 02:44:01'),(2441,94,1915,'Wyman Lakin','2019-04-19 02:44:01'),(2442,60,1489,'Raymond Schiller','2019-04-19 02:44:01'),(2443,76,1010,'Gisselle Grady','2019-04-19 02:44:01'),(2444,98,1130,'Walter Adams','2019-04-19 02:44:01'),(2445,34,1754,'Dr. Aglae Sporer','2019-04-19 02:44:01'),(2446,33,782,'Prof. Leone Turner','2019-04-19 02:44:01'),(2447,95,1287,'Miss Cathrine Schimmel DVM','2019-04-19 02:44:02'),(2448,54,560,'Miss Marcelina Russel IV','2019-04-19 02:44:02'),(2449,41,596,'Mr. Kenton Goodwin','2019-04-19 02:44:02'),(2450,27,1321,'Mr. Rowan Langworth MD','2019-04-19 02:44:02'),(2451,26,1980,'Ewald Klocko','2019-04-19 02:44:02'),(2452,50,1182,'Prof. Kathleen Borer DVM','2019-04-19 02:44:02'),(2453,64,768,'Melyna Doyle','2019-04-19 02:44:02'),(2454,98,1299,'Americo Dooley','2019-04-19 02:44:03'),(2455,90,517,'Madonna Renner DDS','2019-04-19 02:44:03'),(2456,39,226,'Nash Kemmer I','2019-04-19 02:44:03'),(2457,90,350,'Prof. Aylin Roberts','2019-04-19 02:44:03'),(2458,45,1403,'Lulu Moen','2019-04-19 02:44:03'),(2459,82,568,'Miss Marilyne Gislason','2019-04-19 02:44:03'),(2460,73,1353,'Carmel Renner','2019-04-19 02:44:03'),(2461,23,1071,'Delta McDermott','2019-04-19 02:44:04'),(2462,57,1073,'Granville Hills','2019-04-19 02:44:04'),(2463,22,1815,'Ms. Nettie Pfeffer','2019-04-19 02:44:04'),(2464,46,1404,'Elmo Sipes Sr.','2019-04-19 02:44:04'),(2465,31,1977,'Dr. Victoria Marquardt','2019-04-19 02:44:04'),(2466,90,1875,'Miss Jacynthe O\'Conner','2019-04-19 02:44:04'),(2467,33,1661,'Melody Walsh','2019-04-19 02:44:04'),(2468,94,711,'Vince Mosciski','2019-04-19 02:44:04'),(2469,58,29,'Tiara Block','2019-04-19 02:44:04'),(2470,31,1423,'Prof. Herta Morar','2019-04-19 02:44:05'),(2471,100,1945,'Amanda Dare','2019-04-19 02:44:05'),(2472,20,1853,'Dr. Jay Quigley DVM','2019-04-19 02:44:05'),(2473,20,946,'Rasheed Hodkiewicz','2019-04-19 02:44:05'),(2474,64,1378,'Prof. Rick Hand','2019-04-19 02:44:05'),(2475,79,719,'Braden Veum','2019-04-19 02:44:05'),(2476,62,914,'Noemi Ondricka','2019-04-19 02:44:05'),(2477,64,1164,'Nia Ward','2019-04-19 02:44:05'),(2478,103,658,'Orville Kuvalis','2019-04-19 02:44:05'),(2479,93,74,'Dr. Emmy Orn','2019-04-19 02:44:06'),(2480,101,154,'Markus Kohler','2019-04-19 02:44:06'),(2481,40,1892,'Lafayette Emard DVM','2019-04-19 02:44:06'),(2482,59,1618,'Ubaldo Veum','2019-04-19 02:44:06'),(2483,39,1370,'Cindy Sporer','2019-04-19 02:44:06'),(2484,98,891,'Paige Lehner IV','2019-04-19 02:44:06'),(2485,24,994,'Mervin Torphy','2019-04-19 02:44:06'),(2486,82,89,'Jana Johns','2019-04-19 02:44:06'),(2487,38,1313,'Dr. Aniya Kerluke IV','2019-04-19 02:44:06'),(2488,72,88,'Sydni Jones','2019-04-19 02:44:06'),(2489,43,1084,'Ben Conroy','2019-04-19 02:44:07'),(2490,12,461,'Prof. Giles Pfeffer I','2019-04-19 02:44:07'),(2491,74,1332,'Prof. Lilliana Kris Jr.','2019-04-19 02:44:07'),(2492,62,893,'Dr. Evie Dibbert','2019-04-19 02:44:07'),(2493,47,586,'Prof. Amiya Cremin V','2019-04-19 02:44:07'),(2494,87,1696,'Ms. Marilie Blick DDS','2019-04-19 02:44:07'),(2495,52,1692,'Gus Reynolds','2019-04-19 02:44:07'),(2496,57,1657,'Laurel Dietrich','2019-04-19 02:44:08'),(2497,79,1643,'Dr. Orval Medhurst II','2019-04-19 02:44:08'),(2498,13,51,'Kailyn Veum','2019-04-19 02:44:08'),(2499,69,1124,'Shad Hessel','2019-04-19 02:44:08'),(2500,84,1226,'Prof. Magdalen Fadel IV','2019-04-19 02:44:08'),(2501,67,429,'Miss Ramona Jerde','2019-04-19 02:44:08'),(2502,96,324,'Elmore Jaskolski','2019-04-19 02:44:08'),(2503,7,1197,'Prof. Ethan Zboncak Jr.','2019-04-19 02:44:08'),(2504,65,961,'Jordan Hermiston IV','2019-04-19 02:44:08'),(2505,53,362,'Rod Weissnat','2019-04-19 02:44:09'),(2506,71,450,'Elmo Huel','2019-04-19 02:44:09'),(2507,90,786,'Billy Luettgen','2019-04-19 02:44:09'),(2508,41,1284,'Tiana Howell','2019-04-19 02:44:09'),(2509,26,1816,'Elian Hammes','2019-04-19 02:44:09'),(2510,20,1182,'Vergie Goyette','2019-04-19 02:44:09'),(2511,77,1015,'Elbert Osinski','2019-04-19 02:44:10'),(2512,51,343,'Keegan Bernhard','2019-04-19 02:44:10'),(2513,54,1225,'Jaunita Gusikowski','2019-04-19 02:44:10'),(2514,22,1901,'Elbert Zulauf','2019-04-19 02:44:10'),(2515,78,1179,'Dr. Lyla Cummerata III','2019-04-19 02:44:10'),(2516,22,514,'Matilda Collier','2019-04-19 02:44:11'),(2517,68,1068,'Mr. Reyes Schmidt II','2019-04-19 02:44:11'),(2518,84,199,'Minerva Rogahn','2019-04-19 02:44:11'),(2519,41,597,'Mrs. Isabel Wolf','2019-04-19 02:44:11'),(2520,51,1580,'Ms. Meagan Parisian','2019-04-19 02:44:11'),(2521,82,1022,'Dr. Jordon Spencer','2019-04-19 02:44:11'),(2522,71,569,'Axel Erdman','2019-04-19 02:44:12'),(2523,43,743,'Lew Price','2019-04-19 02:44:12'),(2524,63,1889,'Ms. Rosie Schmeler','2019-04-19 02:44:12'),(2525,81,645,'Damion Dibbert','2019-04-19 02:44:12'),(2526,87,142,'Frances Wisozk MD','2019-04-19 02:44:12'),(2527,51,1419,'Carley Prosacco','2019-04-19 02:44:12'),(2528,14,1507,'Marcia Bernier','2019-04-19 02:44:12'),(2529,22,1413,'Briana McDermott','2019-04-19 02:44:13'),(2530,57,1812,'Mohamed Dickinson III','2019-04-19 02:44:13'),(2531,15,1666,'Dennis Ebert','2019-04-19 02:44:13'),(2532,14,356,'Mr. Jaime Lowe I','2019-04-19 02:44:13'),(2533,91,1061,'Madisen Walsh','2019-04-19 02:44:13'),(2534,81,897,'Darian Lockman','2019-04-19 02:44:13'),(2535,80,903,'Lavonne Ryan III','2019-04-19 02:44:13'),(2536,36,245,'Gene Cormier','2019-04-19 02:44:13'),(2537,63,1718,'Brianne Botsford','2019-04-19 02:44:13'),(2538,61,94,'Noel Bins Sr.','2019-04-19 02:44:14'),(2539,38,1765,'Dr. Montana Jacobson IV','2019-04-19 02:44:14'),(2540,61,115,'Norris Stroman','2019-04-19 02:44:14'),(2541,40,347,'Trudie Lakin','2019-04-19 02:44:14'),(2542,26,716,'Alejandra Hettinger','2019-04-19 02:44:14'),(2543,90,824,'Howell Prohaska','2019-04-19 02:44:14'),(2544,29,387,'Claudia Bernhard III','2019-04-19 02:44:14'),(2545,89,862,'Rowan Parisian','2019-04-19 02:44:14'),(2546,65,729,'Ottis Borer','2019-04-19 02:44:14'),(2547,46,693,'Janessa Dickinson','2019-04-19 02:44:14'),(2548,27,1943,'Sonny Huel','2019-04-19 02:44:15'),(2549,27,1920,'Prudence Ebert','2019-04-19 02:44:15'),(2550,22,1559,'Margarete Paucek Sr.','2019-04-19 02:44:15'),(2551,16,1948,'Sunny Beahan','2019-04-19 02:44:15'),(2552,99,1849,'Alvena Quitzon','2019-04-19 02:44:15'),(2553,33,16,'Miss Samara Hills','2019-04-19 02:44:15'),(2554,92,1579,'Myrl Carter','2019-04-19 02:44:15'),(2555,36,634,'Ms. Blanche Johnson','2019-04-19 02:44:16'),(2556,41,1108,'Kenyon Bernhard','2019-04-19 02:44:16'),(2557,71,416,'Jordi Hilpert','2019-04-19 02:44:16'),(2558,66,609,'Kaitlin Rogahn','2019-04-19 02:44:16'),(2559,5,582,'Dr. Birdie Schultz','2019-04-19 02:44:16'),(2560,26,1683,'Einar Auer','2019-04-19 02:44:16'),(2561,60,634,'Henri Johnson','2019-04-19 02:44:16'),(2562,40,57,'Timmothy Barton','2019-04-19 02:44:16'),(2563,12,607,'Mrs. Maya VonRueden','2019-04-19 02:44:16'),(2564,72,277,'Miss Mozell Zemlak','2019-04-19 02:44:16'),(2565,78,1037,'Dan Heaney I','2019-04-19 02:44:17'),(2566,28,1092,'Miss Mafalda Gleason DVM','2019-04-19 02:44:17'),(2567,35,428,'Mrs. Ramona Schmeler','2019-04-19 02:44:17'),(2568,49,1868,'Marisa Lemke','2019-04-19 02:44:17'),(2569,28,885,'Mrs. Margarete Kris II','2019-04-19 02:44:17'),(2570,36,955,'Jordane Mann','2019-04-19 02:44:17'),(2571,37,528,'Noe Ledner','2019-04-19 02:44:18'),(2572,18,1211,'Arno Osinski','2019-04-19 02:44:18'),(2573,70,866,'Jerry Swaniawski MD','2019-04-19 02:44:18'),(2574,59,1,'Tom Gibson','2019-04-19 02:44:18'),(2575,17,1825,'Prof. Carmine Schmeler IV','2019-04-19 02:44:18'),(2576,93,1032,'Mrs. Elda Cormier IV','2019-04-19 02:44:18'),(2577,35,1232,'Deion Schmitt','2019-04-19 02:44:18'),(2578,13,140,'Toney Klocko','2019-04-19 02:44:18'),(2579,11,1409,'Dr. Kraig Herman','2019-04-19 02:44:19'),(2580,95,1639,'Miss Zoila Bosco','2019-04-19 02:44:19'),(2581,87,390,'Kylie Collier','2019-04-19 02:44:19'),(2582,28,628,'Pete Crist DDS','2019-04-19 02:44:19'),(2583,82,368,'Jaquelin Stoltenberg','2019-04-19 02:44:19'),(2584,64,1447,'Bridget Feeney III','2019-04-19 02:44:19'),(2585,22,245,'Gilbert Flatley','2019-04-19 02:44:19'),(2586,92,342,'Lexi Hamill','2019-04-19 02:44:19'),(2587,53,544,'Kaleigh Hauck','2019-04-19 02:44:19'),(2588,55,303,'Jessika White','2019-04-19 02:44:20'),(2589,58,1784,'Jeff Wolf DDS','2019-04-19 02:44:20'),(2590,95,329,'Dr. Everardo Maggio IV','2019-04-19 02:44:20'),(2591,18,1009,'Mrs. Anabel Schulist','2019-04-19 02:44:20'),(2592,43,1579,'Gussie Will Jr.','2019-04-19 02:44:20'),(2593,73,1702,'Sonya Jaskolski','2019-04-19 02:44:20'),(2594,33,1762,'Richard Jerde','2019-04-19 02:44:20'),(2595,16,31,'Carmelo Quitzon DVM','2019-04-19 02:44:20'),(2596,17,515,'Colin Skiles','2019-04-19 02:44:20'),(2597,25,1627,'Jacynthe Bailey','2019-04-19 02:44:20'),(2598,9,63,'Izaiah Bauch','2019-04-19 02:44:21'),(2599,80,889,'Garrison Romaguera','2019-04-19 02:44:21'),(2600,17,1774,'Tevin Boehm','2019-04-19 02:44:21'),(2601,84,905,'Lolita Douglas','2019-04-19 02:44:21'),(2602,8,50,'Prof. Easter McKenzie Sr.','2019-04-19 02:44:21'),(2603,16,868,'Dr. Gustave Ruecker','2019-04-19 02:44:21'),(2604,34,473,'Jena Hettinger','2019-04-19 02:44:21'),(2605,27,1904,'Clovis Kuhlman','2019-04-19 02:44:21'),(2606,7,1715,'Angelina Stoltenberg','2019-04-19 02:44:21'),(2607,23,1956,'Lilyan Balistreri','2019-04-19 02:44:22'),(2608,87,1752,'Rudolph Hudson','2019-04-19 02:44:22'),(2609,31,1935,'Makayla Waelchi','2019-04-19 02:44:22'),(2610,53,1449,'Osborne Senger','2019-04-19 02:44:22'),(2611,86,134,'Bridget Schowalter','2019-04-19 02:44:22'),(2612,32,853,'Ms. Liza Gottlieb I','2019-04-19 02:44:22'),(2613,96,431,'Miss Juanita Zemlak MD','2019-04-19 02:44:22'),(2614,26,872,'Trystan Ortiz','2019-04-19 02:44:22'),(2615,22,1681,'Jana Graham','2019-04-19 02:44:23'),(2616,70,396,'Dr. Connor Wuckert','2019-04-19 02:44:23'),(2617,90,232,'Mr. Jaden Bernhard','2019-04-19 02:44:23'),(2618,46,501,'Selina Koepp','2019-04-19 02:44:23'),(2619,52,1968,'Gilda Bechtelar','2019-04-19 02:44:23'),(2620,30,1881,'Prof. Deven Lind','2019-04-19 02:44:23'),(2621,65,364,'Maximilian Bosco','2019-04-19 02:44:23'),(2622,83,1596,'Miss Roxane Kerluke','2019-04-19 02:44:23'),(2623,46,1854,'Gail Fay','2019-04-19 02:44:23'),(2624,37,1861,'Florence Mante','2019-04-19 02:44:24'),(2625,40,622,'Nikolas Ullrich','2019-04-19 02:44:24'),(2626,69,1521,'Lyric Tromp Jr.','2019-04-19 02:44:24'),(2627,19,748,'Junior Rempel','2019-04-19 02:44:24'),(2628,66,1351,'Meredith Kuvalis DVM','2019-04-19 02:44:24'),(2629,97,800,'Carter Stehr','2019-04-19 02:44:24'),(2630,65,1711,'Dr. Trenton Lehner','2019-04-19 02:44:24'),(2631,23,106,'Jaydon Ledner MD','2019-04-19 02:44:24'),(2632,26,125,'Lina Leffler','2019-04-19 02:44:25'),(2633,66,1022,'Bernice Gutmann','2019-04-19 02:44:25'),(2634,90,464,'Garrison Lang','2019-04-19 02:44:25'),(2635,42,77,'Stephen Walker','2019-04-19 02:44:25'),(2636,51,1017,'Silas Lesch','2019-04-19 02:44:25'),(2637,4,1907,'Lincoln Torp','2019-04-19 02:44:25'),(2638,34,366,'Moriah Blanda','2019-04-19 02:44:25'),(2639,101,919,'Vivienne Douglas','2019-04-19 02:44:25'),(2640,23,46,'Garry Cormier','2019-04-19 02:44:25'),(2641,84,105,'Irwin Prohaska','2019-04-19 02:44:25'),(2642,11,1169,'Alberto Stark','2019-04-19 02:44:26'),(2643,92,1107,'Mrs. Lyla Zemlak','2019-04-19 02:44:26'),(2644,71,505,'Maya Koss','2019-04-19 02:44:26'),(2645,59,1855,'Danial Kuphal','2019-04-19 02:44:26'),(2646,91,370,'Marcelle Konopelski','2019-04-19 02:44:26'),(2647,30,52,'Shaniya Adams','2019-04-19 02:44:26'),(2648,11,1253,'Dr. Alysa Bernhard IV','2019-04-19 02:44:26'),(2649,79,246,'Zelma Wiegand','2019-04-19 02:44:26'),(2650,15,1230,'Ebba Bailey','2019-04-19 02:44:27'),(2651,10,179,'Dr. Armando Bayer','2019-04-19 02:44:27'),(2652,74,179,'Madelynn Feest','2019-04-19 02:44:27'),(2653,57,1534,'Miss Esther Dibbert DVM','2019-04-19 02:44:27'),(2654,103,1595,'Elyse McLaughlin','2019-04-19 02:44:27'),(2655,70,662,'Katrina Mante','2019-04-19 02:44:27'),(2656,30,1199,'Christopher Schuster','2019-04-19 02:44:27'),(2657,27,101,'Ms. Shirley Hane','2019-04-19 02:44:28'),(2658,20,190,'Felix McCullough V','2019-04-19 02:44:28'),(2659,8,352,'Nedra Lueilwitz','2019-04-19 02:44:28'),(2660,87,565,'Edwin Schmitt','2019-04-19 02:44:28'),(2661,35,1589,'Aylin Bogisich','2019-04-19 02:44:28'),(2662,85,1438,'Torrance Stamm','2019-04-19 02:44:28'),(2663,16,1213,'Jazmin Altenwerth','2019-04-19 02:44:28'),(2664,99,1665,'Lilian Murazik','2019-04-19 02:44:28'),(2665,4,1963,'Dr. London Streich','2019-04-19 02:44:28'),(2666,39,1768,'Imelda Jerde','2019-04-19 02:44:29'),(2667,101,655,'Ms. Cynthia Bahringer','2019-04-19 02:44:29'),(2668,18,1504,'Elvera Cormier','2019-04-19 02:44:29'),(2669,47,1534,'Okey Schumm','2019-04-19 02:44:29'),(2670,11,1085,'Eddie Gerlach','2019-04-19 02:44:29'),(2671,88,1227,'Mr. Joey Fadel DVM','2019-04-19 02:44:29'),(2672,96,1387,'Mr. Jeramy Murray','2019-04-19 02:44:29'),(2673,18,126,'Prof. Marley Beier DDS','2019-04-19 02:44:29'),(2674,94,1140,'Connie Lowe','2019-04-19 02:44:29'),(2675,39,344,'Don Lindgren','2019-04-19 02:44:30'),(2676,35,444,'Luna Flatley PhD','2019-04-19 02:44:30'),(2677,28,516,'Mrs. Anne Murazik I','2019-04-19 02:44:30'),(2678,28,1778,'Alexa Hayes','2019-04-19 02:44:30'),(2679,39,1850,'Lea Stracke','2019-04-19 02:44:30'),(2680,80,1090,'Burdette Sauer I','2019-04-19 02:44:30'),(2681,103,1655,'Edwin Hintz IV','2019-04-19 02:44:30'),(2682,38,1519,'Miss Tanya Nicolas MD','2019-04-19 02:44:30'),(2683,103,1655,'Prof. Rubie Jenkins','2019-04-19 02:44:30'),(2684,8,1676,'Broderick Kshlerin','2019-04-19 02:44:30'),(2685,17,272,'Montana Douglas','2019-04-19 02:44:31'),(2686,34,1676,'Prof. Alvis Hegmann PhD','2019-04-19 02:44:31'),(2687,19,1381,'Miss Skyla Moen DDS','2019-04-19 02:44:31'),(2688,75,311,'Dr. Chase Metz I','2019-04-19 02:44:31'),(2689,10,943,'Ella Mann III','2019-04-19 02:44:31'),(2690,41,1094,'Loma Bartoletti','2019-04-19 02:44:31'),(2691,12,1489,'Fleta Ondricka','2019-04-19 02:44:31'),(2692,33,1650,'Kelsie Bashirian','2019-04-19 02:44:31'),(2693,45,761,'Nash Crona','2019-04-19 02:44:32'),(2694,89,1186,'Elfrieda Schiller','2019-04-19 02:44:32'),(2695,77,924,'Ellsworth Walsh I','2019-04-19 02:44:32'),(2696,35,116,'Dr. Agustina Batz MD','2019-04-19 02:44:33'),(2697,31,730,'Brandt Mayer V','2019-04-19 02:44:33'),(2698,16,1299,'Christian Harris','2019-04-19 02:44:33'),(2699,43,1201,'Keeley Hintz','2019-04-19 02:44:33'),(2700,44,1600,'Winston Hegmann','2019-04-19 02:44:33'),(2701,99,951,'Prof. Micaela Fritsch','2019-04-19 02:44:33'),(2702,54,1813,'Dr. Grady Frami','2019-04-19 02:44:33'),(2703,90,678,'Kiara Borer','2019-04-19 02:44:34'),(2704,52,1215,'Marta Kihn','2019-04-19 02:44:34'),(2705,50,1974,'Carmine Ankunding','2019-04-19 02:44:34'),(2706,64,1729,'Elda Yost','2019-04-19 02:44:34'),(2707,101,1220,'Franz McLaughlin','2019-04-19 02:44:34'),(2708,102,960,'Koby Cartwright Jr.','2019-04-19 02:44:34'),(2709,62,1757,'Ms. Bailee Strosin PhD','2019-04-19 02:44:34'),(2710,11,826,'Carmen Parisian','2019-04-19 02:44:34'),(2711,12,1249,'Riley Huel','2019-04-19 02:44:34'),(2712,69,1724,'Manley Lindgren','2019-04-19 02:44:35'),(2713,83,725,'Lawson Schulist','2019-04-19 02:44:35'),(2714,96,1793,'Neil Kiehn','2019-04-19 02:44:35'),(2715,5,553,'Prof. Raymond Toy II','2019-04-19 02:44:35'),(2716,88,872,'Miss Tierra O\'Keefe','2019-04-19 02:44:35'),(2717,49,1128,'Jerod Wintheiser','2019-04-19 02:44:35'),(2718,35,941,'Ms. Daija Herman','2019-04-19 02:44:35'),(2719,34,128,'Dennis Jerde DVM','2019-04-19 02:44:35'),(2720,17,831,'Mina Rosenbaum','2019-04-19 02:44:36'),(2721,37,452,'Damian Larson','2019-04-19 02:44:36'),(2722,62,1232,'Helene Nader','2019-04-19 02:44:36'),(2723,21,300,'Santa Schultz','2019-04-19 02:44:36'),(2724,69,214,'Caleigh Oberbrunner','2019-04-19 02:44:36'),(2725,10,391,'Prof. Earlene Wiza Sr.','2019-04-19 02:44:36'),(2726,20,323,'Rubie Wisozk','2019-04-19 02:44:36'),(2727,10,1826,'Mr. Bret Hermiston Sr.','2019-04-19 02:44:36'),(2728,60,1240,'Diego Haley','2019-04-19 02:44:37'),(2729,15,643,'Bert Corwin V','2019-04-19 02:44:37'),(2730,21,1541,'Salma Fahey','2019-04-19 02:44:37'),(2731,98,318,'Alfonzo Gerhold','2019-04-19 02:44:37'),(2732,79,1254,'Efrain Cartwright','2019-04-19 02:44:37'),(2733,60,79,'Stanley Bayer','2019-04-19 02:44:37'),(2734,14,1458,'Mia Kuhlman V','2019-04-19 02:44:37'),(2735,93,1546,'Herminia Ward Jr.','2019-04-19 02:44:37'),(2736,33,115,'Leta Conn','2019-04-19 02:44:37'),(2737,37,159,'Mckayla Sanford','2019-04-19 02:44:38'),(2738,99,1281,'Mr. Demond Skiles','2019-04-19 02:44:38'),(2739,58,343,'Miss Emilia Lemke','2019-04-19 02:44:38'),(2740,25,128,'Kayla Wisoky Jr.','2019-04-19 02:44:38'),(2741,48,70,'Cynthia Terry','2019-04-19 02:44:38'),(2742,21,1117,'Jeffry Connelly','2019-04-19 02:44:38'),(2743,26,1670,'Prof. Modesta Kirlin Jr.','2019-04-19 02:44:38'),(2744,98,1581,'Miss Jayda Swaniawski Jr.','2019-04-19 02:44:38'),(2745,34,1670,'Curtis Robel','2019-04-19 02:44:38'),(2746,21,1464,'Sedrick Hodkiewicz','2019-04-19 02:44:39'),(2747,103,21,'Prof. Haleigh Bashirian DDS','2019-04-19 02:44:39'),(2748,34,1736,'Eda Breitenberg','2019-04-19 02:44:39'),(2749,8,1594,'Matt Yundt','2019-04-19 02:44:39'),(2750,101,596,'Ruth Pfeffer','2019-04-19 02:44:39'),(2751,13,424,'Orlo Borer','2019-04-19 02:44:39'),(2752,41,593,'Francis Doyle','2019-04-19 02:44:39'),(2753,98,1053,'Isom Thompson','2019-04-19 02:44:39'),(2754,99,1623,'Arjun Batz','2019-04-19 02:44:40'),(2755,37,1344,'Miss Zoe Terry','2019-04-19 02:44:40'),(2756,93,539,'Jarod Macejkovic','2019-04-19 02:44:40'),(2757,90,1708,'Dr. Josh Krajcik Sr.','2019-04-19 02:44:40'),(2758,22,172,'Violet Harris PhD','2019-04-19 02:44:40'),(2759,95,1346,'Laverna Dare','2019-04-19 02:44:40'),(2760,60,352,'Beverly Abshire','2019-04-19 02:44:41'),(2761,78,324,'Mr. Shayne Reichel','2019-04-19 02:44:41'),(2762,19,354,'Dr. Margaretta Hamill','2019-04-19 02:44:41'),(2763,42,1481,'Lynn Wilkinson','2019-04-19 02:44:41'),(2764,41,896,'Katrina Keebler','2019-04-19 02:44:41'),(2765,20,1907,'Helene Walker','2019-04-19 02:44:41'),(2766,37,1624,'Javonte Grant II','2019-04-19 02:44:41'),(2767,4,807,'Tyrell Champlin','2019-04-19 02:44:41'),(2768,28,1444,'Ray Maggio','2019-04-19 02:44:42'),(2769,81,275,'Miss Maya Williamson','2019-04-19 02:44:42'),(2770,17,962,'Abdullah Hagenes','2019-04-19 02:44:42'),(2771,24,426,'Jevon Carroll','2019-04-19 02:44:42'),(2772,103,1659,'Adolf Frami','2019-04-19 02:44:42'),(2773,28,1164,'Dr. Alvena Hoppe','2019-04-19 02:44:42'),(2774,8,1411,'Uriel Wiegand','2019-04-19 02:44:42'),(2775,32,1253,'Prof. Fae Osinski','2019-04-19 02:44:43'),(2776,98,1080,'Miss Clare Gerlach','2019-04-19 02:44:43'),(2777,60,103,'Teagan Flatley','2019-04-19 02:44:43'),(2778,97,1581,'Reba Turcotte DDS','2019-04-19 02:44:43'),(2779,31,852,'Vida Bogisich','2019-04-19 02:44:43'),(2780,85,1557,'Lelah Gislason','2019-04-19 02:44:43'),(2781,87,1082,'Dr. Clemens Grimes IV','2019-04-19 02:44:43'),(2782,69,328,'Vincent Balistreri','2019-04-19 02:44:43'),(2783,34,325,'Ms. Joyce Bosco','2019-04-19 02:44:43'),(2784,48,1026,'Fletcher Glover Jr.','2019-04-19 02:44:44'),(2785,19,127,'Dr. Mabelle Williamson MD','2019-04-19 02:44:44'),(2786,15,990,'Anabelle Jenkins MD','2019-04-19 02:44:44'),(2787,15,307,'Libby O\'Connell','2019-04-19 02:44:44'),(2788,44,738,'Prof. Wendell O\'Reilly MD','2019-04-19 02:44:44'),(2789,11,1067,'Annalise Fisher','2019-04-19 02:44:44'),(2790,25,995,'Hans Dickens','2019-04-19 02:44:44'),(2791,32,281,'Carlee Gutmann','2019-04-19 02:44:44'),(2792,45,1374,'Lucius Toy','2019-04-19 02:44:44'),(2793,60,1304,'Mr. Kacey Leuschke PhD','2019-04-19 02:44:44'),(2794,25,1389,'Mr. Sebastian Block','2019-04-19 02:44:45'),(2795,88,1271,'Bert Weber','2019-04-19 02:44:45'),(2796,49,593,'Dr. Axel Deckow','2019-04-19 02:44:45'),(2797,16,861,'Mr. Sidney Stamm MD','2019-04-19 02:44:45'),(2798,93,1310,'Luther Strosin','2019-04-19 02:44:45'),(2799,39,55,'Alexandrea Bahringer I','2019-04-19 02:44:45'),(2800,5,838,'Roman Auer','2019-04-19 02:44:46'),(2801,100,1591,'Miss Margret Kshlerin','2019-04-19 02:44:46'),(2802,89,1101,'Richie Hettinger','2019-04-19 02:44:46'),(2803,21,655,'Mr. Morris Marks','2019-04-19 02:44:46'),(2804,14,1684,'Darrion Halvorson','2019-04-19 02:44:46'),(2805,96,1216,'Keeley Fadel','2019-04-19 02:44:46'),(2806,98,981,'Miss Margot Bechtelar','2019-04-19 02:44:46'),(2807,86,1497,'Camila Abernathy PhD','2019-04-19 02:44:46'),(2808,45,1637,'Elisha Franecki','2019-04-19 02:44:46'),(2809,90,1969,'Prof. Viva Towne','2019-04-19 02:44:46'),(2810,8,1887,'Mrs. Vickie Thompson Sr.','2019-04-19 02:44:46'),(2811,43,564,'Aisha Emard','2019-04-19 02:44:47'),(2812,7,523,'Dr. George Rippin MD','2019-04-19 02:44:47'),(2813,103,1167,'Rosario Reichert','2019-04-19 02:44:47'),(2814,76,478,'Amiya Langworth Sr.','2019-04-19 02:44:47'),(2815,17,261,'Ivah Hackett','2019-04-19 02:44:47'),(2816,67,1228,'Prof. Raoul Parisian','2019-04-19 02:44:47'),(2817,95,683,'Gussie Friesen','2019-04-19 02:44:47'),(2818,72,111,'Jeramy Nader','2019-04-19 02:44:47'),(2819,56,10,'Cynthia Wintheiser','2019-04-19 02:44:47'),(2820,30,1804,'Karen Grady','2019-04-19 02:44:47'),(2821,58,1861,'Helen Wilderman','2019-04-19 02:44:48'),(2822,5,861,'Waylon Hudson','2019-04-19 02:44:48'),(2823,79,1277,'Skye Bruen','2019-04-19 02:44:48'),(2824,44,345,'Keenan Hilpert','2019-04-19 02:44:48'),(2825,93,822,'Ellen Kohler','2019-04-19 02:44:48'),(2826,91,786,'Ken Schaefer','2019-04-19 02:44:49'),(2827,8,1983,'Sonia Bartell','2019-04-19 02:44:49'),(2828,86,1593,'Prof. Mustafa Bogan','2019-04-19 02:44:49'),(2829,32,23,'Kristian Emmerich','2019-04-19 02:44:49'),(2830,35,779,'Marcelino Kuhn MD','2019-04-19 02:44:49'),(2831,7,946,'Miss Paula Dare IV','2019-04-19 02:44:49'),(2832,56,1876,'Sydney Hill','2019-04-19 02:44:49'),(2833,35,1949,'Miss Shea Wehner','2019-04-19 02:44:49'),(2834,23,1893,'Guy Hyatt II','2019-04-19 02:44:50'),(2835,82,61,'Brenden Johns','2019-04-19 02:44:50'),(2836,55,1199,'Carmela Schmidt','2019-04-19 02:44:50'),(2837,26,741,'Vern Romaguera','2019-04-19 02:44:50'),(2838,12,1823,'Dr. Jazmyn Osinski I','2019-04-19 02:44:50'),(2839,10,381,'Josianne O\'Hara','2019-04-19 02:44:50'),(2840,95,1541,'Leatha Beatty','2019-04-19 02:44:50'),(2841,99,380,'Jordyn Douglas','2019-04-19 02:44:50'),(2842,74,1308,'Dr. Marvin Greenfelder','2019-04-19 02:44:50'),(2843,32,1413,'Brayan Abshire','2019-04-19 02:44:50'),(2844,68,1439,'Lyric Cummings','2019-04-19 02:44:51'),(2845,91,1759,'Edythe Schumm','2019-04-19 02:44:51'),(2846,57,1307,'Hector Cronin','2019-04-19 02:44:51'),(2847,53,666,'Cassidy Jerde','2019-04-19 02:44:51'),(2848,88,1980,'Aileen Kshlerin','2019-04-19 02:44:51'),(2849,57,1862,'Dr. Enoch Jacobi','2019-04-19 02:44:51'),(2850,25,1124,'Giovani Orn','2019-04-19 02:44:51'),(2851,16,1089,'Malcolm Larkin','2019-04-19 02:44:51'),(2852,58,1681,'Dr. Berta D\'Amore MD','2019-04-19 02:44:51'),(2853,101,1831,'Andreanne Luettgen Jr.','2019-04-19 02:44:51'),(2854,92,131,'Lorenz Lindgren III','2019-04-19 02:44:52'),(2855,31,33,'Alda Beatty','2019-04-19 02:44:52'),(2856,38,1652,'Dayna Cartwright Sr.','2019-04-19 02:44:52'),(2857,54,903,'Deondre Predovic DDS','2019-04-19 02:44:52'),(2858,67,1490,'Aida Moen','2019-04-19 02:44:52'),(2859,50,1572,'Bonnie Vandervort','2019-04-19 02:44:52'),(2860,69,20,'Isobel Wyman','2019-04-19 02:44:53'),(2861,58,1141,'Mrs. Aileen Goyette DVM','2019-04-19 02:44:53'),(2862,95,1708,'Itzel Windler','2019-04-19 02:44:53'),(2863,80,938,'Bridgette Trantow','2019-04-19 02:44:53'),(2864,27,43,'Alejandrin Volkman V','2019-04-19 02:44:53'),(2865,97,279,'Eleonore Lynch','2019-04-19 02:44:53'),(2866,66,1138,'Terry Gottlieb','2019-04-19 02:44:53'),(2867,89,1976,'Jamarcus Dicki I','2019-04-19 02:44:53'),(2868,16,358,'Dr. Domenic Greenfelder MD','2019-04-19 02:44:54'),(2869,72,1649,'Hadley Predovic','2019-04-19 02:44:54'),(2870,18,1667,'Dr. Anne Ward','2019-04-19 02:44:54'),(2871,84,1585,'Miss Lurline Wolff I','2019-04-19 02:44:54'),(2872,73,1685,'Norwood Kulas','2019-04-19 02:44:54'),(2873,77,821,'Ms. Raquel Braun DDS','2019-04-19 02:44:54'),(2874,78,1649,'Gene Wyman','2019-04-19 02:44:54'),(2875,31,1248,'Dr. Weldon Klocko','2019-04-19 02:44:54'),(2876,8,1568,'Kirk Bode PhD','2019-04-19 02:44:54'),(2877,21,1532,'Mr. Austin Kutch','2019-04-19 02:44:54'),(2878,78,125,'Baylee Gerhold','2019-04-19 02:44:55'),(2879,40,824,'Allie Gorczany','2019-04-19 02:44:55'),(2880,12,1428,'Mr. Payton Moore III','2019-04-19 02:44:55'),(2881,14,844,'Litzy Paucek','2019-04-19 02:44:55'),(2882,71,283,'Elijah Shanahan','2019-04-19 02:44:55'),(2883,15,1683,'Germaine Walker V','2019-04-19 02:44:55'),(2884,25,836,'Dr. Camilla Ernser V','2019-04-19 02:44:55'),(2885,21,1098,'Weldon Sauer','2019-04-19 02:44:55'),(2886,93,1453,'Prof. Dewitt Hilpert Jr.','2019-04-19 02:44:55'),(2887,73,643,'Emery Larkin','2019-04-19 02:44:56'),(2888,91,1875,'Dr. Delfina Sporer','2019-04-19 02:44:56'),(2889,61,1283,'Florence Beatty DVM','2019-04-19 02:44:56'),(2890,62,952,'Zackery Dickinson','2019-04-19 02:44:56'),(2891,52,1963,'Novella Stroman','2019-04-19 02:44:56'),(2892,54,915,'Rosina Dooley DVM','2019-04-19 02:44:56'),(2893,61,1179,'William Fahey','2019-04-19 02:44:56'),(2894,28,167,'Ara Terry II','2019-04-19 02:44:56'),(2895,43,1645,'Johathan Bergnaum','2019-04-19 02:44:56'),(2896,33,1954,'Brandi Dare','2019-04-19 02:44:57'),(2897,65,1639,'Kaitlyn Hartmann','2019-04-19 02:44:57'),(2898,29,312,'Jayce Botsford','2019-04-19 02:44:57'),(2899,12,1339,'Ana Strosin','2019-04-19 02:44:57'),(2900,59,932,'Xander Kub','2019-04-19 02:44:57'),(2901,28,1570,'Adonis Bayer','2019-04-19 02:44:57'),(2902,80,76,'Nola Bahringer III','2019-04-19 02:44:57'),(2903,92,1239,'Marjorie Turcotte','2019-04-19 02:44:57'),(2904,88,417,'Cornelius Gerhold','2019-04-19 02:44:57'),(2905,86,398,'Mathew Lang','2019-04-19 02:44:58'),(2906,99,451,'Elta Hahn','2019-04-19 02:44:58'),(2907,100,803,'Mrs. Ressie Cartwright','2019-04-19 02:44:58'),(2908,102,1868,'Soledad Wuckert','2019-04-19 02:44:58'),(2909,52,681,'Mr. Connor Hartmann','2019-04-19 02:44:58'),(2910,55,420,'Rosalee Stamm','2019-04-19 02:44:58'),(2911,43,1906,'Dr. Myrtie Gottlieb V','2019-04-19 02:44:58'),(2912,98,1334,'Delaney Reinger','2019-04-19 02:44:59'),(2913,42,1450,'Terrance Spencer','2019-04-19 02:44:59'),(2914,18,30,'Bertram Hermiston','2019-04-19 02:44:59'),(2915,97,1758,'Wilton Hackett','2019-04-19 02:44:59'),(2916,68,696,'Thalia Gutmann','2019-04-19 02:44:59'),(2917,12,189,'Mr. Albert Greenholt','2019-04-19 02:44:59'),(2918,67,873,'Eveline Gerhold','2019-04-19 02:44:59'),(2919,57,629,'Tyrese Littel','2019-04-19 02:44:59'),(2920,10,1013,'Orland Waelchi','2019-04-19 02:44:59'),(2921,8,438,'Geraldine Blanda','2019-04-19 02:45:00'),(2922,27,1359,'Rod Ferry','2019-04-19 02:45:00'),(2923,35,279,'Yadira Weissnat','2019-04-19 02:45:00'),(2924,8,511,'Miss Crystel Okuneva','2019-04-19 02:45:00'),(2925,74,555,'Prof. Lindsey Lubowitz','2019-04-19 02:45:00'),(2926,66,1332,'Mr. Keon Grimes V','2019-04-19 02:45:00'),(2927,6,1672,'Aimee Walsh DVM','2019-04-19 02:45:00'),(2928,61,586,'Emmie Hegmann','2019-04-19 02:45:00'),(2929,64,511,'Dr. Kenya Hettinger','2019-04-19 02:45:00'),(2930,13,1768,'Prof. Landen Klocko DDS','2019-04-19 02:45:01'),(2931,30,722,'Levi Wiza','2019-04-19 02:45:01'),(2932,24,575,'Ms. Linda Rutherford PhD','2019-04-19 02:45:01'),(2933,64,1656,'Dr. Santiago Turcotte I','2019-04-19 02:45:01'),(2934,14,367,'Tristin Barton','2019-04-19 02:45:01'),(2935,91,740,'Rebecca Hettinger','2019-04-19 02:45:01'),(2936,101,1893,'Dr. Leland Koss','2019-04-19 02:45:01'),(2937,52,774,'Arlene Dare','2019-04-19 02:45:01'),(2938,4,1219,'Catalina Jacobs','2019-04-19 02:45:01'),(2939,47,737,'Eunice Rodriguez','2019-04-19 02:45:02'),(2940,90,221,'Adell O\'Hara','2019-04-19 02:45:02'),(2941,35,1929,'Rachelle Lebsack','2019-04-19 02:45:02'),(2942,26,57,'Kyle Wuckert DVM','2019-04-19 02:45:02'),(2943,88,911,'Dr. Doyle Kerluke Jr.','2019-04-19 02:45:03'),(2944,52,33,'Hilma Sipes','2019-04-19 02:45:03'),(2945,103,1702,'Sabrina Stark Sr.','2019-04-19 02:45:03'),(2946,78,1643,'Prof. Beulah Schiller','2019-04-19 02:45:03'),(2947,41,791,'Miss Bridget O\'Connell','2019-04-19 02:45:03'),(2948,55,466,'Reece Weimann V','2019-04-19 02:45:03'),(2949,22,706,'Colton Heaney','2019-04-19 02:45:04'),(2950,71,837,'Manuela Considine','2019-04-19 02:45:04'),(2951,6,408,'Mrs. Delphia Doyle MD','2019-04-19 02:45:04'),(2952,63,1762,'Lawrence Dickinson','2019-04-19 02:45:04'),(2953,29,1759,'Gustave Fritsch','2019-04-19 02:45:04'),(2954,84,396,'Bernard Wilderman PhD','2019-04-19 02:45:04'),(2955,88,1248,'Alayna Waelchi','2019-04-19 02:45:04'),(2956,7,311,'Marilou Stiedemann','2019-04-19 02:45:04'),(2957,38,1195,'Leo Koelpin DVM','2019-04-19 02:45:05'),(2958,31,1138,'Aisha Little','2019-04-19 02:45:05'),(2959,42,168,'Dr. Rubie Jast','2019-04-19 02:45:05'),(2960,69,335,'Dr. Frankie Shields MD','2019-04-19 02:45:05'),(2961,21,401,'Prof. Leon Tromp','2019-04-19 02:45:05'),(2962,48,1178,'Prof. Meredith Grant','2019-04-19 02:45:05'),(2963,74,284,'Roxane Lakin IV','2019-04-19 02:45:05'),(2964,82,440,'Adelbert Kutch','2019-04-19 02:45:05'),(2965,59,474,'Mr. Moriah Collier MD','2019-04-19 02:45:05'),(2966,62,1014,'Dr. Jaquelin Wisoky Sr.','2019-04-19 02:45:06'),(2967,20,1079,'Beth Johnson V','2019-04-19 02:45:06'),(2968,15,223,'Talon Armstrong','2019-04-19 02:45:06'),(2969,19,1474,'Roberta Beier','2019-04-19 02:45:06'),(2970,47,1293,'Craig Graham DVM','2019-04-19 02:45:06'),(2971,61,1040,'Ashton Leuschke','2019-04-19 02:45:06'),(2972,33,859,'Kari Goodwin V','2019-04-19 02:45:06'),(2973,6,1848,'Krystal Aufderhar Sr.','2019-04-19 02:45:06'),(2974,8,608,'Dr. Hannah Borer','2019-04-19 02:45:06'),(2975,61,1949,'Elissa Friesen','2019-04-19 02:45:07'),(2976,93,1821,'Cortez Schaden MD','2019-04-19 02:45:07'),(2977,90,541,'Chanelle Stamm','2019-04-19 02:45:07'),(2978,19,1686,'Vicente Ryan','2019-04-19 02:45:07'),(2979,83,1788,'Yvonne Crist','2019-04-19 02:45:07'),(2980,103,1974,'Giles Hammes Sr.','2019-04-19 02:45:07'),(2981,81,919,'Tressie Brown','2019-04-19 02:45:07'),(2982,11,1684,'Mara Upton','2019-04-19 02:45:08'),(2983,76,1768,'Bella Paucek Sr.','2019-04-19 02:45:08'),(2984,97,1123,'Adelle Hickle','2019-04-19 02:45:08'),(2985,79,168,'Prof. Waylon Wuckert','2019-04-19 02:45:08'),(2986,71,1162,'Prof. Otha Bernier Sr.','2019-04-19 02:45:08'),(2987,34,1395,'Dr. Emil Lesch','2019-04-19 02:45:08'),(2988,78,351,'Freeda Keebler','2019-04-19 02:45:08'),(2989,6,1087,'Dahlia Romaguera','2019-04-19 02:45:08'),(2990,4,1042,'Seth Stracke Jr.','2019-04-19 02:45:09'),(2991,90,1476,'Dr. Jaida Hane','2019-04-19 02:45:09'),(2992,18,26,'Maia Cassin IV','2019-04-19 02:45:09'),(2993,52,1133,'Orval Hegmann V','2019-04-19 02:45:09'),(2994,4,1972,'Rory Corwin','2019-04-19 02:45:09'),(2995,90,1800,'Prof. Lea Sanford','2019-04-19 02:45:09'),(2996,97,324,'Jorge Gutkowski','2019-04-19 02:45:09'),(2997,8,1218,'Peggie Ward','2019-04-19 02:45:10'),(2998,68,1620,'Kimberly Zemlak','2019-04-19 02:45:10'),(2999,100,1496,'Heloise Marquardt','2019-04-19 02:45:10'),(3000,69,944,'Elza Prohaska','2019-04-19 02:45:10'),(3001,11,58,'Sophie Gottlieb II','2019-04-19 02:45:10'),(3002,95,1010,'Miss Kaia Ruecker I','2019-04-19 02:45:10'),(3003,50,1386,'Tiana Durgan DVM','2019-04-19 02:45:10'),(3004,11,1794,'Jevon Stracke Sr.','2019-04-19 02:45:10'),(3005,101,806,'Ava Renner','2019-04-19 02:45:10'),(3006,19,1758,'Gisselle Collier Sr.','2019-04-19 02:45:11'),(3007,47,420,'Prof. Aliza Connelly V','2019-04-19 02:45:11'),(3008,31,1715,'Dr. Brielle Wehner','2019-04-19 02:45:11'),(3009,86,241,'Mrs. Nicolette Olson IV','2019-04-19 02:45:11'),(3010,39,767,'Mr. Cyril McLaughlin PhD','2019-04-19 02:45:11'),(3011,27,465,'Gail Bergnaum','2019-04-19 02:45:11'),(3012,32,1786,'Alanis Hyatt','2019-04-19 02:45:11'),(3013,54,666,'Nannie O\'Keefe I','2019-04-19 02:45:11'),(3014,97,1756,'Edgardo Kutch','2019-04-19 02:45:12'),(3015,102,1712,'Prof. Creola Watsica','2019-04-19 02:45:12'),(3016,58,81,'Pattie Gorczany PhD','2019-04-19 02:45:12'),(3017,92,775,'Katelin Turcotte','2019-04-19 02:45:12'),(3018,55,182,'Norma Turcotte','2019-04-19 02:45:12'),(3019,54,750,'Carrie Goyette DVM','2019-04-19 02:45:12'),(3020,47,689,'Velva Stroman','2019-04-19 02:45:12'),(3021,83,1854,'Dr. Johathan Wuckert','2019-04-19 02:45:12'),(3022,10,1455,'Dagmar Runolfsdottir','2019-04-19 02:45:12'),(3023,27,475,'Esta Leffler','2019-04-19 02:45:13'),(3024,73,1115,'Estevan O\'Conner DDS','2019-04-19 02:45:13'),(3025,83,1781,'Barrett Lind','2019-04-19 02:45:13'),(3026,59,72,'Jedediah Watsica Jr.','2019-04-19 02:45:13'),(3027,93,114,'Bradford Kemmer Jr.','2019-04-19 02:45:13'),(3028,30,382,'Adolphus Kozey','2019-04-19 02:45:13'),(3029,54,831,'Ms. Ardella Casper DDS','2019-04-19 02:45:13'),(3030,91,289,'Oran Ebert','2019-04-19 02:45:13'),(3031,41,124,'Eduardo Stiedemann','2019-04-19 02:45:14'),(3032,74,1667,'Miss Yazmin Erdman II','2019-04-19 02:45:14'),(3033,4,1300,'Prof. Sonia Littel Jr.','2019-04-19 02:45:14'),(3034,98,1809,'Mr. Jayson Lynch III','2019-04-19 02:45:14'),(3035,63,1938,'Petra Rutherford','2019-04-19 02:45:14'),(3036,14,1048,'Vickie Eichmann','2019-04-19 02:45:14'),(3037,23,606,'Orion Hansen','2019-04-19 02:45:14'),(3038,22,1971,'Susanna Nicolas IV','2019-04-19 02:45:14'),(3039,88,1236,'Danial Prohaska','2019-04-19 02:45:14'),(3040,81,1986,'Bridgette Quitzon','2019-04-19 02:45:15'),(3041,58,944,'Prof. Thurman Treutel','2019-04-19 02:45:15'),(3042,72,743,'Shyanne Schiller','2019-04-19 02:45:15'),(3043,51,1333,'Mrs. Ona Watsica Jr.','2019-04-19 02:45:15'),(3044,94,1145,'Willow Sanford','2019-04-19 02:45:15'),(3045,96,582,'Candice Kovacek IV','2019-04-19 02:45:15'),(3046,35,646,'Travon Rogahn V','2019-04-19 02:45:15'),(3047,42,614,'Mrs. Meghan Ryan DDS','2019-04-19 02:45:15'),(3048,54,863,'Dr. Kieran Schaden MD','2019-04-19 02:45:15'),(3049,55,570,'Miss Virgie Schimmel','2019-04-19 02:45:16'),(3050,39,1000,'Adonis Howe','2019-04-19 02:45:16'),(3051,68,1208,'Jimmy Gibson','2019-04-19 02:45:16'),(3052,93,1744,'Francesco Kris','2019-04-19 02:45:16'),(3053,33,1663,'Mrs. Kiarra Ritchie','2019-04-19 02:45:16'),(3054,101,1358,'Mireya Miller','2019-04-19 02:45:16'),(3055,8,336,'Giovanny Schumm','2019-04-19 02:45:16'),(3056,75,885,'Mr. Garnet Harris MD','2019-04-19 02:45:16'),(3057,102,191,'Audra Hilpert','2019-04-19 02:45:16'),(3058,25,1037,'Prof. Ole Bergnaum V','2019-04-19 02:45:16'),(3059,40,1141,'Napoleon Collier','2019-04-19 02:45:17'),(3060,34,1269,'Gail Ernser','2019-04-19 02:45:17'),(3061,90,1518,'Maurine Kihn','2019-04-19 02:45:17'),(3062,54,527,'Lucious Rippin DVM','2019-04-19 02:45:17'),(3063,14,1027,'Bernita Swift','2019-04-19 02:45:17'),(3064,81,863,'Aurelia Rau PhD','2019-04-19 02:45:17'),(3065,57,1148,'Dan Kris','2019-04-19 02:45:17'),(3066,64,677,'Aubrey Heller PhD','2019-04-19 02:45:17'),(3067,17,1369,'Mr. Cleve Haley','2019-04-19 02:45:17'),(3068,63,530,'Prof. Katelyn Blanda I','2019-04-19 02:45:18'),(3069,88,1934,'Anna Heathcote MD','2019-04-19 02:45:18'),(3070,70,1169,'Kamille Luettgen','2019-04-19 02:45:18'),(3071,61,772,'Mittie Kozey','2019-04-19 02:45:18'),(3072,72,1237,'Alison Veum','2019-04-19 02:45:18'),(3073,11,1536,'Gilda Marvin','2019-04-19 02:45:18'),(3074,14,268,'Tyshawn McClure DVM','2019-04-19 02:45:18'),(3075,44,544,'Domenic Herzog','2019-04-19 02:45:18'),(3076,26,61,'Merlin Stracke Sr.','2019-04-19 02:45:19'),(3077,76,1734,'Piper Leffler','2019-04-19 02:45:19'),(3078,21,399,'Prof. Bernie Bartell Jr.','2019-04-19 02:45:19'),(3079,50,1464,'Sincere Hackett','2019-04-19 02:45:19'),(3080,82,1822,'Aaron Armstrong','2019-04-19 02:45:19'),(3081,99,1611,'Sadye Glover','2019-04-19 02:45:20'),(3082,97,1033,'Christ Mueller','2019-04-19 02:45:20'),(3083,97,1100,'Minerva Mueller','2019-04-19 02:45:20'),(3084,50,866,'Paula Ritchie','2019-04-19 02:45:20'),(3085,71,1823,'Dr. Ronny Oberbrunner V','2019-04-19 02:45:20'),(3086,46,1750,'Ms. Citlalli Hammes I','2019-04-19 02:45:20'),(3087,79,160,'Hugh Morar','2019-04-19 02:45:21'),(3088,95,501,'Prof. Brock Goyette','2019-04-19 02:45:21'),(3089,39,380,'Dulce Hilpert','2019-04-19 02:45:21'),(3090,12,289,'Alessandra Simonis','2019-04-19 02:45:21'),(3091,22,60,'Mr. Forrest Hegmann','2019-04-19 02:45:21'),(3092,46,1584,'Miss Maxie Considine IV','2019-04-19 02:45:21'),(3093,48,32,'Rafaela Kerluke','2019-04-19 02:45:21'),(3094,84,742,'Prof. Keven West III','2019-04-19 02:45:21'),(3095,100,1730,'Tania Schowalter','2019-04-19 02:45:21'),(3096,87,1998,'Rosalinda Davis','2019-04-19 02:45:21'),(3097,72,1951,'Dr. Clay Ritchie MD','2019-04-19 02:45:22'),(3098,54,1673,'Lisette Mertz','2019-04-19 02:45:22'),(3099,22,77,'Lucy Lindgren','2019-04-19 02:45:22'),(3100,98,1136,'Lina Cormier','2019-04-19 02:45:22'),(3101,53,1805,'Joan Nitzsche DVM','2019-04-19 02:45:22'),(3102,68,1811,'Dr. Lavinia Walsh III','2019-04-19 02:45:22'),(3103,10,504,'Odell Gerhold','2019-04-19 02:45:22'),(3104,54,1266,'Jamar Kuhn DDS','2019-04-19 02:45:22'),(3105,38,1220,'Prof. Emelie O\'Keefe Sr.','2019-04-19 02:45:22'),(3106,17,603,'Abner Skiles','2019-04-19 02:45:23'),(3107,42,1972,'Agnes Schiller','2019-04-19 02:45:23'),(3108,35,1968,'Marcelle Kerluke','2019-04-19 02:45:23'),(3109,57,1963,'Maribel Collier','2019-04-19 02:45:23'),(3110,87,1655,'Daphne Harris','2019-04-19 02:45:23'),(3111,54,13,'Ransom Herman','2019-04-19 02:45:23'),(3112,7,50,'Ronaldo Connelly Jr.','2019-04-19 02:45:23'),(3113,20,478,'Ora Kozey Sr.','2019-04-19 02:45:23'),(3114,81,1862,'Ms. Allene Hegmann','2019-04-19 02:45:23'),(3115,60,1975,'Sabryna Beatty','2019-04-19 02:45:23'),(3116,42,1360,'Dangelo D\'Amore','2019-04-19 02:45:24'),(3117,10,459,'Ada Conn','2019-04-19 02:45:24'),(3118,18,1951,'Prof. Willie Fahey I','2019-04-19 02:45:24'),(3119,68,1694,'Miss Alexane Mayer','2019-04-19 02:45:24'),(3120,101,905,'Kirstin Rodriguez','2019-04-19 02:45:24'),(3121,73,416,'Deshaun Schmeler','2019-04-19 02:45:24'),(3122,73,1900,'Ms. Lydia Borer II','2019-04-19 02:45:24'),(3123,80,1570,'Prof. Loraine Lynch I','2019-04-19 02:45:24'),(3124,98,1391,'Augustus Wehner','2019-04-19 02:45:24'),(3125,96,1120,'Meaghan Zboncak','2019-04-19 02:45:24'),(3126,15,410,'Prof. Deonte Eichmann DVM','2019-04-19 02:45:25'),(3127,79,463,'Mr. Frederic Padberg','2019-04-19 02:45:25'),(3128,50,523,'Frederique Hauck','2019-04-19 02:45:25'),(3129,44,1656,'Beau Lang','2019-04-19 02:45:25'),(3130,24,181,'Jess Block DVM','2019-04-19 02:45:25'),(3131,10,710,'Dr. Gertrude Raynor IV','2019-04-19 02:45:25'),(3132,35,182,'Ms. Corine Schiller I','2019-04-19 02:45:25'),(3133,92,1326,'Hunter Erdman','2019-04-19 02:45:25'),(3134,89,1583,'Annetta Gulgowski','2019-04-19 02:45:25'),(3135,7,139,'Victor Huels','2019-04-19 02:45:25'),(3136,25,852,'Davonte Gleason','2019-04-19 02:45:26'),(3137,16,352,'Dr. Yvonne Grady Jr.','2019-04-19 02:45:26'),(3138,9,1165,'Rebeca Howe III','2019-04-19 02:45:26'),(3139,101,102,'Dr. Torrance Kutch DVM','2019-04-19 02:45:26'),(3140,76,485,'Rocky Mitchell IV','2019-04-19 02:45:26'),(3141,79,1560,'Maia Wilkinson','2019-04-19 02:45:26'),(3142,35,540,'Eldridge Windler','2019-04-19 02:45:26'),(3143,83,1922,'Randal Stamm','2019-04-19 02:45:26'),(3144,79,1243,'Archibald Skiles','2019-04-19 02:45:26'),(3145,8,804,'Myrtis Weissnat','2019-04-19 02:45:26'),(3146,69,1334,'Miss Earnestine Wehner','2019-04-19 02:45:27'),(3147,42,1524,'Ariane Hudson V','2019-04-19 02:45:27'),(3148,97,1347,'Samantha Murray','2019-04-19 02:45:27'),(3149,92,705,'Sedrick Monahan I','2019-04-19 02:45:27'),(3150,62,53,'Madge Mayert','2019-04-19 02:45:27'),(3151,55,65,'Demetrius Tremblay III','2019-04-19 02:45:27'),(3152,64,1516,'Nico Lehner','2019-04-19 02:45:27'),(3153,79,1151,'Berenice Herzog','2019-04-19 02:45:27'),(3154,90,1888,'Nicola Murphy','2019-04-19 02:45:27'),(3155,81,557,'Miles Rutherford','2019-04-19 02:45:27'),(3156,35,421,'Celia Romaguera','2019-04-19 02:45:28'),(3157,31,177,'Prudence Langworth','2019-04-19 02:45:28'),(3158,33,527,'Lilliana Brekke','2019-04-19 02:45:28'),(3159,51,745,'Ms. Zelda Feil','2019-04-19 02:45:28'),(3160,100,965,'Bobby Romaguera','2019-04-19 02:45:28'),(3161,70,1834,'Prof. Clemmie Rath','2019-04-19 02:45:28'),(3162,33,1558,'Kayden Cole','2019-04-19 02:45:28'),(3163,69,1686,'Kennith Christiansen','2019-04-19 02:45:28'),(3164,49,446,'Rebeka Murphy','2019-04-19 02:45:28'),(3165,67,814,'Lurline Dare','2019-04-19 02:45:28'),(3166,77,868,'Aiden Stoltenberg','2019-04-19 02:45:29'),(3167,61,508,'Ray Kozey V','2019-04-19 02:45:29'),(3168,98,1067,'Treva Swift','2019-04-19 02:45:29'),(3169,31,762,'Kenyon Littel','2019-04-19 02:45:29'),(3170,72,1708,'Estella Hane','2019-04-19 02:45:29'),(3171,82,1951,'Carlo Flatley Jr.','2019-04-19 02:45:29'),(3172,62,1839,'Dr. Jaycee Braun II','2019-04-19 02:45:29'),(3173,14,507,'Orlo Cole II','2019-04-19 02:45:29'),(3174,32,1009,'Elza Bosco V','2019-04-19 02:45:29'),(3175,74,1819,'Ayana Jakubowski DVM','2019-04-19 02:45:30'),(3176,100,1312,'Nat Kutch','2019-04-19 02:45:30'),(3177,61,1850,'Prof. Karl Sauer','2019-04-19 02:45:30'),(3178,98,1313,'Aaron Beier PhD','2019-04-19 02:45:30'),(3179,98,647,'Prof. Jimmy Botsford','2019-04-19 02:45:30'),(3180,83,195,'Dr. Sonia Dare','2019-04-19 02:45:30'),(3181,91,1692,'Dr. Jayda Lemke III','2019-04-19 02:45:30'),(3182,60,1611,'Prof. Mossie Buckridge','2019-04-19 02:45:30'),(3183,41,973,'Dr. Kylie Hane','2019-04-19 02:45:30'),(3184,101,1222,'Buford Kirlin IV','2019-04-19 02:45:31'),(3185,83,1665,'Dr. Mable Hodkiewicz','2019-04-19 02:45:31'),(3186,96,84,'Adelle Kerluke','2019-04-19 02:45:31'),(3187,79,974,'Willa Swaniawski','2019-04-19 02:45:31'),(3188,50,1844,'Prof. Astrid Kreiger','2019-04-19 02:45:31'),(3189,61,1050,'Cleora Rowe','2019-04-19 02:45:31'),(3190,27,1588,'Montana Aufderhar','2019-04-19 02:45:31'),(3191,87,1736,'Mrs. Adela Yundt','2019-04-19 02:45:31'),(3192,37,16,'Eloise Kihn','2019-04-19 02:45:31'),(3193,102,1843,'Brock Wisoky I','2019-04-19 02:45:32'),(3194,9,1190,'Prof. Kenyatta Kuhn','2019-04-19 02:45:32'),(3195,50,1412,'Mrs. Cecile Farrell','2019-04-19 02:45:32'),(3196,15,25,'Donald Wisoky','2019-04-19 02:45:32'),(3197,26,471,'Beulah Schulist','2019-04-19 02:45:33'),(3198,52,921,'Lewis Greenfelder','2019-04-19 02:45:33'),(3199,10,1111,'Jaquelin Bechtelar','2019-04-19 02:45:33'),(3200,13,1426,'Jalen Hodkiewicz IV','2019-04-19 02:45:33'),(3201,85,143,'Violette Hartmann III','2019-04-19 02:45:33'),(3202,7,1001,'Freddie Schumm Jr.','2019-04-19 02:45:33'),(3203,70,1313,'Prof. Francis Cartwright MD','2019-04-19 02:45:33'),(3204,60,1149,'Ms. Dorothy Bayer Jr.','2019-04-19 02:45:34'),(3205,75,1452,'Rebekah Cummerata','2019-04-19 02:45:34'),(3206,71,540,'Ned Morar','2019-04-19 02:45:34'),(3207,86,1685,'Joyce Hand','2019-04-19 02:45:34'),(3208,102,1906,'Arthur Grady','2019-04-19 02:45:34'),(3209,82,1432,'Kasandra Nienow','2019-04-19 02:45:34'),(3210,66,914,'Maeve Gerlach','2019-04-19 02:45:34'),(3211,25,1993,'Dr. Josiane Harris','2019-04-19 02:45:34'),(3212,62,1348,'Bessie Ferry PhD','2019-04-19 02:45:34'),(3213,13,149,'Dalton Robel','2019-04-19 02:45:35'),(3214,48,410,'Camille Christiansen','2019-04-19 02:45:35'),(3215,90,531,'Effie Monahan I','2019-04-19 02:45:35'),(3216,98,1118,'Viviane Boyer','2019-04-19 02:45:35'),(3217,72,168,'Damaris Heidenreich DVM','2019-04-19 02:45:35'),(3218,5,1506,'Missouri McKenzie','2019-04-19 02:45:35'),(3219,42,1744,'Dr. Nicola Kuphal','2019-04-19 02:45:35'),(3220,19,1007,'Dr. Barton Simonis I','2019-04-19 02:45:35'),(3221,44,1272,'Anthony Bauch','2019-04-19 02:45:35'),(3222,55,168,'Gladys Hills','2019-04-19 02:45:36'),(3223,70,1479,'Greg Becker I','2019-04-19 02:45:36'),(3224,102,1529,'Dr. Eugenia Purdy','2019-04-19 02:45:36'),(3225,69,1602,'Prof. Deshaun Heller III','2019-04-19 02:45:36'),(3226,27,49,'Elisha Haley','2019-04-19 02:45:36'),(3227,97,108,'Raymond Borer','2019-04-19 02:45:36'),(3228,38,847,'Estefania Buckridge','2019-04-19 02:45:36'),(3229,103,1090,'Quinn Anderson Jr.','2019-04-19 02:45:36'),(3230,20,371,'Lou Gutkowski','2019-04-19 02:45:37'),(3231,46,909,'Mr. Victor McDermott I','2019-04-19 02:45:37'),(3232,97,1440,'Osborne Davis','2019-04-19 02:45:37'),(3233,31,1261,'Aaron Becker','2019-04-19 02:45:37'),(3234,30,1763,'Jaylan Deckow','2019-04-19 02:45:37'),(3235,52,1939,'Dr. Sierra Champlin','2019-04-19 02:45:37'),(3236,21,1367,'Eva Legros','2019-04-19 02:45:37'),(3237,58,533,'Dr. Erick Simonis PhD','2019-04-19 02:45:37'),(3238,40,1862,'Bradford Davis','2019-04-19 02:45:37'),(3239,13,1542,'Javier Schaefer','2019-04-19 02:45:38'),(3240,9,146,'Cali Smith','2019-04-19 02:45:38'),(3241,85,1536,'Dr. Murray Bartoletti','2019-04-19 02:45:38'),(3242,46,898,'Makenna Runolfsdottir','2019-04-19 02:45:38'),(3243,8,1896,'Peggie Anderson','2019-04-19 02:45:38'),(3244,56,1869,'Berenice Nitzsche','2019-04-19 02:45:38'),(3245,78,565,'Mervin Kassulke DVM','2019-04-19 02:45:38'),(3246,49,169,'Lorna Corwin','2019-04-19 02:45:38'),(3247,6,1409,'Connie Reilly IV','2019-04-19 02:45:38'),(3248,64,569,'Dr. Jadyn Zboncak V','2019-04-19 02:45:38'),(3249,81,1496,'April Emard','2019-04-19 02:45:38'),(3250,42,1698,'Mose Boyer','2019-04-19 02:45:39'),(3251,32,712,'Nash Schumm','2019-04-19 02:45:39'),(3252,100,328,'Forrest Quigley','2019-04-19 02:45:39'),(3253,83,1486,'Dr. Margarett Kautzer','2019-04-19 02:45:39'),(3254,45,1287,'Carmine Padberg','2019-04-19 02:45:39'),(3255,65,1917,'Dr. Neal Hodkiewicz Sr.','2019-04-19 02:45:39'),(3256,16,954,'Vaughn White Sr.','2019-04-19 02:45:39'),(3257,81,1564,'Kayden Gusikowski DVM','2019-04-19 02:45:39'),(3258,89,1501,'Katherine Purdy','2019-04-19 02:45:39'),(3259,100,1535,'Winnifred Upton','2019-04-19 02:45:39'),(3260,58,209,'Dorris Gorczany','2019-04-19 02:45:39'),(3261,20,395,'Martine Lakin','2019-04-19 02:45:39'),(3262,50,994,'Keegan Towne I','2019-04-19 02:45:40'),(3263,36,1486,'Emelia Haag','2019-04-19 02:45:40'),(3264,34,108,'Kristin Botsford','2019-04-19 02:45:40'),(3265,83,1300,'Martine Yost','2019-04-19 02:45:40'),(3266,72,1343,'Ella Botsford','2019-04-19 02:45:40'),(3267,6,1747,'Julius Tillman','2019-04-19 02:45:40'),(3268,101,860,'Haskell Bernier','2019-04-19 02:45:40'),(3269,53,400,'Dr. Verner Stamm PhD','2019-04-19 02:45:40'),(3270,78,580,'Ima Moen','2019-04-19 02:45:40'),(3271,54,1655,'Dr. Layne Bauch Sr.','2019-04-19 02:45:41'),(3272,49,1194,'Garrick Ondricka','2019-04-19 02:45:41'),(3273,55,123,'Maryjane Dickinson','2019-04-19 02:45:41'),(3274,40,1132,'Prof. Reyes Wuckert','2019-04-19 02:45:41'),(3275,47,250,'Melvin Zemlak','2019-04-19 02:45:41'),(3276,20,1918,'Cristina Gusikowski','2019-04-19 02:45:41'),(3277,7,1843,'Hazel Rolfson','2019-04-19 02:45:41'),(3278,53,1673,'Eleonore Kling','2019-04-19 02:45:41'),(3279,31,582,'Jacinto Veum','2019-04-19 02:45:41'),(3280,15,628,'King White','2019-04-19 02:45:41'),(3281,98,700,'Mr. Hoyt Hegmann','2019-04-19 02:45:41'),(3282,102,1845,'Prof. Marguerite Hahn I','2019-04-19 02:45:41'),(3283,45,604,'Ms. Araceli Greenfelder II','2019-04-19 02:45:42'),(3284,66,938,'Colt Ondricka','2019-04-19 02:45:42'),(3285,10,1349,'Prof. Elda Ortiz','2019-04-19 02:45:42'),(3286,11,1231,'Prof. Jakob Hill DVM','2019-04-19 02:45:42'),(3287,41,544,'Payton O\'Reilly','2019-04-19 02:45:42'),(3288,38,507,'Prof. Nels Spencer','2019-04-19 02:45:42'),(3289,31,775,'Mrs. Dasia Volkman DDS','2019-04-19 02:45:42'),(3290,96,469,'Elvie Rosenbaum MD','2019-04-19 02:45:42'),(3291,96,495,'Austin Okuneva','2019-04-19 02:45:43'),(3292,54,872,'Ms. Kristina Ondricka','2019-04-19 02:45:43'),(3293,85,132,'Myrtice Nienow','2019-04-19 02:45:43'),(3294,86,1092,'Woodrow Stark','2019-04-19 02:45:43'),(3295,33,1336,'Prof. Rahsaan Renner V','2019-04-19 02:45:43'),(3296,9,392,'Flossie Stiedemann','2019-04-19 02:45:43'),(3297,12,199,'Mrs. Nelda O\'Hara','2019-04-19 02:45:43'),(3298,32,1045,'Kiley Swift','2019-04-19 02:45:43'),(3299,58,388,'Orville Tromp','2019-04-19 02:45:44'),(3300,95,491,'Ms. Brianne Schroeder','2019-04-19 02:45:44'),(3301,54,1557,'Ellen Homenick','2019-04-19 02:45:44'),(3302,102,979,'Katarina Weber','2019-04-19 02:45:44'),(3303,37,1116,'Giovanna Kuphal','2019-04-19 02:45:44'),(3304,30,150,'Mrs. Lori Koelpin','2019-04-19 02:45:44'),(3305,14,569,'Kyra Lynch','2019-04-19 02:45:44'),(3306,88,1238,'Floyd Streich','2019-04-19 02:45:44'),(3307,24,142,'Ms. Ora Carter Jr.','2019-04-19 02:45:44'),(3308,7,1929,'Lottie Franecki','2019-04-19 02:45:45'),(3309,78,1713,'Camron Fahey V','2019-04-19 02:45:45'),(3310,80,251,'Hudson Welch','2019-04-19 02:45:45'),(3311,38,709,'Martina Cormier I','2019-04-19 02:45:45'),(3312,78,355,'Sandy Corwin','2019-04-19 02:45:45'),(3313,78,878,'Joesph Stoltenberg','2019-04-19 02:45:45'),(3314,38,378,'Flossie Prohaska','2019-04-19 02:45:45'),(3315,52,204,'Natasha Wiegand','2019-04-19 02:45:45'),(3316,69,865,'Maria Von','2019-04-19 02:45:45'),(3317,80,1742,'Zechariah Fadel','2019-04-19 02:45:45'),(3318,64,1970,'Dereck Schultz DVM','2019-04-19 02:45:45'),(3319,88,838,'Alfreda Hayes','2019-04-19 02:45:46'),(3320,39,929,'Adalberto Runolfsdottir III','2019-04-19 02:45:46'),(3321,75,1257,'Bartholome Paucek','2019-04-19 02:45:46'),(3322,32,1736,'Filiberto Rau','2019-04-19 02:45:46'),(3323,72,410,'Mike Smitham','2019-04-19 02:45:46'),(3324,24,576,'Darlene Hartmann','2019-04-19 02:45:46'),(3325,56,1368,'Shannon McDermott DVM','2019-04-19 02:45:46'),(3326,59,1688,'Abigale Johnson','2019-04-19 02:45:46'),(3327,14,1562,'Lane Keebler DVM','2019-04-19 02:45:46'),(3328,43,474,'Dr. Nikolas Boyer','2019-04-19 02:45:47'),(3329,9,1007,'Lauriane Schiller','2019-04-19 02:45:47'),(3330,5,1639,'Julia Will','2019-04-19 02:45:47'),(3331,34,123,'Paolo Koelpin','2019-04-19 02:45:47'),(3332,99,1404,'Caesar Krajcik V','2019-04-19 02:45:48'),(3333,43,903,'Mr. Dejuan Gislason','2019-04-19 02:45:48'),(3334,30,1742,'Lula Rohan','2019-04-19 02:45:48'),(3335,20,1621,'Meredith Denesik','2019-04-19 02:45:48'),(3336,57,324,'Arianna McCullough','2019-04-19 02:45:48'),(3337,6,87,'Geovanny Rice','2019-04-19 02:45:48'),(3338,43,244,'Everardo Doyle','2019-04-19 02:45:48'),(3339,69,1088,'Shyann Thiel Sr.','2019-04-19 02:45:48'),(3340,72,1251,'Margret Thiel','2019-04-19 02:45:48'),(3341,91,107,'Hugh Erdman','2019-04-19 02:45:48'),(3342,73,1746,'Arjun Rutherford','2019-04-19 02:45:49'),(3343,10,1047,'Matt Towne','2019-04-19 02:45:49'),(3344,41,1007,'Antonia Pouros','2019-04-19 02:45:49'),(3345,21,1250,'Prof. Dameon Monahan I','2019-04-19 02:45:49'),(3346,91,26,'Emiliano Braun','2019-04-19 02:45:49'),(3347,100,656,'Dr. Verda Wehner','2019-04-19 02:45:49'),(3348,19,1986,'Ms. Rhianna Gerlach','2019-04-19 02:45:49'),(3349,40,1273,'Gerald Dicki','2019-04-19 02:45:49'),(3350,22,654,'Vita Dooley','2019-04-19 02:45:49'),(3351,29,485,'Jeremie Bernhard','2019-04-19 02:45:49'),(3352,60,1618,'Prof. Mark Wyman DDS','2019-04-19 02:45:50'),(3353,39,1892,'Jake Mann','2019-04-19 02:45:50'),(3354,32,64,'Antonina Huels','2019-04-19 02:45:50'),(3355,21,476,'Easter Kilback','2019-04-19 02:45:50'),(3356,37,661,'Matt Bins','2019-04-19 02:45:50'),(3357,61,1694,'Dr. Loraine Ruecker PhD','2019-04-19 02:45:50'),(3358,22,614,'Dr. Nakia Hansen','2019-04-19 02:45:50'),(3359,17,604,'Mrs. Ludie Morissette','2019-04-19 02:45:50'),(3360,59,1416,'Estel Bosco','2019-04-19 02:45:50'),(3361,39,1076,'Maurice Altenwerth','2019-04-19 02:45:50'),(3362,6,1303,'Dr. Elvis Pfeffer','2019-04-19 02:45:51'),(3363,64,1628,'Mrs. Serena Tromp DDS','2019-04-19 02:45:51'),(3364,71,1938,'Ms. Amie Streich','2019-04-19 02:45:51'),(3365,26,816,'Maritza Wunsch','2019-04-19 02:45:51'),(3366,23,1838,'Ethyl Skiles','2019-04-19 02:45:51'),(3367,60,326,'Lilian Goodwin','2019-04-19 02:45:51'),(3368,102,376,'Shaniya Russel','2019-04-19 02:45:51'),(3369,46,747,'Jaime Schmitt','2019-04-19 02:45:51'),(3370,84,42,'Prof. Johnny Connelly','2019-04-19 02:45:51'),(3371,39,461,'Arvilla Murray','2019-04-19 02:45:52'),(3372,103,1805,'Lyda Parisian','2019-04-19 02:45:52'),(3373,4,1469,'Garth Brown','2019-04-19 02:45:52'),(3374,35,1332,'Ova Reichel','2019-04-19 02:45:52'),(3375,100,1763,'Prof. Clementine Littel Sr.','2019-04-19 02:45:53'),(3376,4,941,'Miss Daniela Braun','2019-04-19 02:45:53'),(3377,39,355,'Miss Haven Rutherford III','2019-04-19 02:45:53'),(3378,31,1454,'Delia Franecki','2019-04-19 02:45:53'),(3379,20,56,'Prof. Agnes O\'Conner','2019-04-19 02:45:53'),(3380,20,1485,'Manley Altenwerth','2019-04-19 02:45:53'),(3381,75,205,'Prof. Luigi Lueilwitz Jr.','2019-04-19 02:45:53'),(3382,83,92,'Issac Stark','2019-04-19 02:45:53'),(3383,23,1431,'Roel Blick','2019-04-19 02:45:54'),(3384,14,391,'Maddison Monahan','2019-04-19 02:45:54'),(3385,31,1216,'Peggie Roberts','2019-04-19 02:45:54'),(3386,57,1045,'Beau Hackett','2019-04-19 02:45:54'),(3387,8,1791,'Prof. Hudson Gusikowski','2019-04-19 02:45:54'),(3388,19,81,'Dr. Jayme Huels','2019-04-19 02:45:54'),(3389,60,1860,'Florencio Huels','2019-04-19 02:45:54'),(3390,34,660,'Kenny Olson','2019-04-19 02:45:54'),(3391,24,578,'Prof. Rebeca Becker','2019-04-19 02:45:55'),(3392,63,1819,'Miracle Jacobson','2019-04-19 02:45:55'),(3393,101,735,'Neal Daugherty','2019-04-19 02:45:55'),(3394,49,391,'Brando Wilderman','2019-04-19 02:45:55'),(3395,92,627,'Chasity Schoen','2019-04-19 02:45:55'),(3396,83,752,'Mr. Louvenia Heaney','2019-04-19 02:45:55'),(3397,17,857,'Electa Gleichner','2019-04-19 02:45:55'),(3398,59,358,'Reva Turner','2019-04-19 02:45:55'),(3399,67,1606,'Kathryne Cartwright','2019-04-19 02:45:56'),(3400,56,42,'Wilburn Jaskolski','2019-04-19 02:45:56'),(3401,59,1673,'Jamie Leffler','2019-04-19 02:45:56'),(3402,6,264,'Nelson Abernathy','2019-04-19 02:45:56'),(3403,79,759,'Raymond Conn','2019-04-19 02:45:56'),(3404,68,844,'Clare Kuhn II','2019-04-19 02:45:56'),(3405,91,1054,'Cordia Shanahan','2019-04-19 02:45:56'),(3406,29,86,'Travon Vandervort','2019-04-19 02:45:56'),(3407,98,1250,'Donald Herman','2019-04-19 02:45:56'),(3408,102,1899,'Jed Yundt','2019-04-19 02:45:56'),(3409,19,203,'Johnathan Feeney','2019-04-19 02:45:56'),(3410,101,1926,'Raymundo Mueller','2019-04-19 02:45:57'),(3411,62,1754,'Gracie Waelchi','2019-04-19 02:45:57'),(3412,93,1191,'Edwardo Swift','2019-04-19 02:45:57'),(3413,76,891,'Chanel Cummings','2019-04-19 02:45:57'),(3414,79,335,'Hilda Kautzer','2019-04-19 02:45:57'),(3415,87,1558,'Zion Nader II','2019-04-19 02:45:57'),(3416,40,760,'Kari Hill PhD','2019-04-19 02:45:57'),(3417,47,1963,'Mrs. Lulu Cruickshank','2019-04-19 02:45:57'),(3418,15,617,'Prof. Ernesto Spencer DVM','2019-04-19 02:45:57'),(3419,78,1785,'Dameon Hauck','2019-04-19 02:45:57'),(3420,81,1300,'Dr. Sheridan Sawayn DDS','2019-04-19 02:45:58'),(3421,39,564,'Dariana Bogisich','2019-04-19 02:45:58'),(3422,21,1459,'Dennis Vandervort','2019-04-19 02:45:58'),(3423,15,1689,'Merle Gerlach I','2019-04-19 02:45:58'),(3424,82,120,'Wilma Lind DDS','2019-04-19 02:45:58'),(3425,70,1500,'Monserrate Sanford','2019-04-19 02:45:58'),(3426,34,1844,'Laila Volkman','2019-04-19 02:45:58'),(3427,46,501,'Elna Kuhic','2019-04-19 02:45:58'),(3428,39,1482,'Clifford Beahan','2019-04-19 02:45:58'),(3429,67,1006,'Winston Johns','2019-04-19 02:45:58'),(3430,59,1942,'Demario Boyle II','2019-04-19 02:45:59'),(3431,9,1677,'Eulalia Labadie','2019-04-19 02:45:59'),(3432,58,722,'Willa Stracke','2019-04-19 02:45:59'),(3433,84,1453,'Carlo Mann MD','2019-04-19 02:45:59'),(3434,13,672,'Jenifer Yundt','2019-04-19 02:45:59'),(3435,10,349,'Dr. Dock Price Sr.','2019-04-19 02:45:59'),(3436,49,1107,'Prof. Adolph Balistreri','2019-04-19 02:45:59'),(3437,100,1403,'Dr. Alejandrin Gottlieb MD','2019-04-19 02:46:00'),(3438,78,1260,'Yoshiko Stamm','2019-04-19 02:46:00'),(3439,36,1988,'Enola Kirlin','2019-04-19 02:46:00'),(3440,30,785,'Marcus Murray','2019-04-19 02:46:00'),(3441,75,1733,'Tamia Corwin','2019-04-19 02:46:00'),(3442,35,1292,'Dr. Angela Smith','2019-04-19 02:46:00'),(3443,58,464,'Alivia Abbott','2019-04-19 02:46:00'),(3444,89,1749,'Amara Roob Jr.','2019-04-19 02:46:00'),(3445,13,780,'Jerrell Kessler','2019-04-19 02:46:00'),(3446,95,1995,'Lawson Skiles II','2019-04-19 02:46:00'),(3447,14,1633,'Maxine Armstrong','2019-04-19 02:46:01'),(3448,16,833,'Prof. Estel Wolff DDS','2019-04-19 02:46:01'),(3449,91,347,'Lyric Heaney','2019-04-19 02:46:01'),(3450,43,997,'Keshaun Corwin','2019-04-19 02:46:01'),(3451,42,902,'Kellen Zemlak','2019-04-19 02:46:01'),(3452,76,225,'Princess Schiller','2019-04-19 02:46:01'),(3453,14,1674,'Myrtis Leuschke MD','2019-04-19 02:46:01'),(3454,76,760,'Holden Torp','2019-04-19 02:46:01'),(3455,86,906,'Desiree Schultz Jr.','2019-04-19 02:46:01'),(3456,101,504,'Mr. Bennie Runolfsson','2019-04-19 02:46:02'),(3457,51,38,'Miss Rachelle Nicolas','2019-04-19 02:46:02'),(3458,99,1864,'Pietro Predovic','2019-04-19 02:46:02'),(3459,103,1159,'Cade Torphy','2019-04-19 02:46:02'),(3460,101,1233,'Bud Wilderman','2019-04-19 02:46:03'),(3461,69,27,'Lily Streich','2019-04-19 02:46:03'),(3462,37,536,'Catalina Bins','2019-04-19 02:46:03'),(3463,74,703,'Eliza Lowe','2019-04-19 02:46:03'),(3464,4,504,'Lyda Champlin','2019-04-19 02:46:03'),(3465,76,604,'Will Flatley','2019-04-19 02:46:03'),(3466,23,636,'Eulah Auer V','2019-04-19 02:46:03'),(3467,37,1670,'Jay Mohr','2019-04-19 02:46:03'),(3468,55,681,'Jennifer Strosin III','2019-04-19 02:46:04'),(3469,34,721,'Prof. Lurline Rempel','2019-04-19 02:46:04'),(3470,69,56,'Dr. Gustave Rippin III','2019-04-19 02:46:04'),(3471,41,1656,'Mr. Adam Moen DDS','2019-04-19 02:46:04'),(3472,23,781,'Miss Trinity Hand','2019-04-19 02:46:04'),(3473,60,1870,'Isabell Weissnat V','2019-04-19 02:46:04'),(3474,91,960,'Neva Wolf DDS','2019-04-19 02:46:04'),(3475,53,1475,'Floy Leuschke','2019-04-19 02:46:04'),(3476,95,473,'Prof. Frank Rutherford','2019-04-19 02:46:04'),(3477,92,1274,'Tomasa Turcotte II','2019-04-19 02:46:05'),(3478,84,1807,'Dr. Jed Corwin','2019-04-19 02:46:05'),(3479,86,692,'Kade Flatley','2019-04-19 02:46:05'),(3480,94,1872,'Estevan Gaylord V','2019-04-19 02:46:05'),(3481,78,1627,'Prof. Demario Kihn','2019-04-19 02:46:05'),(3482,65,1281,'Rickie Trantow MD','2019-04-19 02:46:05'),(3483,99,822,'Rafael Prosacco II','2019-04-19 02:46:05'),(3484,35,754,'Ava Windler','2019-04-19 02:46:05'),(3485,77,1236,'Anabel Strosin','2019-04-19 02:46:05'),(3486,40,507,'Koby Okuneva V','2019-04-19 02:46:06'),(3487,70,1450,'Dr. Wilburn Smith Sr.','2019-04-19 02:46:06'),(3488,56,1429,'Javier O\'Reilly','2019-04-19 02:46:06'),(3489,84,1158,'Maudie Kreiger','2019-04-19 02:46:06'),(3490,51,1195,'Nora Quigley','2019-04-19 02:46:06'),(3491,74,769,'Dr. Aubrey Herzog','2019-04-19 02:46:06'),(3492,34,370,'Luciano Schuppe','2019-04-19 02:46:06'),(3493,20,792,'Jimmie Okuneva','2019-04-19 02:46:06'),(3494,85,631,'Miss Adaline Rohan','2019-04-19 02:46:06'),(3495,34,549,'Mr. Robin Little','2019-04-19 02:46:06'),(3496,64,1948,'Dr. Carlos Hettinger I','2019-04-19 02:46:06'),(3497,60,297,'Mrs. Shanny Ferry','2019-04-19 02:46:07'),(3498,103,339,'Dr. Hayden Hickle','2019-04-19 02:46:07'),(3499,20,105,'Prof. Vince Mitchell','2019-04-19 02:46:07'),(3500,14,1062,'Dr. Sammie Windler I','2019-04-19 02:46:07'),(3501,15,655,'Clovis Lang','2019-04-19 02:46:07'),(3502,91,1020,'Eunice Gaylord','2019-04-19 02:46:07'),(3503,84,1695,'Margot Kutch','2019-04-19 02:46:07'),(3504,8,503,'Colten Morissette II','2019-04-19 02:46:07'),(3505,12,1172,'Miss Selena Skiles','2019-04-19 02:46:07'),(3506,100,536,'Ari O\'Keefe','2019-04-19 02:46:08'),(3507,25,701,'Dr. Clay Hyatt','2019-04-19 02:46:08'),(3508,75,589,'Bailee Rolfson','2019-04-19 02:46:08'),(3509,81,884,'Louisa Casper PhD','2019-04-19 02:46:08'),(3510,71,113,'Madilyn Kohler MD','2019-04-19 02:46:08'),(3511,73,998,'Verdie Legros','2019-04-19 02:46:08'),(3512,61,692,'Lambert Prosacco','2019-04-19 02:46:08'),(3513,15,286,'Jessika Pouros','2019-04-19 02:46:08'),(3514,20,421,'Brad Kiehn','2019-04-19 02:46:08'),(3515,103,470,'Mrs. Nellie Keebler DDS','2019-04-19 02:46:09'),(3516,100,69,'Raegan Ferry II','2019-04-19 02:46:09'),(3517,88,631,'Deon Tremblay','2019-04-19 02:46:09'),(3518,36,637,'Prof. Jared Batz','2019-04-19 02:46:09'),(3519,19,237,'Esperanza Howe','2019-04-19 02:46:09'),(3520,75,246,'Miss Antonette Schowalter Sr.','2019-04-19 02:46:09'),(3521,15,1625,'Gene Ebert DVM','2019-04-19 02:46:10'),(3522,66,326,'Mr. Darien O\'Hara I','2019-04-19 02:46:10'),(3523,82,1129,'Carolyne Morissette','2019-04-19 02:46:10'),(3524,28,537,'Jacky Krajcik','2019-04-19 02:46:10'),(3525,64,1584,'Cicero Langosh','2019-04-19 02:46:10'),(3526,38,1649,'Randi Heaney','2019-04-19 02:46:10'),(3527,77,1258,'Hilario Cummings','2019-04-19 02:46:10'),(3528,54,101,'Stuart O\'Kon I','2019-04-19 02:46:10'),(3529,37,1800,'Prof. Victor Blick III','2019-04-19 02:46:11'),(3530,45,1661,'Ernestina Jerde','2019-04-19 02:46:11'),(3531,26,1072,'Prof. Kobe Pfannerstill DDS','2019-04-19 02:46:11'),(3532,33,1261,'Prof. Mariam Yundt','2019-04-19 02:46:11'),(3533,86,334,'Patsy Miller','2019-04-19 02:46:11'),(3534,64,345,'Cecil Roberts','2019-04-19 02:46:11'),(3535,82,1867,'Alverta Grimes','2019-04-19 02:46:12'),(3536,15,1072,'Pearl Paucek PhD','2019-04-19 02:46:12'),(3537,59,517,'Gustave Windler','2019-04-19 02:46:12'),(3538,55,606,'Carlotta Hand III','2019-04-19 02:46:12'),(3539,36,235,'Mr. Darion Medhurst III','2019-04-19 02:46:12'),(3540,75,1639,'Domenico Satterfield','2019-04-19 02:46:12'),(3541,14,893,'Mr. Billy Marks IV','2019-04-19 02:46:12'),(3542,96,43,'Mrs. Abbie Rutherford','2019-04-19 02:46:13'),(3543,27,1994,'Monserrat Bode','2019-04-19 02:46:13'),(3544,11,1324,'Chelsea Buckridge','2019-04-19 02:46:13'),(3545,49,73,'Dr. Marcelino Heaney I','2019-04-19 02:46:13'),(3546,69,10,'Mr. Maurice White DVM','2019-04-19 02:46:13'),(3547,52,182,'Mara Hammes','2019-04-19 02:46:13'),(3548,102,1828,'Sincere Bruen','2019-04-19 02:46:13'),(3549,61,844,'Dr. Carolyn Howe','2019-04-19 02:46:13'),(3550,30,1094,'Sister Lesch','2019-04-19 02:46:14'),(3551,38,1159,'Mrs. Tess Gaylord DDS','2019-04-19 02:46:14'),(3552,84,1891,'Miss Pattie Senger V','2019-04-19 02:46:14'),(3553,73,1750,'Trent Breitenberg Jr.','2019-04-19 02:46:14'),(3554,57,30,'Dr. Jessy Kassulke I','2019-04-19 02:46:14'),(3555,37,1515,'Deja Emmerich','2019-04-19 02:46:14'),(3556,15,1769,'Alia Bednar','2019-04-19 02:46:14'),(3557,102,1592,'Andre Flatley','2019-04-19 02:46:14'),(3558,13,755,'Emmanuel Howe','2019-04-19 02:46:14'),(3559,17,1107,'Jakayla Nolan MD','2019-04-19 02:46:15'),(3560,76,121,'Prof. Vilma Breitenberg','2019-04-19 02:46:15'),(3561,19,647,'Ms. Tomasa Bernier PhD','2019-04-19 02:46:15'),(3562,97,503,'Queen Welch DDS','2019-04-19 02:46:15'),(3563,28,113,'Keely Waters','2019-04-19 02:46:15'),(3564,41,1898,'Giovanni Hyatt PhD','2019-04-19 02:46:15'),(3565,67,1191,'Miss Adrienne Lind','2019-04-19 02:46:15'),(3566,58,97,'Dimitri Emard','2019-04-19 02:46:15'),(3567,34,504,'Joanne Marks','2019-04-19 02:46:15'),(3568,19,1488,'Celia Legros','2019-04-19 02:46:16'),(3569,45,344,'Wava Gibson','2019-04-19 02:46:16'),(3570,49,448,'Carolanne Trantow','2019-04-19 02:46:16'),(3571,58,61,'Barry Bins','2019-04-19 02:46:16'),(3572,23,594,'Rasheed Wilkinson','2019-04-19 02:46:16'),(3573,91,298,'Vivien Dare','2019-04-19 02:46:16'),(3574,96,701,'Meaghan Stehr','2019-04-19 02:46:16'),(3575,99,857,'Edgardo Corwin Jr.','2019-04-19 02:46:17'),(3576,41,1131,'Dr. Eulalia Glover','2019-04-19 02:46:17'),(3577,88,100,'Sienna Fahey Jr.','2019-04-19 02:46:17'),(3578,15,428,'Sylvia Green Jr.','2019-04-19 02:46:17'),(3579,34,235,'Tavares Hane','2019-04-19 02:46:17'),(3580,58,198,'Lavon Rau DVM','2019-04-19 02:46:17'),(3581,39,944,'Markus Stokes','2019-04-19 02:46:17'),(3582,11,660,'Ivy Grant','2019-04-19 02:46:17'),(3583,28,725,'Cheyenne Windler','2019-04-19 02:46:17'),(3584,8,1421,'Dr. Bell Kunze IV','2019-04-19 02:46:18'),(3585,40,1083,'Josie Douglas','2019-04-19 02:46:18'),(3586,9,1997,'Prof. Mallory Stamm Jr.','2019-04-19 02:46:18'),(3587,36,1184,'Mrs. Jewell Bartoletti II','2019-04-19 02:46:18'),(3588,14,255,'Adele Johns','2019-04-19 02:46:18'),(3589,11,1109,'Rosie Macejkovic','2019-04-19 02:46:18'),(3590,103,1293,'Fae Hayes','2019-04-19 02:46:18'),(3591,55,1449,'Amparo Vandervort IV','2019-04-19 02:46:19'),(3592,5,367,'Mrs. Kimberly Kemmer IV','2019-04-19 02:46:19'),(3593,23,896,'Delores Keeling','2019-04-19 02:46:19'),(3594,82,1741,'Owen Schimmel','2019-04-19 02:46:20'),(3595,30,131,'Jon Gaylord','2019-04-19 02:46:20'),(3596,34,895,'Opal Schumm','2019-04-19 02:46:20'),(3597,99,996,'Mrs. Alessia Schultz','2019-04-19 02:46:20'),(3598,102,1033,'Kelli Herzog','2019-04-19 02:46:20'),(3599,6,1156,'Prof. Jevon Friesen','2019-04-19 02:46:20'),(3600,10,616,'Dr. Carleton Ankunding DVM','2019-04-19 02:46:21'),(3601,66,1103,'Pete Heaney','2019-04-19 02:46:21'),(3602,66,887,'Christine Franecki PhD','2019-04-19 02:46:21'),(3603,89,914,'Dr. Eladio DuBuque','2019-04-19 02:46:21'),(3604,13,1087,'Eunice Gleichner','2019-04-19 02:46:21'),(3605,27,1518,'Chaya Ruecker','2019-04-19 02:46:21'),(3606,44,1903,'Erwin Ferry','2019-04-19 02:46:22'),(3607,103,408,'Nikolas Lebsack','2019-04-19 02:46:22'),(3608,34,761,'Lonnie Aufderhar','2019-04-19 02:46:22'),(3609,56,1740,'Maybelle Murray DDS','2019-04-19 02:46:22'),(3610,85,45,'Ms. Sandy Sipes','2019-04-19 02:46:22'),(3611,13,550,'Durward Jacobson','2019-04-19 02:46:22'),(3612,82,1626,'Mr. Nathanael Mitchell','2019-04-19 02:46:23'),(3613,12,173,'Cordia Spencer','2019-04-19 02:46:23'),(3614,69,1410,'Sierra Orn III','2019-04-19 02:46:23'),(3615,60,1769,'Brain Bayer','2019-04-19 02:46:23'),(3616,21,102,'Dr. Shayne Padberg IV','2019-04-19 02:46:23'),(3617,71,1105,'Nannie Wunsch','2019-04-19 02:46:23'),(3618,59,686,'Michale Schmidt','2019-04-19 02:46:23'),(3619,69,873,'Braxton Koss','2019-04-19 02:46:23'),(3620,39,1258,'Nova Rempel','2019-04-19 02:46:23'),(3621,66,490,'Dr. Eusebio Homenick I','2019-04-19 02:46:24'),(3622,22,1298,'Vance Robel','2019-04-19 02:46:24'),(3623,102,787,'Gregg Collier','2019-04-19 02:46:24'),(3624,6,1927,'Velma Torp III','2019-04-19 02:46:24'),(3625,17,731,'Kian Gerhold','2019-04-19 02:46:24'),(3626,102,937,'Freddie Moore','2019-04-19 02:46:24'),(3627,13,768,'Dr. Beryl Hills III','2019-04-19 02:46:24'),(3628,14,1087,'Dr. Kaleigh Hegmann Sr.','2019-04-19 02:46:25'),(3629,8,1387,'Kylie Grimes','2019-04-19 02:46:25'),(3630,36,373,'Dr. Halle McCullough','2019-04-19 02:46:25'),(3631,29,1564,'Prof. Michael Cummerata I','2019-04-19 02:46:25'),(3632,103,1921,'Celestine Muller DVM','2019-04-19 02:46:25'),(3633,35,1784,'Mr. Mavis Raynor','2019-04-19 02:46:25'),(3634,22,1321,'Valentin Ledner','2019-04-19 02:46:25'),(3635,53,1851,'Landen Schamberger','2019-04-19 02:46:26'),(3636,55,469,'Ms. Mireya Haley Sr.','2019-04-19 02:46:26'),(3637,14,420,'Cordelia Emard','2019-04-19 02:46:26'),(3638,78,1955,'Noelia Cremin','2019-04-19 02:46:26'),(3639,86,1566,'Mr. Angus Lebsack','2019-04-19 02:46:26'),(3640,44,1453,'Ms. Amelie Turcotte','2019-04-19 02:46:26'),(3641,100,1513,'Corine Konopelski','2019-04-19 02:46:26'),(3642,67,1673,'Shania Buckridge','2019-04-19 02:46:26'),(3643,19,132,'Dallin Mraz','2019-04-19 02:46:26'),(3644,93,291,'Aidan Stanton I','2019-04-19 02:46:27'),(3645,83,1257,'Dereck Harris','2019-04-19 02:46:27'),(3646,92,1669,'Prof. Eino Klein','2019-04-19 02:46:27'),(3647,80,415,'Aiyana Renner','2019-04-19 02:46:27'),(3648,35,1459,'Ena Heidenreich IV','2019-04-19 02:46:27'),(3649,55,195,'Lambert Pfannerstill','2019-04-19 02:46:27'),(3650,82,375,'Mr. Karley Block IV','2019-04-19 02:46:27'),(3651,71,1677,'Curt Lindgren','2019-04-19 02:46:27'),(3652,33,1134,'Abraham Aufderhar','2019-04-19 02:46:28'),(3653,101,361,'Ms. Anastasia Zemlak MD','2019-04-19 02:46:28'),(3654,81,1175,'Jillian Mann','2019-04-19 02:46:28'),(3655,81,1365,'Marlon Bode','2019-04-19 02:46:28'),(3656,12,75,'Ms. Annetta Homenick','2019-04-19 02:46:28'),(3657,76,457,'Tania Kertzmann Jr.','2019-04-19 02:46:28'),(3658,44,956,'Emmie Donnelly','2019-04-19 02:46:28'),(3659,56,1983,'Janet Armstrong','2019-04-19 02:46:28'),(3660,75,1720,'Bernhard Gleichner Jr.','2019-04-19 02:46:29'),(3661,76,1212,'Larissa Rosenbaum','2019-04-19 02:46:29'),(3662,10,1307,'Fred Keebler','2019-04-19 02:46:29'),(3663,50,951,'Elouise Witting','2019-04-19 02:46:29'),(3664,12,273,'Dr. Maximilian Rohan','2019-04-19 02:46:29'),(3665,99,1579,'Annie Cormier','2019-04-19 02:46:30'),(3666,52,1590,'Zackery Wiegand','2019-04-19 02:46:30'),(3667,52,1914,'Erika Batz V','2019-04-19 02:46:30'),(3668,20,1381,'Francesco Braun','2019-04-19 02:46:30'),(3669,40,1415,'Shirley Runolfsdottir','2019-04-19 02:46:30'),(3670,99,1421,'Dr. Camilla Johns','2019-04-19 02:46:30'),(3671,84,1890,'Dr. Cornelius VonRueden Sr.','2019-04-19 02:46:30'),(3672,36,1175,'Miller Jacobi','2019-04-19 02:46:30'),(3673,33,724,'Gerardo Koch','2019-04-19 02:46:31'),(3674,64,1742,'Jeffrey Cruickshank','2019-04-19 02:46:31'),(3675,51,682,'Prof. Deondre Skiles V','2019-04-19 02:46:31'),(3676,92,24,'Pietro Gleason','2019-04-19 02:46:31'),(3677,13,193,'Elisha Turner II','2019-04-19 02:46:31'),(3678,85,773,'Prof. Brant Kertzmann','2019-04-19 02:46:31'),(3679,18,1007,'Jonathan Murazik MD','2019-04-19 02:46:31'),(3680,21,864,'Amira McCullough','2019-04-19 02:46:31'),(3681,47,612,'Guy Bernier Jr.','2019-04-19 02:46:32'),(3682,14,582,'Tanya Sporer','2019-04-19 02:46:32'),(3683,98,302,'Edmond Stamm','2019-04-19 02:46:32'),(3684,21,757,'Mrs. Lois West III','2019-04-19 02:46:32'),(3685,71,851,'Kelton Kunze','2019-04-19 02:46:32'),(3686,88,38,'Keshawn Swift','2019-04-19 02:46:33'),(3687,46,1696,'Santa Doyle MD','2019-04-19 02:46:33'),(3688,14,920,'Tobin Murphy','2019-04-19 02:46:33'),(3689,99,1018,'Marcel Nienow','2019-04-19 02:46:33'),(3690,8,557,'Prof. Tanya Shields I','2019-04-19 02:46:33'),(3691,70,864,'Terrill Jenkins','2019-04-19 02:46:33'),(3692,95,1169,'Marlin Rodriguez','2019-04-19 02:46:33'),(3693,8,1710,'Rollin Ritchie','2019-04-19 02:46:33'),(3694,64,629,'Derick Hilpert','2019-04-19 02:46:34'),(3695,54,841,'Gunnar Funk','2019-04-19 02:46:34'),(3696,72,226,'Lillie Moore','2019-04-19 02:46:34'),(3697,24,648,'Jeremy King','2019-04-19 02:46:34'),(3698,75,727,'Greta Gusikowski II','2019-04-19 02:46:34'),(3699,24,824,'Keely Schuster','2019-04-19 02:46:34'),(3700,17,288,'Georgiana Legros','2019-04-19 02:46:34'),(3701,47,483,'Felipa Schoen','2019-04-19 02:46:35'),(3702,22,1542,'Jerrell Swift','2019-04-19 02:46:35'),(3703,28,1200,'Eino Stroman','2019-04-19 02:46:35'),(3704,13,1472,'Sterling Simonis','2019-04-19 02:46:35'),(3705,51,1604,'Donny Lebsack','2019-04-19 02:46:35'),(3706,89,719,'Jarret Mohr PhD','2019-04-19 02:46:35'),(3707,10,1800,'Prof. Arnaldo Greenholt Sr.','2019-04-19 02:46:35'),(3708,49,1978,'Dr. Angeline Leuschke','2019-04-19 02:46:35'),(3709,82,1141,'Otis Renner','2019-04-19 02:46:36'),(3710,70,462,'Christ Cormier','2019-04-19 02:46:36'),(3711,52,255,'Mr. Reymundo Kilback','2019-04-19 02:46:36'),(3712,62,1402,'Dr. Mariah Donnelly I','2019-04-19 02:46:36'),(3713,81,444,'Reba Tremblay','2019-04-19 02:46:36'),(3714,21,117,'Stephany Cole','2019-04-19 02:46:36'),(3715,14,616,'Prof. Viola Brekke','2019-04-19 02:46:36'),(3716,69,1218,'Enola Jacobs','2019-04-19 02:46:36'),(3717,82,1788,'Newton Beer','2019-04-19 02:46:36'),(3718,54,1290,'Gregg Rosenbaum V','2019-04-19 02:46:37'),(3719,52,1151,'Dax Jerde','2019-04-19 02:46:37'),(3720,14,460,'Janelle Wyman','2019-04-19 02:46:37'),(3721,62,1714,'Gust Becker DDS','2019-04-19 02:46:38'),(3722,31,1060,'Stanford Bashirian','2019-04-19 02:46:38'),(3723,82,1924,'Bernhard Schuppe','2019-04-19 02:46:38'),(3724,16,1204,'Antwan Bradtke','2019-04-19 02:46:38'),(3725,16,1646,'Patience Sporer','2019-04-19 02:46:38'),(3726,41,865,'Lacy Marvin','2019-04-19 02:46:39'),(3727,87,710,'Mr. Christopher Hoppe DDS','2019-04-19 02:46:39'),(3728,47,741,'Benton Langosh','2019-04-19 02:46:39'),(3729,57,1405,'Deron Fisher','2019-04-19 02:46:39'),(3730,41,1149,'Tressa Morissette','2019-04-19 02:46:39'),(3731,46,32,'Fabian Kuhlman','2019-04-19 02:46:39'),(3732,13,544,'Joanne Emard','2019-04-19 02:46:39'),(3733,28,1948,'Malika Mueller','2019-04-19 02:46:39'),(3734,77,63,'Otho Rath','2019-04-19 02:46:39'),(3735,64,1951,'Aditya Mraz PhD','2019-04-19 02:46:40'),(3736,51,436,'Alfonso Sauer DVM','2019-04-19 02:46:40'),(3737,71,724,'Emory Kulas','2019-04-19 02:46:40'),(3738,58,197,'Jessy Heller','2019-04-19 02:46:40'),(3739,70,1892,'Imogene Schmeler','2019-04-19 02:46:40'),(3740,68,1257,'Miss Bethany Bayer V','2019-04-19 02:46:40'),(3741,22,1038,'Justina Hodkiewicz','2019-04-19 02:46:40'),(3742,52,279,'Leslie Schimmel','2019-04-19 02:46:40'),(3743,62,1024,'Prof. Lonzo Ritchie V','2019-04-19 02:46:40'),(3744,88,1619,'Payton Kerluke','2019-04-19 02:46:41'),(3745,30,1606,'Yesenia Schmeler','2019-04-19 02:46:41'),(3746,19,523,'Fred Jenkins','2019-04-19 02:46:41'),(3747,39,980,'Tyrell Terry Jr.','2019-04-19 02:46:41'),(3748,43,1656,'Dr. Terrell Roob','2019-04-19 02:46:41'),(3749,4,1423,'Sigmund Carter III','2019-04-19 02:46:41'),(3750,50,1854,'Howell Wiegand','2019-04-19 02:46:41'),(3751,51,1253,'Luciano Terry','2019-04-19 02:46:41'),(3752,50,1497,'Miss Camille Stanton I','2019-04-19 02:46:41'),(3753,60,152,'Harold Zulauf','2019-04-19 02:46:42'),(3754,93,353,'Dr. Brown Schuster','2019-04-19 02:46:42'),(3755,64,1142,'Duncan Purdy','2019-04-19 02:46:42'),(3756,72,1792,'Prof. Charley Labadie MD','2019-04-19 02:46:42'),(3757,101,1998,'Emiliano Goyette','2019-04-19 02:46:42'),(3758,86,785,'Zelda Bahringer PhD','2019-04-19 02:46:42'),(3759,25,1456,'Dejon Upton','2019-04-19 02:46:43'),(3760,24,285,'Dr. Harvey Volkman II','2019-04-19 02:46:43'),(3761,41,761,'Chelsie Cronin','2019-04-19 02:46:43'),(3762,87,175,'Elisabeth Thiel','2019-04-19 02:46:43'),(3763,11,1399,'Nathanial Kub','2019-04-19 02:46:43'),(3764,77,1356,'Miss Crystal Toy Sr.','2019-04-19 02:46:43'),(3765,19,323,'Kacie Veum','2019-04-19 02:46:43'),(3766,43,617,'Kara Dooley','2019-04-19 02:46:43'),(3767,9,1849,'Mr. Roy Wintheiser','2019-04-19 02:46:44'),(3768,78,1423,'Cristian Fay Sr.','2019-04-19 02:46:44'),(3769,57,86,'Ms. Wanda Runolfsson MD','2019-04-19 02:46:44'),(3770,86,250,'Gabriella Gorczany','2019-04-19 02:46:44'),(3771,15,1309,'Dr. Isabelle Purdy','2019-04-19 02:46:44'),(3772,102,280,'Ms. Keira Thompson PhD','2019-04-19 02:46:44'),(3773,97,1584,'Mrs. Valentine Ferry','2019-04-19 02:46:44'),(3774,5,1618,'Hank Rice','2019-04-19 02:46:44'),(3775,9,676,'Amparo Ullrich','2019-04-19 02:46:44'),(3776,36,1879,'Murl Rath IV','2019-04-19 02:46:45'),(3777,51,77,'Mr. Rafael West','2019-04-19 02:46:45'),(3778,47,469,'Ashtyn Macejkovic I','2019-04-19 02:46:45'),(3779,53,1088,'Barbara Mayer','2019-04-19 02:46:45'),(3780,8,1508,'Guy Wolff','2019-04-19 02:46:45'),(3781,39,1457,'Alfreda Davis','2019-04-19 02:46:45'),(3782,23,1498,'Drake Deckow','2019-04-19 02:46:45'),(3783,55,1157,'Cortez Green','2019-04-19 02:46:45'),(3784,48,1559,'Lelah Funk II','2019-04-19 02:46:45'),(3785,70,415,'Harvey Price','2019-04-19 02:46:46'),(3786,63,1763,'Dr. Noemi Mills','2019-04-19 02:46:46'),(3787,37,1176,'Nova Johnson','2019-04-19 02:46:46'),(3788,23,1235,'Fatima Torphy','2019-04-19 02:46:46'),(3789,59,37,'Rudy Barrows','2019-04-19 02:46:46'),(3790,11,1230,'Aletha Daugherty','2019-04-19 02:46:46'),(3791,35,1671,'Mrs. Valerie O\'Hara','2019-04-19 02:46:47'),(3792,38,239,'Dr. Lee Pollich','2019-04-19 02:46:47'),(3793,37,1698,'Alford Leannon','2019-04-19 02:46:47'),(3794,24,45,'Kitty Waters','2019-04-19 02:46:47'),(3795,9,1962,'Dr. Vidal Jacobs DDS','2019-04-19 02:46:47'),(3796,57,534,'Joannie Zieme','2019-04-19 02:46:47'),(3797,19,309,'Ottis Strosin','2019-04-19 02:46:47'),(3798,15,1792,'Dr. Aaron Ziemann DDS','2019-04-19 02:46:48'),(3799,37,1573,'Alaina Hagenes','2019-04-19 02:46:48'),(3800,94,1448,'Dr. Price Baumbach Sr.','2019-04-19 02:46:48'),(3801,59,186,'Miss Kayla Christiansen','2019-04-19 02:46:48'),(3802,17,1554,'Jillian Hill','2019-04-19 02:46:48'),(3803,67,453,'Hector Auer','2019-04-19 02:46:49'),(3804,19,1592,'Prof. Eunice Welch','2019-04-19 02:46:49'),(3805,63,631,'Nat Steuber','2019-04-19 02:46:49'),(3806,86,1880,'Prof. Marcelo Nikolaus','2019-04-19 02:46:49'),(3807,27,1755,'Dr. Jaquelin Eichmann','2019-04-19 02:46:49'),(3808,60,1176,'Juston Thompson IV','2019-04-19 02:46:49'),(3809,9,392,'Miss Emily Brekke','2019-04-19 02:46:49'),(3810,25,832,'Prof. April Jacobs','2019-04-19 02:46:49'),(3811,88,967,'Gonzalo Lueilwitz','2019-04-19 02:46:49'),(3812,73,1946,'Jazmyn Bergnaum','2019-04-19 02:46:49'),(3813,32,258,'Lavon Stehr Jr.','2019-04-19 02:46:50'),(3814,44,170,'Keely Moore II','2019-04-19 02:46:50'),(3815,36,1912,'Electa Hansen','2019-04-19 02:46:50'),(3816,17,1682,'Jordon Hayes','2019-04-19 02:46:50'),(3817,74,1157,'Dr. Giovanni Blanda','2019-04-19 02:46:50'),(3818,58,224,'Mortimer Jakubowski','2019-04-19 02:46:50'),(3819,78,728,'Skye Monahan IV','2019-04-19 02:46:50'),(3820,100,385,'Jeromy Ryan','2019-04-19 02:46:50'),(3821,85,395,'Deven Bogisich','2019-04-19 02:46:50'),(3822,102,154,'Dr. Connor Yost MD','2019-04-19 02:46:51'),(3823,70,716,'Katrina Rau MD','2019-04-19 02:46:51'),(3824,4,1989,'Mikayla Douglas','2019-04-19 02:46:51'),(3825,56,760,'Adele Rowe','2019-04-19 02:46:51'),(3826,36,818,'Corbin Lynch','2019-04-19 02:46:51'),(3827,41,894,'Sage Schulist','2019-04-19 02:46:51'),(3828,88,1667,'Cathy Keeling','2019-04-19 02:46:51'),(3829,61,714,'Seamus Hirthe','2019-04-19 02:46:51'),(3830,23,1437,'Dr. Elissa Lesch I','2019-04-19 02:46:51'),(3831,81,1223,'Mr. Larry Weimann','2019-04-19 02:46:51'),(3832,10,1018,'Buck Kertzmann III','2019-04-19 02:46:52'),(3833,40,1754,'Elton Pollich','2019-04-19 02:46:52'),(3834,66,200,'Miss Ophelia Brekke IV','2019-04-19 02:46:52'),(3835,61,1493,'Jovany Hettinger','2019-04-19 02:46:52'),(3836,61,1544,'Ms. Georgette Gislason','2019-04-19 02:46:52'),(3837,86,979,'Rae Bogisich','2019-04-19 02:46:52'),(3838,4,78,'Jarred O\'Connell','2019-04-19 02:46:52'),(3839,80,1329,'Delilah Hettinger','2019-04-19 02:46:53'),(3840,92,1390,'Jaquan Schaefer','2019-04-19 02:46:53'),(3841,58,1242,'Bret Hodkiewicz','2019-04-19 02:46:53'),(3842,80,1064,'Laron Abbott','2019-04-19 02:46:53'),(3843,90,1063,'Dr. Mylene Lakin','2019-04-19 02:46:53'),(3844,79,1220,'Mekhi Heller','2019-04-19 02:46:53'),(3845,88,1912,'Derick Jones','2019-04-19 02:46:54'),(3846,56,1400,'Leonardo DuBuque','2019-04-19 02:46:54'),(3847,57,1689,'Johnpaul Ritchie','2019-04-19 02:46:54'),(3848,100,593,'Soledad Runte','2019-04-19 02:46:54'),(3849,11,1041,'Angel Bartell','2019-04-19 02:46:54'),(3850,63,1519,'Prof. Art Collier','2019-04-19 02:46:55'),(3851,74,1200,'Libby Gottlieb','2019-04-19 02:46:55'),(3852,83,346,'Audreanne Moore MD','2019-04-19 02:46:55'),(3853,9,1994,'Tia Rodriguez I','2019-04-19 02:46:55'),(3854,59,1855,'Lillie Pacocha','2019-04-19 02:46:55'),(3855,9,1482,'Dr. Bertha Runolfsdottir MD','2019-04-19 02:46:55'),(3856,88,239,'Eulalia Satterfield','2019-04-19 02:46:55'),(3857,102,1112,'Vesta Ebert','2019-04-19 02:46:55'),(3858,14,628,'Ansley Nitzsche','2019-04-19 02:46:55'),(3859,65,1087,'Jamison Bergstrom','2019-04-19 02:46:56'),(3860,84,32,'Mrs. Ilene Schmeler','2019-04-19 02:46:56'),(3861,73,1116,'Lenora Block','2019-04-19 02:46:56'),(3862,36,1161,'Elisha Rau','2019-04-19 02:46:56'),(3863,73,1403,'Aditya Jacobson','2019-04-19 02:46:56'),(3864,91,1649,'Rhiannon Langosh','2019-04-19 02:46:56'),(3865,102,149,'Jordane Schroeder','2019-04-19 02:46:56'),(3866,53,1367,'Mrs. Amy Legros DDS','2019-04-19 02:46:56'),(3867,101,1225,'Barney Shields','2019-04-19 02:46:56'),(3868,4,1564,'Luis Stark Sr.','2019-04-19 02:46:56'),(3869,70,676,'Henry Blick','2019-04-19 02:46:57'),(3870,35,24,'Agnes Hauck','2019-04-19 02:46:57'),(3871,18,309,'Percy Lindgren','2019-04-19 02:46:57'),(3872,57,1113,'Hubert Hodkiewicz','2019-04-19 02:46:57'),(3873,41,664,'Carolyn Mosciski','2019-04-19 02:46:57'),(3874,50,1241,'Miss Cara Gorczany','2019-04-19 02:46:57'),(3875,52,180,'Lloyd Haag','2019-04-19 02:46:57'),(3876,84,1191,'Tobin Schaden Jr.','2019-04-19 02:46:57'),(3877,4,549,'Rebeca Wintheiser','2019-04-19 02:46:57'),(3878,82,1541,'Alvera Hintz','2019-04-19 02:46:58'),(3879,40,273,'Kenya Feil I','2019-04-19 02:46:58'),(3880,69,1878,'Garret Marquardt','2019-04-19 02:46:58'),(3881,68,1414,'Dr. Giuseppe Bergstrom II','2019-04-19 02:46:58'),(3882,93,1747,'Petra Anderson','2019-04-19 02:46:58'),(3883,44,1753,'Miss Libby Sauer','2019-04-19 02:46:58'),(3884,73,126,'Prof. Patrick Kub III','2019-04-19 02:46:58'),(3885,18,237,'Misty Kertzmann','2019-04-19 02:46:58'),(3886,20,411,'Ferne Osinski','2019-04-19 02:46:58'),(3887,12,649,'Mr. Candido Witting','2019-04-19 02:46:58'),(3888,96,94,'Orrin Larkin','2019-04-19 02:46:59'),(3889,14,1150,'Minerva Schimmel','2019-04-19 02:46:59'),(3890,86,986,'Elliot Grimes IV','2019-04-19 02:46:59'),(3891,95,1119,'Mrs. Aracely Doyle','2019-04-19 02:46:59'),(3892,77,206,'Ms. Susie Wuckert Jr.','2019-04-19 02:46:59'),(3893,82,1325,'Delphia Nitzsche','2019-04-19 02:46:59'),(3894,27,1748,'Ethel Sanford','2019-04-19 02:46:59'),(3895,16,532,'Dr. Loyal VonRueden','2019-04-19 02:46:59'),(3896,21,933,'Constance Schroeder','2019-04-19 02:46:59'),(3897,87,1569,'Isabell Schowalter','2019-04-19 02:47:00'),(3898,25,1076,'Milton Kessler','2019-04-19 02:47:00'),(3899,25,442,'Annalise Pacocha','2019-04-19 02:47:00'),(3900,67,1709,'Prof. Cecilia Stark Jr.','2019-04-19 02:47:00'),(3901,73,1539,'Charlie Bayer DVM','2019-04-19 02:47:00'),(3902,46,1547,'Mr. Domenic Donnelly II','2019-04-19 02:47:00'),(3903,90,1638,'Frank Goyette','2019-04-19 02:47:00'),(3904,32,1343,'Rickie Smitham','2019-04-19 02:47:00'),(3905,13,1088,'Oswaldo Witting','2019-04-19 02:47:01'),(3906,14,220,'Luna Stoltenberg','2019-04-19 02:47:01'),(3907,48,1856,'Nicole Goodwin','2019-04-19 02:47:01'),(3908,93,670,'Prof. Charley Rowe','2019-04-19 02:47:01'),(3909,37,415,'Dr. Angus Shanahan','2019-04-19 02:47:01'),(3910,77,921,'Jed Cronin','2019-04-19 02:47:01'),(3911,88,1535,'Laurie Zieme Sr.','2019-04-19 02:47:01'),(3912,50,1381,'Melba Torphy','2019-04-19 02:47:02'),(3913,75,1566,'Eileen Schmeler','2019-04-19 02:47:02'),(3914,12,777,'Marilou Prohaska Sr.','2019-04-19 02:47:02'),(3915,59,547,'Lauretta Ledner','2019-04-19 02:47:02'),(3916,56,1283,'Prof. Dallas Steuber','2019-04-19 02:47:02'),(3917,78,1549,'Giovanna Denesik II','2019-04-19 02:47:02'),(3918,94,1496,'Miss Esta Wisozk MD','2019-04-19 02:47:02'),(3919,7,948,'Mr. Gussie Hahn PhD','2019-04-19 02:47:03'),(3920,89,802,'Frederique Stroman II','2019-04-19 02:47:03'),(3921,97,729,'Prof. Timothy Kohler','2019-04-19 02:47:03'),(3922,73,1365,'Lisa Hoppe','2019-04-19 02:47:03'),(3923,92,1661,'Mr. Selmer Keeling','2019-04-19 02:47:03'),(3924,47,1142,'Frederik Corwin','2019-04-19 02:47:03'),(3925,77,466,'Ernesto Windler','2019-04-19 02:47:03'),(3926,26,145,'Edmund Wiza DVM','2019-04-19 02:47:03'),(3927,6,813,'Tomasa Adams','2019-04-19 02:47:04'),(3928,71,455,'Aisha McGlynn','2019-04-19 02:47:04'),(3929,67,1612,'Prof. Eloise Fay','2019-04-19 02:47:04'),(3930,37,1057,'Alexzander Ernser Sr.','2019-04-19 02:47:04'),(3931,26,1382,'Dr. Abigail Hartmann','2019-04-19 02:47:04'),(3932,29,170,'Darby Jacobs','2019-04-19 02:47:04'),(3933,96,1046,'Jennie Schimmel','2019-04-19 02:47:04'),(3934,73,1607,'Wilton Gusikowski','2019-04-19 02:47:05'),(3935,69,1416,'Rogers Dickens I','2019-04-19 02:47:05'),(3936,62,1018,'Tessie Reilly','2019-04-19 02:47:05'),(3937,47,1187,'Jovan Predovic','2019-04-19 02:47:05'),(3938,45,165,'Millie Pfannerstill','2019-04-19 02:47:05'),(3939,12,1991,'Mr. Corbin Mitchell I','2019-04-19 02:47:05'),(3940,12,1492,'Asha Koepp','2019-04-19 02:47:05'),(3941,55,1546,'Dr. Brown Schmitt MD','2019-04-19 02:47:05'),(3942,95,1352,'Janet Macejkovic','2019-04-19 02:47:06'),(3943,59,73,'Johnnie Kutch','2019-04-19 02:47:06'),(3944,70,1841,'Skye Walsh PhD','2019-04-19 02:47:06'),(3945,56,1961,'Prof. Jerad Jacobs DVM','2019-04-19 02:47:06'),(3946,29,499,'Nona Effertz','2019-04-19 02:47:06'),(3947,95,489,'Cierra Haley','2019-04-19 02:47:07'),(3948,52,1834,'Herminio Parisian','2019-04-19 02:47:07'),(3949,76,53,'Alaina Hauck','2019-04-19 02:47:07'),(3950,76,1732,'Joanne West','2019-04-19 02:47:07'),(3951,56,779,'Carmen Ziemann','2019-04-19 02:47:07'),(3952,20,1863,'Rocky Hessel','2019-04-19 02:47:07'),(3953,11,457,'Lyric Bartoletti PhD','2019-04-19 02:47:07'),(3954,24,978,'Daphnee Kilback','2019-04-19 02:47:07'),(3955,11,432,'Dr. Maxime Parker','2019-04-19 02:47:08'),(3956,90,916,'Mr. Keshawn Feest','2019-04-19 02:47:08'),(3957,77,1568,'Muhammad Dickens','2019-04-19 02:47:08'),(3958,41,434,'Kaya Hoppe','2019-04-19 02:47:08'),(3959,25,1461,'Brock Schaefer','2019-04-19 02:47:08'),(3960,103,1678,'Sheridan Bechtelar','2019-04-19 02:47:08'),(3961,90,1595,'Dr. Lamont Pacocha IV','2019-04-19 02:47:08'),(3962,9,1897,'Mariam Shields','2019-04-19 02:47:08'),(3963,102,869,'Beryl Swaniawski','2019-04-19 02:47:08'),(3964,70,238,'Dorothea Zemlak MD','2019-04-19 02:47:09'),(3965,102,704,'Jedediah Gerhold','2019-04-19 02:47:09'),(3966,63,1561,'Amya Nitzsche','2019-04-19 02:47:09'),(3967,43,888,'Cordell Breitenberg Sr.','2019-04-19 02:47:09'),(3968,45,468,'Solon Emard I','2019-04-19 02:47:09'),(3969,101,334,'Mae Rice','2019-04-19 02:47:09'),(3970,94,84,'Fermin Brakus','2019-04-19 02:47:09'),(3971,81,133,'Destin Abbott','2019-04-19 02:47:10'),(3972,51,1985,'Mrs. Maegan Huels Jr.','2019-04-19 02:47:10'),(3973,7,1219,'Joy Lindgren','2019-04-19 02:47:10'),(3974,15,87,'Alphonso Shanahan','2019-04-19 02:47:11'),(3975,83,1932,'Freeman Bernier MD','2019-04-19 02:47:11'),(3976,33,1821,'Eliezer Rutherford III','2019-04-19 02:47:11'),(3977,28,1383,'Mr. Jabari Bergstrom IV','2019-04-19 02:47:11'),(3978,73,643,'Kaylie Keeling','2019-04-19 02:47:11'),(3979,41,1312,'Heather Glover','2019-04-19 02:47:11'),(3980,52,1404,'Ceasar Lemke','2019-04-19 02:47:11'),(3981,53,590,'Kim Runolfsdottir','2019-04-19 02:47:11'),(3982,98,132,'Prof. Grayson Wunsch Jr.','2019-04-19 02:47:12'),(3983,16,494,'Prof. Randall Rohan','2019-04-19 02:47:12'),(3984,86,1939,'Justice Schmeler III','2019-04-19 02:47:12'),(3985,66,1794,'Opal Bins','2019-04-19 02:47:12'),(3986,71,933,'Rex Breitenberg','2019-04-19 02:47:12'),(3987,31,1758,'Edmund Kuhlman','2019-04-19 02:47:12'),(3988,46,1259,'Dominic Smitham','2019-04-19 02:47:13'),(3989,17,1580,'Diamond Zemlak','2019-04-19 02:47:13'),(3990,21,603,'Brent O\'Conner','2019-04-19 02:47:13'),(3991,37,1947,'Hardy Windler','2019-04-19 02:47:13'),(3992,36,78,'Braxton Bogisich','2019-04-19 02:47:13'),(3993,89,531,'Keara Lind PhD','2019-04-19 02:47:13'),(3994,87,239,'John Lubowitz','2019-04-19 02:47:13'),(3995,62,1777,'Angela Johns','2019-04-19 02:47:13'),(3996,39,563,'Pasquale Christiansen','2019-04-19 02:47:13'),(3997,100,1265,'Miss Sydnee Satterfield V','2019-04-19 02:47:13'),(3998,81,597,'Mr. Alexys Stehr','2019-04-19 02:47:14'),(3999,94,1015,'Dr. Andreanne Kovacek','2019-04-19 02:47:14'),(4000,19,1369,'Dr. Avery Labadie V','2019-04-19 02:47:14');
/*!40000 ALTER TABLE `resposta` ENABLE KEYS */;
UNLOCK TABLES;

--
-- Table structure for table `tipo_usuario`
--

DROP TABLE IF EXISTS `tipo_usuario`;
/*!40101 SET @saved_cs_client     = @@character_set_client */;
/*!40101 SET character_set_client = utf8 */;
CREATE TABLE `tipo_usuario` (
  `ID_TIPO_USUARIO` int(11) NOT NULL AUTO_INCREMENT,
  `TIPO_USUARIO` char(1) NOT NULL,
  PRIMARY KEY (`ID_TIPO_USUARIO`),
  KEY `FK_TIPO_USER` (`TIPO_USUARIO`)
) ENGINE=InnoDB AUTO_INCREMENT=4 DEFAULT CHARSET=utf8;
/*!40101 SET character_set_client = @saved_cs_client */;

--
-- Dumping data for table `tipo_usuario`
--

LOCK TABLES `tipo_usuario` WRITE;
/*!40000 ALTER TABLE `tipo_usuario` DISABLE KEYS */;
INSERT INTO `tipo_usuario` VALUES (1,'A'),(3,'F'),(2,'P');
/*!40000 ALTER TABLE `tipo_usuario` ENABLE KEYS */;
UNLOCK TABLES;

--
-- Table structure for table `tipousuarios`
--

DROP TABLE IF EXISTS `tipousuarios`;
/*!40101 SET @saved_cs_client     = @@character_set_client */;
/*!40101 SET character_set_client = utf8 */;
CREATE TABLE `tipousuarios` (
  `id` int(10) unsigned NOT NULL AUTO_INCREMENT,
  `created_at` timestamp NULL DEFAULT NULL,
  `updated_at` timestamp NULL DEFAULT NULL,
  `first_name` varchar(255) COLLATE utf8mb4_unicode_ci NOT NULL,
  `last_name` varchar(255) COLLATE utf8mb4_unicode_ci NOT NULL,
  `email` varchar(255) COLLATE utf8mb4_unicode_ci NOT NULL,
  `job_title` varchar(255) COLLATE utf8mb4_unicode_ci NOT NULL,
  `city` varchar(255) COLLATE utf8mb4_unicode_ci NOT NULL,
  `country` varchar(255) COLLATE utf8mb4_unicode_ci NOT NULL,
  PRIMARY KEY (`id`)
) ENGINE=InnoDB DEFAULT CHARSET=utf8mb4 COLLATE=utf8mb4_unicode_ci;
/*!40101 SET character_set_client = @saved_cs_client */;

--
-- Dumping data for table `tipousuarios`
--

LOCK TABLES `tipousuarios` WRITE;
/*!40000 ALTER TABLE `tipousuarios` DISABLE KEYS */;
/*!40000 ALTER TABLE `tipousuarios` ENABLE KEYS */;
UNLOCK TABLES;

--
-- Table structure for table `usuario`
--

DROP TABLE IF EXISTS `usuario`;
/*!40101 SET @saved_cs_client     = @@character_set_client */;
/*!40101 SET character_set_client = utf8 */;
CREATE TABLE `usuario` (
  `ID_USUARIO` int(11) NOT NULL AUTO_INCREMENT,
  `EMAIL` varchar(100) NOT NULL,
  `CURSO` varchar(60) DEFAULT NULL,
  `SEMESTRE` int(11) DEFAULT NULL,
  `TIPO_USUARIO` char(1) NOT NULL,
  PRIMARY KEY (`ID_USUARIO`),
  UNIQUE KEY `EMAIL` (`EMAIL`),
  KEY `FK_USER_TIPO_USER` (`TIPO_USUARIO`),
  KEY `FK_RESP_ID_USUARIO` (`ID_USUARIO`),
  CONSTRAINT `FK_TIPO_USER` FOREIGN KEY (`TIPO_USUARIO`) REFERENCES `tipo_usuario` (`TIPO_USUARIO`)
) ENGINE=InnoDB AUTO_INCREMENT=104 DEFAULT CHARSET=utf8;
/*!40101 SET character_set_client = @saved_cs_client */;

--
-- Dumping data for table `usuario`
--

LOCK TABLES `usuario` WRITE;
/*!40000 ALTER TABLE `usuario` DISABLE KEYS */;
INSERT INTO `usuario` VALUES (4,'marquise52@example.net','Mr. Eddie Jast',2,'P'),(5,'brielle.morissette@example.org','Dr. Esteban Collier PhD',8,'A'),(6,'trudie17@example.org','Domenick Monahan',5,'A'),(7,'kiera16@example.net','Caleb Hickle II',5,'A'),(8,'nsipes@example.org','Robin Ledner',6,'P'),(9,'mcdermott.clare@example.net','Dr. Iva Grant V',6,'F'),(10,'damore.jessy@example.net','Mr. Elias Klocko',8,'F'),(11,'jrussel@example.net','Eudora Mann DDS',7,'A'),(12,'elvie.parker@example.org','Dorris Purdy',8,'P'),(13,'ortiz.ryder@example.org','Lavinia Rowe',5,'P'),(14,'oconnelly@example.org','Billie Walker',5,'P'),(15,'clemmie.okeefe@example.com','Amparo Hamill PhD',8,'A'),(16,'zane.dooley@example.net','Santiago O\'Conner',1,'F'),(17,'little.georgette@example.com','Mohammed Dach',3,'P'),(18,'renner.elnora@example.org','Heather Pouros',5,'F'),(19,'taryn21@example.org','Elouise Collins',7,'P'),(20,'erempel@example.com','Aimee Waters',8,'F'),(21,'brando27@example.net','Taya Johns',7,'F'),(22,'karen97@example.org','Maci Goldner V',3,'F'),(23,'lester03@example.com','Mr. Garnett Herman I',7,'A'),(24,'ondricka.eldora@example.net','Humberto Rogahn III',6,'P'),(25,'spinka.wilson@example.com','Caesar Hickle',7,'P'),(26,'jfriesen@example.net','Jo Beer',6,'A'),(27,'thurman54@example.com','Helga Howe PhD',4,'P'),(28,'conn.karlie@example.com','Margarita Emmerich',6,'A'),(29,'ritchie.pansy@example.net','Gennaro Metz',5,'F'),(30,'lconnelly@example.net','Prof. Norval Lemke MD',7,'P'),(31,'ezboncak@example.net','Keely Roberts',1,'P'),(32,'delfina99@example.net','Noel Haag II',7,'F'),(33,'bernier.pasquale@example.com','Ernesto McClure',7,'P'),(34,'gulgowski.ayden@example.net','Emerald Kihn DDS',2,'F'),(35,'michaela.rau@example.com','Dolores Schmidt',1,'A'),(36,'gottlieb.blaze@example.com','Kimberly Jones',1,'A'),(37,'kunze.margarette@example.net','Dr. Jovany Lubowitz DVM',8,'P'),(38,'erussel@example.org','Kevin Schaefer',6,'P'),(39,'daniella77@example.net','Easton Daniel PhD',6,'F'),(40,'ireichel@example.net','Mrs. Kailyn Lebsack Jr.',8,'P'),(41,'kertzmann.david@example.net','Dr. Titus Stroman MD',6,'F'),(42,'hilpert.lorenzo@example.com','Neoma Boyle Jr.',5,'F'),(43,'darryl.kuvalis@example.net','Ms. Neha Hansen',6,'A'),(44,'herzog.malvina@example.net','Mr. Derrick Williamson MD',8,'A'),(45,'osmith@example.net','Mrs. Candice Lindgren',1,'F'),(46,'ebert.quinten@example.org','Mr. Gustave Walsh V',8,'F'),(47,'florine.lebsack@example.com','Prof. Tatyana Cole DDS',7,'F'),(48,'tyra10@example.org','Ulises Gutmann II',7,'P'),(49,'gonzalo25@example.com','Dr. Jeramy Rutherford PhD',1,'P'),(50,'blanda.danny@example.net','Anastasia Goyette',3,'A'),(51,'domingo.watsica@example.net','Valerie Grimes',4,'P'),(52,'carmela34@example.net','Nia Wisozk',5,'A'),(53,'lois.lowe@example.com','Guadalupe Lang',8,'P'),(54,'mckenzie.glenna@example.org','Vivienne Greenfelder',7,'P'),(55,'thahn@example.net','Santos Boyle',1,'A'),(56,'mable68@example.net','Stefan Balistreri DDS',1,'A'),(57,'lkonopelski@example.com','Pierre Cummerata',3,'A'),(58,'marks.hailie@example.com','Rodrigo Brown',1,'A'),(59,'sanford.bernardo@example.net','Lorenz Emmerich I',3,'P'),(60,'mariam.rempel@example.net','Delpha Lockman',4,'P'),(61,'pfannerstill.sarai@example.net','Otha Schaefer',2,'P'),(62,'ardith.kshlerin@example.org','Lenore Hartmann',3,'F'),(63,'lzemlak@example.com','Desiree Boehm',3,'F'),(64,'simonis.casimir@example.org','Alden Okuneva I',2,'F'),(65,'iliana33@example.org','Ms. Janae Hane',2,'A'),(66,'ken.gibson@example.net','Pamela Beahan',2,'P'),(67,'brakus.roberto@example.net','Mr. Jarred Reinger PhD',3,'A'),(68,'aleen.boehm@example.com','Conor Wehner',2,'F'),(69,'toy.macejkovic@example.com','Zella Nicolas PhD',7,'P'),(70,'bwitting@example.org','Ambrose Hansen',3,'A'),(71,'gene00@example.com','Kennedy Rohan',2,'F'),(72,'amiya.balistreri@example.net','Anika Koepp',5,'P'),(73,'bradly77@example.org','Reed Stroman',8,'F'),(74,'bauch.dixie@example.com','Andre Brekke',4,'F'),(75,'fritchie@example.com','Callie Harber',8,'A'),(76,'brook96@example.org','Ms. Zita Wunsch',8,'A'),(77,'jason.bayer@example.net','Myriam Crist IV',8,'A'),(78,'shayne.murphy@example.com','Mrs. Margaret Carter I',6,'A'),(79,'bella.fadel@example.com','Jo Koss',2,'P'),(80,'pierce38@example.com','Mr. Shad Labadie V',8,'P'),(81,'myrtice.johns@example.com','Mose Koelpin',3,'P'),(82,'gerson.runte@example.com','Dr. Rosario Effertz',5,'F'),(83,'connelly.kamryn@example.net','Reina Huel',1,'P'),(84,'nconroy@example.com','Nelda Cole',2,'A'),(85,'mvonrueden@example.net','Arnulfo Doyle',3,'A'),(86,'murphy47@example.net','Chelsea Abernathy',7,'F'),(87,'jewel86@example.com','Joanny Ritchie',3,'F'),(88,'bill03@example.org','Geoffrey Bechtelar',5,'F'),(89,'jstanton@example.com','Hank Wyman III',7,'P'),(90,'zion41@example.net','Miss Nikki Lubowitz PhD',3,'P'),(91,'wolf.santiago@example.org','Dr. Olga McGlynn V',2,'A'),(92,'joanny98@example.org','Ms. Savanah Gislason',8,'P'),(93,'estell26@example.com','Corbin Streich V',1,'A'),(94,'katrina.balistreri@example.net','Dino Goyette',5,'A'),(95,'garnet.deckow@example.net','Vesta Considine',2,'F'),(96,'nschmitt@example.org','April Bayer',6,'F'),(97,'considine.delilah@example.net','Lizzie Ondricka',7,'A'),(98,'bosco.jaron@example.org','Dillan Schroeder I',5,'A'),(99,'cathryn28@example.net','Nikki Konopelski',2,'F'),(100,'ada72@example.com','Meaghan Hintz',3,'A'),(101,'hmertz@example.com','Kay Fisher',5,'A'),(102,'tabshire@example.com','Mr. Luther Senger',8,'P'),(103,'awalker@example.net','Birdie Swift',1,'P');
/*!40000 ALTER TABLE `usuario` ENABLE KEYS */;
UNLOCK TABLES;

--
-- Table structure for table `usuarios`
--

DROP TABLE IF EXISTS `usuarios`;
/*!40101 SET @saved_cs_client     = @@character_set_client */;
/*!40101 SET character_set_client = utf8 */;
CREATE TABLE `usuarios` (
  `id` int(10) unsigned NOT NULL AUTO_INCREMENT,
  `created_at` timestamp NULL DEFAULT NULL,
  `updated_at` timestamp NULL DEFAULT NULL,
  `first_name` varchar(255) COLLATE utf8mb4_unicode_ci NOT NULL,
  `last_name` varchar(255) COLLATE utf8mb4_unicode_ci NOT NULL,
  `email` varchar(255) COLLATE utf8mb4_unicode_ci NOT NULL,
  `job_title` varchar(255) COLLATE utf8mb4_unicode_ci NOT NULL,
  `city` varchar(255) COLLATE utf8mb4_unicode_ci NOT NULL,
  `country` varchar(255) COLLATE utf8mb4_unicode_ci NOT NULL,
  PRIMARY KEY (`id`)
) ENGINE=InnoDB DEFAULT CHARSET=utf8mb4 COLLATE=utf8mb4_unicode_ci;
/*!40101 SET character_set_client = @saved_cs_client */;

--
-- Dumping data for table `usuarios`
--

LOCK TABLES `usuarios` WRITE;
/*!40000 ALTER TABLE `usuarios` DISABLE KEYS */;
/*!40000 ALTER TABLE `usuarios` ENABLE KEYS */;
UNLOCK TABLES;
/*!40103 SET TIME_ZONE=@OLD_TIME_ZONE */;

/*!40101 SET SQL_MODE=@OLD_SQL_MODE */;
/*!40014 SET FOREIGN_KEY_CHECKS=@OLD_FOREIGN_KEY_CHECKS */;
/*!40014 SET UNIQUE_CHECKS=@OLD_UNIQUE_CHECKS */;
/*!40101 SET CHARACTER_SET_CLIENT=@OLD_CHARACTER_SET_CLIENT */;
/*!40101 SET CHARACTER_SET_RESULTS=@OLD_CHARACTER_SET_RESULTS */;
/*!40101 SET COLLATION_CONNECTION=@OLD_COLLATION_CONNECTION */;
/*!40111 SET SQL_NOTES=@OLD_SQL_NOTES */;

-- Dump completed on 2019-04-23 17:46:35